C:\GBW_MyPrograms\PredSimResults\gait1018_esmac\gait1018_esmac_v37.mot
version=1
nRows=200
nColumns=29
inDegrees=yes
endheader
                time	         pelvis_tilt	           pelvis_tx	           pelvis_ty	       hip_flexion_l	       hip_flexion_r	        knee_angle_l	        knee_angle_r	       ankle_angle_l	       ankle_angle_r	    lumbar_extension	hamstrings_r/activation	bifemsh_r/activation	glut_max_r/activation	iliopsoas_r/activation	rect_fem_r/activation	  vasti_r/activation	gastroc_r/activation	 soleus_r/activation	tib_ant_r/activation	hamstrings_l/activation	bifemsh_l/activation	glut_max_l/activation	iliopsoas_l/activation	rect_fem_l/activation	  vasti_l/activation	gastroc_l/activation	 soleus_l/activation	tib_ant_l/activation	
          0.00000000	         -8.32219709	          0.00000000	          0.89248338	         -4.74283285	         34.59649272	        -16.59303408	        -13.48541467	          7.81747253	         11.13345835	          1.54192252	          0.13236186	          0.01134399	          0.06961254	          0.01634773	          0.01406084	          0.03735789	          0.01172153	          0.01323673	          0.20733729	          0.01000027	          0.01000183	          0.01438951	          0.02592713	          0.10068863	          0.09526105	          0.22830962	          0.29529417	          0.01000004	
          0.01032628	         -8.27532317	          0.01569451	          0.89183258	         -5.20588119	         33.91502699	        -17.55427218	        -13.20799717	          6.62562333	         10.54881818	          1.81191747	          0.11292731	          0.01000243	          0.10250850	          0.01394735	          0.01199631	          0.07604894	          0.01000047	          0.01129316	          0.28474388	          0.01000603	          0.01001528	          0.03186878	          0.02212021	          0.08590417	          0.10193539	          0.19478865	          0.25332804	          0.01000005	
          0.02065256	         -8.22547547	          0.03165609	          0.89119228	         -5.51682504	         33.15650946	        -18.79119385	        -13.48719722	          5.28291348	          9.65737496	          2.11254536	          0.09634579	          0.01000098	          0.08745694	          0.01189944	          0.01032902	          0.12298358	          0.01609737	          0.01540067	          0.30185913	          0.02211555	          0.01175425	          0.11440494	          0.01887230	          0.07329058	          0.08696804	          0.16618710	          0.21613092	          0.01000005	
          0.03097884	         -8.17535675	          0.04772617	          0.89069275	         -5.65855079	         32.31045073	        -20.29002976	        -13.86169827	          3.71581844	          8.81091462	          2.42700377	          0.08219899	          0.01374215	          0.10439464	          0.01015224	          0.01000012	          0.14862434	          0.01373376	          0.01313934	          0.43954648	          0.01886852	          0.01002893	          0.17558404	          0.01610125	          0.06252912	          0.09189941	          0.14178521	          0.18439558	          0.01000004	
          0.04130513	         -8.12913227	          0.06365479	          0.89052296	         -5.62223272	         31.50408884	        -21.99078475	        -14.28080925	          1.81707501	          7.91768079	          2.72848244	          0.07012945	          0.01172459	          0.12849005	          0.01000009	          0.01000034	          0.20626854	          0.01171727	          0.01121013	          0.48304440	          0.01609825	          0.01000199	          0.18874164	          0.01373713	          0.05334783	          0.07840572	          0.12096634	          0.15732006	          0.01000003	
          0.05163141	         -8.08817327	          0.07928388	          0.89078177	         -5.38238122	         30.79824324	        -23.89341623	        -14.85889001	         -0.48285995	          7.22923360	          2.99910617	          0.05983248	          0.01000356	          0.16057882	          0.01000013	          0.01000028	          0.26063466	          0.01000076	          0.01807298	          0.54188459	          0.01373528	          0.01000252	          0.16540705	          0.01172025	          0.04551467	          0.06689319	          0.10320439	          0.13422015	          0.01000010	
          0.06195769	         -8.05328927	          0.09456004	          0.89144412	         -4.92194129	         30.12822344	        -26.01598389	        -15.47813342	         -3.08970126	          6.78999823	          3.23389266	          0.06356120	          0.01000133	          0.18552699	          0.01000011	          0.01000025	          0.30578592	          0.01001049	          0.02065741	          0.57779365	          0.01600835	          0.01000216	          0.14111978	          0.01000064	          0.03883170	          0.05707104	          0.08805049	          0.11451209	          0.21943205	
          0.07228397	         -8.02514151	          0.10942653	          0.89234513	         -4.28032759	         29.43699571	        -28.28741468	        -16.02540281	         -5.35604688	          6.55857388	          3.42686234	          0.06214166	          0.01000104	          0.19345805	          0.01000008	          0.01000018	          0.33084301	          0.01000041	          0.01812169	          0.59596315	          0.01365879	          0.01000500	          0.12039866	          0.01000045	          0.03313019	          0.04869111	          0.07512171	          0.09769784	          0.18721200	
          0.08261025	         -8.00409590	          0.12386228	          0.89340246	         -3.50923624	         28.70756289	        -30.53014023	        -16.46046175	         -6.50566310	          6.47278659	          3.57613490	          0.06432822	          0.01000133	          0.18505375	          0.01000009	          0.01000021	          0.33564146	          0.01000055	          0.02212230	          0.59828387	          0.01165496	          0.01000153	          0.10272008	          0.01000064	          0.02826625	          0.04154163	          0.06409131	          0.08335249	          0.20510561	
          0.09293653	         -7.98927107	          0.13788943	          0.89463201	         -2.59968605	         27.94338123	        -32.75891882	        -16.78836087	         -7.00072766	          6.49032873	          3.68396905	          0.06428519	          0.01000135	          0.17215218	          0.01000010	          0.01000022	          0.33000322	          0.01000036	          0.03082131	          0.58822986	          0.01131580	          0.01000507	          0.08763731	          0.01000063	          0.02416688	          0.03544193	          0.05468056	          0.07111353	          0.23109253	
          0.10326282	         -7.97973211	          0.15153919	          0.89601307	         -1.55258455	         27.15423133	        -34.97908064	        -17.02850445	         -7.08604550	          6.59288243	          3.75355179	          0.06446019	          0.01000099	          0.16249081	          0.01000009	          0.01000023	          0.31692515	          0.01000050	          0.03974171	          0.57380231	          0.01874892	          0.01000292	          0.07476920	          0.01000052	          0.05793457	          0.03023786	          0.04665166	          0.06067167	          0.23225837	
          0.11358910	         -7.97467241	          0.16485304	          0.89750833	         -0.38282812	         26.34687495	        -37.16384194	        -17.19813755	         -6.88746373	          6.77455134	          3.78940115	          0.06381724	          0.01000131	          0.15056863	          0.01000010	          0.01000024	          0.30025444	          0.01000018	          0.05023825	          0.55246525	          0.02489378	          0.01358833	          0.06379056	          0.01000064	          0.08644279	          0.02579793	          0.03980171	          0.05176303	          0.22344105	
          0.12391538	         -7.97334919	          0.17787353	          0.89907445	          0.89087341	         25.52582281	        -39.27743856	        -17.30980067	         -6.50162106	          7.02795411	          3.79614012	          0.06218376	          0.01000098	          0.14113730	          0.01000010	          0.01000028	          0.28423769	          0.01000028	          0.06574678	          0.51831723	          0.02667699	          0.02466811	          0.05442396	          0.01000086	          0.11022402	          0.02200993	          0.03395756	          0.04416248	          0.20660341	
          0.13424166	         -7.97493436	          0.19063526	          0.90067765	          2.25128699	         24.69226465	        -41.28885823	        -17.36938318	         -5.97515640	          7.34484405	          3.77719799	          0.06086530	          0.01000098	          0.13343100	          0.01000010	          0.01000029	          0.26665171	          0.01000029	          0.07931342	          0.48424410	          0.02277873	          0.03908055	          0.04643269	          0.01000088	          0.12807887	          0.01877814	          0.02897151	          0.03767794	          0.19056472	
          0.14456794	         -7.97831408	          0.20316965	          0.90228988	          3.68153941	         23.84259704	        -43.16760195	        -17.37002606	         -5.35134718	          7.67691600	          3.73519632	          0.05888258	          0.01000101	          0.12409347	          0.01000011	          0.01000031	          0.24797931	          0.01000026	          0.09317282	          0.45181555	          0.01943439	          0.05314459	          0.03961480	          0.01000121	          0.14053031	          0.01602089	          0.02471756	          0.03214555	          0.17438315	
          0.15489422	         -7.98241567	          0.21550470	          0.90387933	          5.16646050	         22.97576176	        -44.89055047	        -17.31126379	         -4.65165235	          7.99290219	          3.67230519	          0.05601459	          0.01000098	          0.11419925	          0.01000011	          0.01000035	          0.22937153	          0.01000025	          0.10679351	          0.42256661	          0.01658091	          0.06810620	          0.03379802	          0.01000187	          0.14714953	          0.01366850	          0.02108823	          0.02742550	          0.16014380	
          0.16522050	         -7.98629060	          0.22766385	          0.90541286	          6.69355193	         22.09402782	        -46.44398211	        -17.20084044	         -3.89053726	          8.28567970	          3.59023193	          0.05258076	          0.01000095	          0.10414739	          0.01000012	          0.01000041	          0.21184928	          0.01000023	          0.12020306	          0.39580924	          0.01414638	          0.08371596	          0.02883533	          0.01066749	          0.14782831	          0.01166154	          0.01799180	          0.02339852	          0.14761335	
          0.17554679	         -7.98913634	          0.23966687	          0.90685958	          8.25281053	         21.20045636	        -47.82249080	        -17.04814413	         -3.07569450	          8.55604160	          3.49036837	          0.04838635	          0.01000087	          0.09632550	          0.01000013	          0.01000050	          0.19590457	          0.01000069	          0.13298919	          0.37175095	          0.01206931	          0.09932843	          0.02460134	          0.01509803	          0.14366691	          0.01000011	          0.01535003	          0.01996283	          0.13715604	
          0.18587307	         -7.99037801	          0.25153046	          0.90819380	          9.83643592	         20.29731705	        -49.02642778	        -16.85941721	         -2.21364491	          8.79530712	          3.37398108	          0.04398613	          0.01000090	          0.08917051	          0.01000013	          0.01000055	          0.18116742	          0.02656944	          0.14462788	          0.35428662	          0.01029728	          0.11688847	          0.02098904	          0.01954762	          0.13555379	          0.01000017	          0.01309618	          0.01703162	          0.12828041	
          0.19619935	         -7.98962076	          0.26326639	          0.90939635	         11.43710834	         19.38982957	        -50.05680568	        -16.64508050	         -1.31254294	          8.99582399	          3.24192123	          0.03821206	          0.01000087	          0.08247623	          0.01000015	          0.01000074	          0.16885861	          0.04454806	          0.15607040	          0.33838518	          0.01000028	          0.13477716	          0.01790715	          0.02460565	          0.12454174	          0.01000018	          0.01117330	          0.01453081	          0.12071230	
          0.20652563	         -7.98658085	          0.27488425	          0.91045258	         13.04893735	         18.48335251	        -50.91963273	        -16.41930081	         -0.38348572	          9.18120387	          3.09488408	          0.03260174	          0.01000086	          0.07557752	          0.01000016	          0.01000100	          0.15824937	          0.06067789	          0.16707261	          0.32429328	          0.01000025	          0.15240119	          0.01527779	          0.02892665	          0.11240955	          0.01000021	          0.01000023	          0.01239721	          0.11525584	
          0.21685191	         -7.98109573	          0.28639409	          0.91135233	         14.66672439	         17.58079942	        -51.62371514	        -16.19074323	          0.55706172	          9.36522063	          2.93376547	          0.02781496	          0.01000089	          0.06830487	          0.01000018	          0.01000153	          0.14864448	          0.07594105	          0.17803768	          0.31082060	          0.01000018	          0.16826987	          0.01303451	          0.03280751	          0.09991287	          0.01000024	          0.01000034	          0.01057691	          0.11302904	
          0.22717819	         -7.97310649	          0.29780629	          0.91208929	         16.28533906	         16.68429093	        -52.17827185	        -15.96579793	          1.49238670	          9.55454936	          2.75961356	          0.02373096	          0.01000095	          0.06091016	          0.01000021	          0.01000242	          0.13941978	          0.09052415	          0.18906383	          0.29778782	          0.01000014	          0.18127347	          0.01112063	          0.03602081	          0.08826832	          0.01000029	          0.01000024	          0.01000007	          0.11568075	
          0.23750448	         -7.96263673	          0.30913159	          0.91266039	         17.89899199	         15.79624617	        -52.59052822	        -15.75105170	          2.40662837	          9.75328297	          2.57359951	          0.02024661	          0.01000105	          0.05345079	          0.01000024	          0.01000435	          0.13023798	          0.10463446	          0.20024207	          0.28509560	          0.01000012	          0.19011556	          0.01000009	          0.03898110	          0.07832116	          0.01000036	          0.01000020	          0.01000008	          0.11968933	
          0.24783076	         -7.94977349	          0.32038147	          0.91306524	         19.50031566	         14.91976048	        -52.86360742	        -15.55418905	          3.29221872	          9.96431366	          2.37704118	          0.01727389	          0.01000122	          0.04568534	          0.01000031	          0.01002669	          0.12100985	          0.11835547	          0.21162945	          0.27275090	          0.01000010	          0.19351684	          0.01000012	          0.04173518	          0.07013682	          0.01000046	          0.01000020	          0.01000008	          0.12335155	
          0.25815704	         -7.93466620	          0.33156839	          0.91330556	         21.07996140	         14.05844902	        -52.99523719	        -15.38372324	          4.14755359	         10.18961112	          2.17142856	          0.01473771	          0.01000142	          0.03910591	          0.01000035	          0.01008641	          0.11173118	          0.13174457	          0.22327141	          0.26081515	          0.01000009	          0.19014650	          0.01000012	          0.04426399	          0.06397656	          0.01000067	          0.01000020	          0.01000009	          0.12711880	
          0.26848332	         -7.91752698	          0.34270594	          0.91338487	         22.62688814	         13.21543076	        -52.97759987	        -15.24712395	          4.97070177	         10.43009326	          1.95843981	          0.01257402	          0.01000183	          0.03357836	          0.01000050	          0.01008519	          0.10258618	          0.14482115	          0.23521229	          0.24925560	          0.01000008	          0.17785898	          0.01000011	          0.04704990	          0.05918254	          0.01000091	          0.01000020	          0.01000009	          0.13084581	
          0.27880960	         -7.89861850	          0.35380917	          0.91330849	         24.12776937	         12.39283443	        -52.79565238	        -15.14992874	          5.75821506	         10.68538644	          1.73997177	          0.01072845	          0.01000229	          0.02891238	          0.01000047	          0.01003993	          0.09384969	          0.15760613	          0.24747926	          0.23794164	          0.01000008	          0.15178028	          0.01000013	          0.05066950	          0.05516644	          0.01000095	          0.01000020	          0.01000009	          0.13445208	
          0.28913588	         -7.87825869	          0.36489484	          0.91308352	         25.56651821	         11.59136165	        -52.42606097	        -15.09489778	          6.50461245	         10.95352983	          1.51817433	          0.01000160	          0.01000323	          0.02500745	          0.01000080	          0.01002033	          0.08601344	          0.17013128	          0.26008966	          0.22648717	          0.01000007	          0.12949886	          0.01000012	          0.05546847	          0.05188625	          0.01000097	          0.01000021	          0.01000010	          0.13774759	
          0.29946216	         -7.85679916	          0.37597876	          0.91271660	         26.92860915	         10.81020453	        -51.84930800	        -15.08164901	          7.20262173	         11.23135779	          1.29509661	          0.01000280	          0.01000417	          0.02208688	          0.01000070	          0.01001280	          0.07926903	          0.18242891	          0.27302581	          0.21407431	          0.01000007	          0.11048666	          0.01000014	          0.06158465	          0.04901478	          0.01000102	          0.01000021	          0.01000010	          0.14055424	
          0.30978845	         -7.83461642	          0.38707560	          0.91221381	         28.20247953	         10.04662672	        -51.05359191	        -15.10580038	          7.84317171	         11.51421115	          1.07264978	          0.01000242	          0.01000568	          0.02072357	          0.01000099	          0.01000814	          0.07346452	          0.19454033	          0.28625195	          0.20016371	          0.01000007	          0.09426594	          0.01000014	          0.06899745	          0.04602666	          0.01000082	          0.01000022	          0.01000011	          0.14263521	
          0.32011473	         -7.81212207	          0.39819951	          0.91158180	         29.37926141	          9.29592958	        -50.03390715	        -15.15891225	          8.41617343	         11.79507932	          0.85270233	          0.01000404	          0.01000747	          0.02094185	          0.01000080	          0.01000387	          0.06816607	          0.20649523	          0.29966401	          0.17952684	          0.01000007	          0.08042838	          0.01000016	          0.07791957	          0.04285420	          0.01000060	          0.01000024	          0.01000012	          0.14385060	
          0.33044101	         -7.78977748	          0.40936415	          0.91082985	         30.45254915	          8.55218405	        -48.79068155	        -15.22952052	          8.91205394	         12.06262132	          0.63710187	          0.01003073	          0.01001072	          0.02234383	          0.01000106	          0.01000319	          0.06335450	          0.21826809	          0.31303768	          0.15316663	          0.01000007	          0.06863303	          0.01000015	          0.08805599	          0.03930849	          0.01000039	          0.01000028	          0.01000015	          0.14420329	
          0.34076729	         -7.76808277	          0.42058292	          0.90997093	         31.41852621	          7.80897111	        -47.32945161	        -15.30542894	          9.32425617	         12.30790613	          0.42768738	          0.01115138	          0.01001274	          0.02374655	          0.01000084	          0.01000240	          0.05980388	          0.22985488	          0.32617133	          0.13067669	          0.01000008	          0.06523245	          0.01000018	          0.09892126	          0.03611372	          0.01000030	          0.01000036	          0.01000019	          0.14388421	
          0.35109357	         -7.74752176	          0.43186860	          0.90901802	         32.27845264	          7.06014469	        -45.66715979	        -15.37611807	          9.65184819	         12.52973647	          0.22619563	          0.01274061	          0.01001356	          0.02535268	          0.01000070	          0.01000187	          0.05770501	          0.24129111	          0.33897379	          0.11148899	          0.01000009	          0.07450034	          0.01000020	          0.10965390	          0.03327704	          0.01000025	          0.01000047	          0.01000025	          0.14334265	
          0.36141985	         -7.72851689	          0.44323380	          0.90798280	         33.04016501	          6.30005081	        -43.83652568	        -15.43207247	          9.90104457	         12.72586620	          0.03427498	          0.01412808	          0.01001335	          0.02676024	          0.01000083	          0.01000204	          0.05706163	          0.25258892	          0.35132973	          0.09511866	          0.01000009	          0.08742850	          0.01000020	          0.11964990	          0.03076202	          0.01000021	          0.01000066	          0.01000036	          0.14308735	
          0.37174614	         -7.71142794	          0.45469296	          0.90687913	         33.71512546	          5.52403691	        -41.87927885	        -15.46554635	         10.08419957	         12.89060063	         -0.14626387	          0.01492226	          0.01001113	          0.02773319	          0.01000068	          0.01000180	          0.05776072	          0.26369206	          0.36302671	          0.08115204	          0.01000010	          0.10048615	          0.01000023	          0.12830947	          0.02884843	          0.01000020	          0.01000093	          0.01000051	          0.14330797	
          0.38207242	         -7.69653514	          0.46626359	          0.90572519	         34.31596761	          4.72879011	        -39.84123457	        -15.47127224	         10.21651356	         13.01543197	         -0.31331227	          0.01490703	          0.01000821	          0.02796701	          0.01000068	          0.01000203	          0.05913189	          0.27447349	          0.37377475	          0.06923619	          0.01000011	          0.11092360	          0.01000025	          0.13489149	          0.02734547	          0.01000019	          0.01000113	          0.01000070	          0.14375756	
          0.39239870	         -7.68403960	          0.47796651	          0.90454286	         34.85324641	          3.91275652	        -37.76405023	        -15.44730221	         10.31184445	         13.09038556	         -0.46443250	          0.01397827	          0.01000608	          0.02621597	          0.01000070	          0.01000205	          0.05957211	          0.28475973	          0.38324713	          0.05906999	          0.01000012	          0.09717030	          0.01000025	          0.13841904	          0.02574948	          0.01000016	          0.01000517	          0.01000156	          0.14459082	
          0.40272498	         -7.67409867	          0.48982688	          0.90335740	         35.32790100	          3.07643064	        -35.66465692	        -15.39530551	         10.38074599	         13.10329262	         -0.59667067	          0.01508425	          0.01000613	          0.02693738	          0.01000062	          0.02980622	          0.05785335	          0.29427476	          0.39105291	          0.05039653	          0.01000015	          0.08290415	          0.01000029	          0.13652163	          0.02202753	          0.01000015	          0.01054296	          0.01000150	          0.14672701	
          0.41305126	         -7.66677849	          0.50187466	          0.90219394	         35.73606908	          2.21805564	        -33.55079270	        -15.31283827	         10.43114919	         13.04022887	         -0.70652659	          0.01579046	          0.01000658	          0.02586094	          0.01000071	          0.06006052	          0.05504772	          0.30274233	          0.39676912	          0.04299662	          0.01000018	          0.07073150	          0.01000029	          0.12591693	          0.01881468	          0.01000014	          0.01165143	          0.01000118	          0.15013782	
          0.42337754	         -7.66199222	          0.51414248	          0.90107609	         36.07076811	          1.33607201	        -31.42704662	        -15.19852543	         10.47092151	         12.88787049	         -0.79028415	          0.01347382	          0.01000502	          0.02341276	          0.01000060	          0.09242471	          0.05092745	          0.30990995	          0.39990587	          0.03668327	          0.01000025	          0.06034596	          0.01000039	          0.10742864	          0.01880651	          0.01000014	          0.01218657	          0.01000094	          0.15285872	
          0.43370382	         -7.65954721	          0.52666430	          0.90002523	         36.32143816	          0.43077060	        -29.29359839	        -15.05478691	         10.50674665	         12.63381718	         -0.84409595	          0.01150628	          0.01000652	          0.01997713	          0.01000089	          0.12112669	          0.04691673	          0.31545838	          0.40027463	          0.03129693	          0.01000026	          0.05148528	          0.01000038	          0.09165457	          0.01608139	          0.01000014	          0.01172882	          0.01000115	          0.15483419	
          0.44403011	         -7.65910679	          0.53947312	          0.89905701	         36.47904752	         -0.49633775	        -27.15719944	        -14.88664959	         10.54320671	         12.26795319	         -0.86429244	          0.01134498	          0.01000618	          0.01714503	          0.01000098	          0.14949892	          0.04317315	          0.31910160	          0.39746273	          0.02670149	          0.01000031	          0.04392560	          0.01000049	          0.07819662	          0.01372849	          0.01000016	          0.01066245	          0.01000316	          0.15651171	
          0.45435639	         -7.66031668	          0.55259961	          0.89817885	         36.53874562	         -1.44373131	        -25.03413750	        -14.69897637	         10.58214222	         11.78259684	         -0.84737662	          0.01205817	          0.01000507	          0.01686843	          0.01000063	          0.17908863	          0.03879466	          0.32057096	          0.39125317	          0.02278081	          0.01000084	          0.03747592	          0.01000164	          0.06671474	          0.01171629	          0.01000019	          0.01000712	          0.01000372	          0.15901543	
          0.46468267	         -7.66282886	          0.56607249	          0.89738972	         36.49818009	         -2.41073811	        -22.94386221	        -14.49463216	         10.61987657	         11.17185670	         -0.78992724	          0.01172512	          0.01001320	          0.01439213	          0.01000085	          0.20673052	          0.03621792	          0.31964755	          0.38175454	          0.01943583	          0.01000156	          0.03197325	          0.01627166	          0.05691878	          0.01000226	          0.01000022	          0.01000223	          0.01014231	          0.16243505	
          0.47500895	         -7.66619711	          0.57991807	          0.89668180	         36.35499794	         -3.39477586	        -20.90960507	        -14.27931655	         10.64989881	         10.43085431	         -0.68877312	          0.01000381	          0.01000555	          0.01227917	          0.07475968	          0.23733146	          0.04328501	          0.31619498	          0.36872823	          0.01658200	          0.04792699	          0.02727856	          0.03023393	          0.04856120	          0.02407931	          0.01000036	          0.01000111	          0.01202797	          0.16863333	
          0.48533523	         -7.66981349	          0.59414888	          0.89604206	         36.11590541	         -4.37671845	        -19.00140757	        -14.08809315	         10.66131991	          9.56007295	         -0.54254800	          0.01000042	          0.01000328	          0.01047656	          0.14595802	          0.26512600	          0.05356579	          0.30991322	          0.35256042	          0.01414720	          0.09459608	          0.02327321	          0.04222702	          0.04143079	          0.03561952	          0.01000224	          0.01000038	          0.01485953	          0.17517929	
          0.49566151	         -7.67308927	          0.60877114	          0.89545274	         35.79120226	         -5.33393615	        -17.30545443	        -13.96268930	         10.63401021	          8.56479861	         -0.35053681	          0.01000038	          0.01000290	          0.01000071	          0.20898837	          0.28801182	          0.06241722	          0.30047773	          0.33350722	          0.01206993	          0.13679445	          0.01985599	          0.05207022	          0.03534736	          0.03039012	          0.01531239	          0.01000098	          0.01904893	          0.18695719	
          0.50598780	         -7.67543904	          0.62378765	          0.89489084	         35.38497131	         -6.24172499	        -15.88772161	        -13.94963361	         10.55638753	          7.45484216	         -0.11234551	          0.01000034	          0.01000206	          0.01000099	          0.23609358	          0.31239167	          0.05736309	          0.28788919	          0.31216043	          0.01029767	          0.16562039	          0.01694055	          0.06089644	          0.03015719	          0.02592807	          0.01947451	          0.01000013	          0.02418670	          0.19625926	
          0.51631408	         -7.67626702	          0.63919006	          0.89432468	         34.89849163	         -7.06753713	        -14.79416482	        -14.11026350	         10.38191464	          6.24626546	          0.17105620	          0.01000039	          0.01000269	          0.01000088	          0.23512908	          0.29732784	          0.04894037	          0.27135717	          0.28781139	          0.01000004	          0.17868930	          0.01445324	          0.05938426	          0.02572911	          0.02212110	          0.03156431	          0.01172117	          0.02831507	          0.22003391	
          0.52664036	         -7.67508937	          0.65496487	          0.89371168	         34.33059810	         -7.78190189	        -14.05489902	        -14.49938329	         10.11687712	          4.95419325	          0.49823483	          0.01000021	          0.01000334	          0.01000098	          0.20277114	          0.25367034	          0.04175432	          0.25277034	          0.26477219	          0.01000005	          0.16790819	          0.01233125	          0.05066613	          0.02195122	          0.01887308	          0.03836143	          0.01000021	          0.03601162	          0.22452187	
          0.53696664	         -7.67169941	          0.67108347	          0.89300700	         33.68611301	         -8.35996801	        -13.71172381	        -15.16002805	          9.61155745	          3.58665532	          0.86614066	          0.01000065	          0.01609867	          0.01000013	          0.17299751	          0.21642300	          0.03562341	          0.22416450	          0.22719157	          0.01000004	          0.15704491	          0.01052104	          0.04584454	          0.01872805	          0.01610194	          0.07814518	          0.01654066	          0.03072393	          0.30450268	
          0.54729292	         -7.66621643	          0.68750435	          0.89218876	         32.95524883	         -8.77592257	        -13.83066633	        -16.13086903	          8.95732557	          2.13731657	          1.27033930	          0.01000025	          0.01373572	          0.02841186	          0.14759568	          0.18464489	          0.03039273	          0.19124959	          0.19383217	          0.01000004	          0.13398541	          0.01000041	          0.06729051	          0.01597815	          0.01373771	          0.11761970	          0.01411210	          0.02679615	          0.31015672	
          0.55761920	         -7.66135434	          0.70407815	          0.89135228	         32.14190552	         -8.98943968	        -14.23896456	        -17.44506894	          8.22630845	          0.54467096	          1.69516155	          0.02780870	          0.01172039	          0.03176403	          0.12592366	          0.15753280	          0.02593009	          0.16316768	          0.16537104	          0.01000003	          0.11662347	          0.01610532	          0.13432088	          0.01363203	          0.01172060	          0.14166548	          0.01204004	          0.02286158	          0.42994168	
          0.56794548	         -7.66185527	          0.72048905	          0.89072841	         31.34430922	         -8.92274606	        -14.66015540	        -19.16218619	          7.41705654	         -1.31429222	          2.10579302	          0.02372549	          0.01000042	          0.02710021	          0.10743387	          0.13440277	          0.02212271	          0.13920914	          0.14108897	          0.01000003	          0.09949922	          0.01374077	          0.17416778	          0.01163040	          0.01000006	          0.19392852	          0.01027217	          0.01950474	          0.52051273	
          0.57827177	         -7.67061855	          0.73649038	          0.89049047	         30.67783032	         -8.52917838	        -15.25442310	        -21.28347675	          6.66477562	         -3.58246451	          2.47454019	          0.02024182	          0.01001158	          0.02312100	          0.09816363	          0.15712435	          0.01887436	          0.11876853	          0.12037233	          0.01000003	          0.08488944	          0.01172334	          0.19706897	          0.01000009	          0.01000036	          0.26455948	          0.01000638	          0.01808130	          0.56002785	
          0.58859805	         -7.68660303	          0.75202014	          0.89067250	         30.10015280	         -7.83152874	        -15.97690342	        -23.73744446	          6.23497848	         -6.22136994	          2.79330777	          0.01726968	          0.01000094	          0.01972606	          0.09310790	          0.14987462	          0.01610298	          0.10132929	          0.10269760	          0.19325353	          0.07392844	          0.01000233	          0.22368688	          0.01000011	          0.01000028	          0.32590608	          0.01061350	          0.01542645	          0.60852509	
          0.59892433	         -7.71020525	          0.76704753	          0.89115536	         29.52409513	         -6.89990198	        -16.65993127	        -26.40897191	          6.06081595	         -8.49743354	          3.05942467	          0.01473402	          0.02345385	          0.01682962	          0.09490622	          0.15584450	          0.01373852	          0.08645072	          0.08761812	          0.16487745	          0.06508000	          0.01000090	          0.22915865	          0.01000007	          0.01000018	          0.36176156	          0.01000015	          0.01316136	          0.62862416	
          0.60925061	         -7.74144071	          0.78158438	          0.89189141	         28.90447360	         -5.80472864	        -17.21702105	        -29.10780507	          6.07048831	         -9.65534187	          3.27503826	          0.01257083	          0.04739637	          0.01435848	          0.09206995	          0.14937783	          0.01172125	          0.07375685	          0.07475282	          0.19514142	          0.06268848	          0.01000113	          0.21671065	          0.01000010	          0.01000025	          0.37512723	          0.01000048	          0.01209568	          0.61231058	
          0.61957689	         -7.77918840	          0.79567454	          0.89290606	         28.23350516	         -4.56303275	        -17.63873295	        -31.79160110	          6.23948848	        -10.05548136	          3.44501112	          0.01767337	          0.06148534	          0.01225018	          0.08209845	          0.19894257	          0.01000020	          0.06292689	          0.06377658	          0.22422807	          0.06566936	          0.01000114	          0.20154814	          0.01000010	          0.01000025	          0.36790531	          0.01000048	          0.01937468	          0.59277126	
          0.62990317	         -7.82235472	          0.80936759	          0.89418435	         27.51994897	         -3.20017027	        -17.94048774	        -34.39971581	          6.50725499	         -9.98406326	          3.57474407	          0.03090356	          0.07951598	          0.01045147	          0.07560103	          0.23501383	          0.01000003	          0.05368722	          0.05441202	          0.22950705	          0.06634801	          0.01000134	          0.18394480	          0.01000009	          0.01000023	          0.34969872	          0.01000019	          0.02916649	          0.56297908	
          0.64022946	         -7.86966933	          0.82271987	          0.89567686	         26.77230051	         -1.74475024	        -18.14158915	        -36.87098265	          6.84428886	         -9.61732126	          3.67005282	          0.03562146	          0.09767355	          0.01000007	          0.06983213	          0.26511077	          0.01000004	          0.04580427	          0.04642250	          0.22004223	          0.06775979	          0.01000111	          0.16960137	          0.01000010	          0.01000025	          0.32799772	          0.01000025	          0.04746183	          0.52376737	
          0.65055574	         -7.91993934	          0.83578043	          0.89732837	         25.99522720	         -0.22054118	        -18.25495946	        -39.15956806	          7.23023394	         -9.04883643	          3.73577475	          0.03039198	          0.11735321	          0.01000009	          0.06338123	          0.28566043	          0.01000004	          0.03907871	          0.03960611	          0.20586179	          0.06974769	          0.01000109	          0.15904709	          0.01000009	          0.01000025	          0.30376864	          0.01000029	          0.06267072	          0.48538775	
          0.66088202	         -7.97218709	          0.84859374	          0.89908323	         25.18801779	          1.35207977	        -18.27995082	        -41.22716645	          7.61478808	         -8.33747084	          3.77632590	          0.02592952	          0.13853541	          0.01000009	          0.05876607	          0.29684401	          0.01000004	          0.03334067	          0.03379060	          0.19035289	          0.07053706	          0.01000110	          0.14897209	          0.01000009	          0.01000025	          0.27857544	          0.01000025	          0.07743274	          0.45174462	
          0.67120830	         -8.02552512	          0.86119627	          0.90088120	         24.35175571	          2.95951531	        -18.22005223	        -43.05524724	          7.96284123	         -7.52068833	          3.79514142	          0.02212225	          0.16058404	          0.01000009	          0.05595156	          0.29781741	          0.01000004	          0.02844515	          0.02882900	          0.17549837	          0.07001383	          0.01000100	          0.13948285	          0.01000009	          0.01000027	          0.25455225	          0.01000023	          0.09180544	          0.42302685	
          0.68153458	         -8.07920108	          0.87361416	          0.90266263	         23.49150830	          4.59516622	        -18.08805543	        -44.64621660	          8.26912668	         -6.61934338	          3.79445597	          0.01887399	          0.18438903	          0.01000009	          0.05474233	          0.28953916	          0.01000005	          0.02426846	          0.02459593	          0.16222397	          0.06824615	          0.01000087	          0.13061577	          0.01000009	          0.01000030	          0.23274169	          0.01000023	          0.10550113	          0.39885912	
          0.69186086	         -8.13235800	          0.88586521	          0.90437404	         22.61378431	          6.25700395	        -17.90000686	        -46.01721620	          8.54027372	         -5.64403888	          3.77530973	          0.01610268	          0.20944842	          0.01000008	          0.05464426	          0.27382855	          0.01000006	          0.02070504	          0.02098442	          0.15087814	          0.06526078	          0.01000078	          0.12231737	          0.01000010	          0.01000035	          0.21360531	          0.01000023	          0.11858224	          0.37796818	
          0.70218714	         -8.18393184	          0.89796194	          0.90597062	         21.72454671	          7.94526077	        -17.67112496	        -47.19388388	          8.78586772	         -4.60080747	          3.73782287	          0.01373829	          0.23406426	          0.01000008	          0.05508656	          0.25267665	          0.01000007	          0.01766486	          0.01790320	          0.14142527	          0.06135289	          0.01000072	          0.11425591	          0.01000010	          0.01000042	          0.19717850	          0.01000023	          0.13117388	          0.35923363	
          0.71251343	         -8.23306615	          0.90991425	          0.90741674	         20.82887693	          9.66090942	        -17.41445323	        -48.20455266	          9.01579474	         -3.49576052	          3.68203983	          0.01172109	          0.25659288	          0.01000008	          0.05561560	          0.22816919	          0.01000008	          0.01507108	          0.01527441	          0.13366973	          0.05676506	          0.01000070	          0.10634284	          0.01000011	          0.01000052	          0.18310327	          0.01000024	          0.14350080	          0.34146570	
          0.72283971	         -8.27913320	          0.92173156	          0.90868624	         19.93075305	         11.40411993	        -17.14056010	        -49.07554530	          9.23896942	         -2.33845171	          3.60823495	          0.01000018	          0.27494558	          0.01000007	          0.05596974	          0.20231743	          0.01000009	          0.01285815	          0.01303162	          0.12698662	          0.05161445	          0.01000069	          0.09876499	          0.01000012	          0.01000065	          0.17090089	          0.01000027	          0.15556934	          0.32435155	
          0.73316599	         -8.32171732	          0.93342386	          0.90976238	         19.03358863	         13.17329263	        -16.85786127	        -49.82809293	          9.45544571	         -1.14588108	          3.51700787	          0.01000011	          0.28686511	          0.01000007	          0.05655776	          0.17665648	          0.01000010	          0.01097019	          0.01111815	          0.12124313	          0.04627755	          0.01000072	          0.09052740	          0.01000014	          0.01000085	          0.15991078	          0.02013833	          0.16712280	          0.31032194	
          0.74349227	         -8.36057353	          0.94499930	          0.91063709	         18.14347243	         14.96513305	        -16.57833382	        -50.47842365	          9.65961159	          0.05855716	          3.40891896	          0.01000009	          0.29091493	          0.01000007	          0.05693932	          0.15247163	          0.01000012	          0.01000013	          0.01000004	          0.12132958	          0.04089468	          0.01000075	          0.08328833	          0.01000015	          0.01000112	          0.15028144	          0.03888654	          0.17844466	          0.29825036	
          0.75381855	         -8.39559791	          0.95646692	          0.91130943	         17.26737603	         16.77347817	        -16.31745354	        -51.03427120	          9.86220807	          1.24699162	          3.28479275	          0.01000007	          0.28613162	          0.01000007	          0.05717983	          0.13081189	          0.01000015	          0.01000012	          0.01000004	          0.12719727	          0.03567344	          0.01000081	          0.07664257	          0.01000018	          0.01000155	          0.14180872	          0.05513877	          0.18972320	          0.28707596	
          0.76414483	         -8.42677504	          0.96783997	          0.91178361	         16.40993616	         18.58836668	        -16.08759068	        -51.49320434	         10.07877142	          2.39278251	          3.14607363	          0.01000006	          0.27072499	          0.01000007	          0.05749701	          0.11231279	          0.01000019	          0.01000011	          0.01000004	          0.13128103	          0.03127750	          0.01000093	          0.07022958	          0.01000021	          0.01000196	          0.13387292	          0.07042181	          0.20116777	          0.27649301	
          0.77447112	         -8.45416366	          0.97913634	          0.91206774	         15.57351626	         20.39508037	        -15.89641532	        -51.84087077	         10.31547521	          3.48771673	          2.99485912	          0.01000006	          0.23775019	          0.01000007	          0.05832473	          0.09737638	          0.01000025	          0.01000011	          0.01000004	          0.13544958	          0.02789555	          0.01000111	          0.06407975	          0.01000024	          0.01000208	          0.12608084	          0.08477568	          0.21296265	          0.26618781	
          0.78479740	         -8.47789068	          0.99037773	          0.91217349	         14.75919173	         22.17373857	        -15.74891560	        -52.04834423	         10.57331660	          4.52525293	          2.83377832	          0.01000005	          0.20284171	          0.01000007	          0.05961937	          0.08584420	          0.01000037	          0.01000012	          0.01000005	          0.13908034	          0.02569784	          0.01000138	          0.05884662	          0.01000028	          0.01000191	          0.11860631	          0.09848918	          0.22517027	          0.25605876	
          0.79512368	         -8.49813487	          1.00158639	          0.91211332	         13.96678734	         23.90334114	        -15.64731605	        -52.08307953	         10.85045957	          5.49870914	          2.66555734	          0.01000005	          0.17305821	          0.01000008	          0.06150682	          0.07719976	          0.01000071	          0.01000012	          0.01000005	          0.14216772	          0.02451789	          0.01000176	          0.05489971	          0.01000033	          0.01000171	          0.11183049	          0.11170242	          0.23781265	          0.24589068	
          0.80544996	         -8.51510933	          1.01278307	          0.91189853	         13.19440067	         25.56521249	        -15.59008403	        -51.91838245	         11.14326498	          6.40005798	          2.49273455	          0.01000004	          0.14764777	          0.01000008	          0.06433553	          0.07062755	          0.01000135	          0.01000013	          0.01000006	          0.14450396	          0.02413364	          0.01000223	          0.05226050	          0.01000037	          0.01000151	          0.10603523	          0.12454936	          0.25087872	          0.23534672	
          0.81577624	         -8.52905297	          1.02398706	          0.91153926	         12.43800051	         27.14347583	        -15.57128750	        -51.53470200	         11.44665104	          7.22072865	          2.31766713	          0.01000004	          0.12596842	          0.01000009	          0.06851251	          0.06524963	          0.01001511	          0.01000014	          0.01000007	          0.14600565	          0.02443634	          0.01000280	          0.05086294	          0.01000040	          0.01000136	          0.10127980	          0.13714577	          0.26433173	          0.22347833	
          0.82610252	         -8.54022820	          1.03521645	          0.91104503	         11.69158123	         28.62488908	        -15.58096008	        -50.91891954	         11.75418294	          7.95236466	          2.14256901	          0.01000004	          0.10747238	          0.01000010	          0.07432978	          0.06030571	          0.01002876	          0.01000016	          0.01000008	          0.14667061	          0.02543895	          0.01000334	          0.05057323	          0.01000042	          0.01000123	          0.09737231	          0.14961029	          0.27812046	          0.20985113	
          0.83642880	         -8.54891942	          1.04648806	          0.91042548	         10.94794563	         29.99879288	        -15.60646185	        -50.06375648	         12.05713316	          8.58849731	          1.96950063	          0.01000004	          0.09169239	          0.01000011	          0.08186520	          0.05535050	          0.01000181	          0.01000019	          0.01000010	          0.14671861	          0.02718000	          0.01000389	          0.05126825	          0.01000042	          0.01000110	          0.09373313	          0.16201336	          0.29210821	          0.18751403	
          0.84675509	         -8.55544384	          1.05781709	          0.90969223	         10.19974607	         31.25694958	        -15.63394206	        -48.96679416	         12.34225157	          9.12650800	          1.80034202	          0.01000005	          0.07823024	          0.01000012	          0.09057512	          0.05008676	          0.01000065	          0.01000024	          0.01000013	          0.14645824	          0.02956540	          0.01000441	          0.05267848	          0.01000041	          0.01000097	          0.09003733	          0.17435302	          0.30603178	          0.15998091	
          0.85708137	         -8.56014064	          1.06921730	          0.90885918	          9.44059761	         32.39322667	        -15.65172440	        -47.62948152	         12.60148336	          9.56936744	          1.63680145	          0.01000005	          0.06675330	          0.01000013	          0.09907146	          0.04445028	          0.01000035	          0.01000033	          0.01000018	          0.14627746	          0.03239116	          0.01000477	          0.05431640	          0.01000039	          0.01000086	          0.08641075	          0.18662226	          0.31968944	          0.13649039	
          0.86740765	         -8.56331200	          1.08070115	          0.90793867	          8.66587941	         33.40448815	        -15.65256119	        -46.06010420	         12.83539664	          9.92637540	          1.48038280	          0.01000006	          0.07045948	          0.01000015	          0.10619661	          0.03843775	          0.01000026	          0.01000046	          0.01000024	          0.14649657	          0.03520484	          0.01000485	          0.05648047	          0.01000037	          0.01000077	          0.08304788	          0.19882788	          0.33300342	          0.11644902	
          0.87773393	         -8.56515794	          1.09227899	          0.90693831	          7.87279131	         34.29448314	        -15.63257958	        -44.28531421	         13.04446590	         10.21205447	          1.33222791	          0.01000007	          0.08010854	          0.01000018	          0.11127977	          0.03280737	          0.01000022	          0.01000062	          0.01000034	          0.14724497	          0.03769435	          0.01000483	          0.05858427	          0.01000034	          0.01000069	          0.08029484	          0.21092814	          0.34587618	          0.09935039	
          0.88806021	         -8.56576118	          1.10396117	          0.90586434	          7.06007570	         35.07138288	        -15.59067155	        -42.34403086	         13.22655174	         10.44294463	          1.19336279	          0.01000009	          0.08564904	          0.01000021	          0.11401407	          0.02799352	          0.01000020	          0.01000082	          0.01000045	          0.14847360	          0.03941748	          0.01000470	          0.06021065	          0.01000033	          0.01000065	          0.07869610	          0.22282422	          0.35813862	          0.08476240	
          0.89838649	         -8.56510141	          1.11576085	          0.90472674	          6.22753234	         35.74308671	        -15.52780149	        -40.27530349	         13.37605606	         10.63398069	          1.06507541	          0.01000012	          0.08932952	          0.01000028	          0.11378438	          0.02388474	          0.01000018	          0.01000103	          0.01000056	          0.14993397	          0.03997827	          0.01000413	          0.06122082	          0.01000030	          0.01000061	          0.07877855	          0.23436869	          0.36954362	          0.07231643	
          0.90871278	         -8.56305511	          1.12769564	          0.90354240	          5.37594155	         36.31470490	        -15.44701385	        -38.11220891	         13.48396098	         10.79613739	          0.94911057	          0.01000015	          0.07626313	          0.01000030	          0.10896595	          0.02037878	          0.01000015	          0.01000168	          0.01000074	          0.15174063	          0.03971701	          0.01000385	          0.05946835	          0.01000032	          0.01000064	          0.08034365	          0.24535843	          0.37979420	          0.06169794	
          0.91903906	         -8.55942230	          1.13978879	          0.90233649	          4.50804619	         36.78290776	        -15.35514745	        -35.86729569	         13.53829858	         10.93676412	          0.84786315	          0.01000020	          0.06506689	          0.01000035	          0.09377421	          0.01738754	          0.01000013	          0.01000800	          0.01000114	          0.15364186	          0.03533743	          0.01000311	          0.05475215	          0.01000032	          0.01000076	          0.08237365	          0.25554474	          0.38846055	          0.05263860	
          0.92936534	         -8.55394756	          1.15206720	          0.90113687	          3.62834510	         37.13937609	        -15.26218958	        -33.54363936	         13.52626109	         11.05976535	          0.76416170	          0.01000027	          0.05551332	          0.01000037	          0.08000513	          0.01483523	          0.01000012	          0.01013051	          0.01000108	          0.15637787	          0.03172410	          0.01000309	          0.04946613	          0.01000037	          0.01000092	          0.08566678	          0.26455101	          0.39519610	          0.04490948	
          0.93969162	         -8.54631604	          1.16455994	          0.89996864	          2.74029878	         37.37650513	        -15.17651921	        -31.14826354	         13.43584618	         11.16780466	          0.70112442	          0.01000025	          0.04736230	          0.01000040	          0.06825774	          0.01265753	          0.01000012	          0.01017937	          0.01000117	          0.15952659	          0.02792490	          0.01000318	          0.04590177	          0.01000043	          0.01000117	          0.09054107	          0.27205551	          0.39954068	          0.03831526	
          0.95001790	         -8.53617523	          1.17729795	          0.89885240	          1.84449495	         37.49082309	        -15.10127216	        -28.70065501	         13.25539218	         11.26322698	          0.66214908	          0.01166200	          0.04040804	          0.01000165	          0.05823523	          0.01079953	          0.01000014	          0.01006494	          0.01000292	          0.16402890	          0.02382579	          0.01000235	          0.04121397	          0.01000032	          0.01000064	          0.09759970	          0.27776260	          0.40113111	          0.03268929	
          0.96034418	         -8.52324821	          1.19031195	          0.89780362	          0.94123238	         37.48375062	        -15.03912711	        -26.23672938	         12.97524837	         11.35266658	          0.65080250	          0.01304418	          0.03447488	          0.01597666	          0.04968436	          0.01000319	          0.01000015	          0.01000160	          0.01000097	          0.16926516	          0.02032747	          0.01000178	          0.03516256	          0.01000034	          0.01000239	          0.10086987	          0.28149892	          0.39948783	          0.02788940	
          0.97067046	         -8.50709276	          1.20362796	          0.89683310	          0.03754976	         37.35788352	        -15.00477053	        -23.79960233	         12.58775112	         11.43774477	          0.66997900	          0.02194641	          0.02941289	          0.02891089	          0.04238904	          0.01000387	          0.01000017	          0.01000176	          0.01000115	          0.17461352	          0.01734281	          0.01000231	          0.02999960	          0.01000050	          0.04988862	          0.10172172	          0.28286240	          0.39469952	          0.02379430	
          0.98099675	         -8.48729973	          1.21727386	          0.89594804	         -0.86250083	         37.11491690	        -15.00612992	        -21.43786606	         12.08336644	         11.51988745	          0.72299975	          0.03013882	          0.02509416	          0.04816764	          0.03616492	          0.01000286	          0.01000019	          0.01000063	          0.01000045	          0.17965341	          0.01479638	          0.01000251	          0.02559470	          0.01000057	          0.08371832	          0.10029437	          0.28159705	          0.38628572	          0.02030050	
          0.99132303	         -8.46355956	          1.23127193	          0.89514839	         -1.75013863	         36.75787677	        -15.06073129	        -19.20223213	         11.45890989	         11.59217027	          0.81273106	          0.06307227	          0.02140955	          0.04315946	          0.03085471	          0.02083806	          0.01000042	          0.01000064	          0.01000077	          0.18216336	          0.01262384	          0.01000558	          0.02183658	          0.01000426	          0.11516605	          0.09853064	          0.27745957	          0.37435753	          0.01731970	
          1.00164931	         -8.43541013	          1.24562863	          0.89442205	         -2.60864018	         36.30904328	        -15.19926049	        -17.19498138	         10.71584884	         11.63501484	          0.93997252	          0.10258665	          0.01826598	          0.05267590	          0.02632421	          0.02264077	          0.01002760	          0.01000036	          0.01000061	          0.18380005	          0.01077034	          0.01000266	          0.01863028	          0.03535853	          0.14827814	          0.09850646	          0.27011319	          0.35882100	          0.01477659	
          1.01197559	         -8.40261112	          1.26034080	          0.89375234	         -3.41249978	         35.78994472	        -15.46698756	        -15.52119915	          9.85746752	         11.61188774	          1.10463238	          0.13003719	          0.01558402	          0.04494366	          0.02245895	          0.01931687	          0.01762593	          0.01000041	          0.01000131	          0.18585422	          0.01000024	          0.01000606	          0.01589478	          0.03561913	          0.13832866	          0.09737579	          0.25951558	          0.34026974	          0.01260690	
          1.02230187	         -8.36488322	          1.27539909	          0.89311574	         -4.13471821	         35.21659266	        -15.91289567	        -14.26411331	          8.89049759	         11.46655424	          1.30585291	          0.14397812	          0.01329591	          0.04236794	          0.01916123	          0.01648067	          0.02753097	          0.01000048	          0.01211565	          0.19877007	          0.01000024	          0.01001485	          0.01356097	          0.03038923	          0.11801752	          0.09771715	          0.24433039	          0.31745340	          0.01075580	
          1.03262815	         -8.32219709	          1.29078519	          0.89248338	         -4.74283285	         34.59649272	        -16.59303408	        -13.48541467	          7.81747253	         11.13345835	          1.54192252	          0.13236186	          0.01134399	          0.06961254	          0.01634773	          0.01406084	          0.03735789	          0.01172153	          0.01323673	          0.20733729	          0.01000027	          0.01000183	          0.01438951	          0.02592713	          0.10068863	          0.09526105	          0.22830962	          0.29529417	          0.01000004	
          1.04295444	         -8.27532317	          1.30647970	          0.89183258	         -5.20588119	         33.91502699	        -17.55427218	        -13.20799717	          6.62562333	         10.54881818	          1.81191747	          0.11292731	          0.01000243	          0.10250850	          0.01394735	          0.01199631	          0.07604894	          0.01000047	          0.01129316	          0.28474388	          0.01000603	          0.01001528	          0.03186878	          0.02212021	          0.08590417	          0.10193539	          0.19478865	          0.25332804	          0.01000005	
          1.05328072	         -8.22547547	          1.32244129	          0.89119228	         -5.51682504	         33.15650946	        -18.79119385	        -13.48719722	          5.28291348	          9.65737496	          2.11254536	          0.09634579	          0.01000098	          0.08745694	          0.01189944	          0.01032902	          0.12298358	          0.01609737	          0.01540067	          0.30185913	          0.02211555	          0.01175425	          0.11440494	          0.01887230	          0.07329058	          0.08696804	          0.16618710	          0.21613092	          0.01000005	
          1.06360700	         -8.17535675	          1.33851137	          0.89069275	         -5.65855079	         32.31045073	        -20.29002976	        -13.86169827	          3.71581844	          8.81091462	          2.42700377	          0.08219899	          0.01374215	          0.10439464	          0.01015224	          0.01000012	          0.14862434	          0.01373376	          0.01313934	          0.43954648	          0.01886852	          0.01002893	          0.17558404	          0.01610125	          0.06252912	          0.09189941	          0.14178521	          0.18439558	          0.01000004	
          1.07393328	         -8.12913227	          1.35443998	          0.89052296	         -5.62223272	         31.50408884	        -21.99078475	        -14.28080925	          1.81707501	          7.91768079	          2.72848244	          0.07012945	          0.01172459	          0.12849005	          0.01000009	          0.01000034	          0.20626854	          0.01171727	          0.01121013	          0.48304440	          0.01609825	          0.01000199	          0.18874164	          0.01373713	          0.05334783	          0.07840572	          0.12096634	          0.15732006	          0.01000003	
          1.08425956	         -8.08817327	          1.37006907	          0.89078177	         -5.38238122	         30.79824324	        -23.89341623	        -14.85889001	         -0.48285995	          7.22923360	          2.99910617	          0.05983248	          0.01000356	          0.16057882	          0.01000013	          0.01000028	          0.26063466	          0.01000076	          0.01807298	          0.54188459	          0.01373528	          0.01000252	          0.16540705	          0.01172025	          0.04551467	          0.06689319	          0.10320439	          0.13422015	          0.01000010	
          1.09458584	         -8.05328927	          1.38534523	          0.89144412	         -4.92194129	         30.12822344	        -26.01598389	        -15.47813342	         -3.08970126	          6.78999823	          3.23389266	          0.06356120	          0.01000133	          0.18552699	          0.01000011	          0.01000025	          0.30578592	          0.01001049	          0.02065741	          0.57779365	          0.01600835	          0.01000216	          0.14111978	          0.01000064	          0.03883170	          0.05707104	          0.08805049	          0.11451209	          0.21943205	
          1.10491212	         -8.02514151	          1.40021172	          0.89234513	         -4.28032759	         29.43699571	        -28.28741468	        -16.02540281	         -5.35604688	          6.55857388	          3.42686234	          0.06214166	          0.01000104	          0.19345805	          0.01000008	          0.01000018	          0.33084301	          0.01000041	          0.01812169	          0.59596315	          0.01365879	          0.01000500	          0.12039866	          0.01000045	          0.03313019	          0.04869111	          0.07512171	          0.09769784	          0.18721200	
          1.11523841	         -8.00409590	          1.41464748	          0.89340246	         -3.50923624	         28.70756289	        -30.53014023	        -16.46046175	         -6.50566310	          6.47278659	          3.57613490	          0.06432822	          0.01000133	          0.18505375	          0.01000009	          0.01000021	          0.33564146	          0.01000055	          0.02212230	          0.59828387	          0.01165496	          0.01000153	          0.10272008	          0.01000064	          0.02826625	          0.04154163	          0.06409131	          0.08335249	          0.20510561	
          1.12556469	         -7.98927107	          1.42867462	          0.89463201	         -2.59968605	         27.94338123	        -32.75891882	        -16.78836087	         -7.00072766	          6.49032873	          3.68396905	          0.06428519	          0.01000135	          0.17215218	          0.01000010	          0.01000022	          0.33000322	          0.01000036	          0.03082131	          0.58822986	          0.01131580	          0.01000507	          0.08763731	          0.01000063	          0.02416688	          0.03544193	          0.05468056	          0.07111353	          0.23109253	
          1.13589097	         -7.97973211	          1.44232438	          0.89601307	         -1.55258455	         27.15423133	        -34.97908064	        -17.02850445	         -7.08604550	          6.59288243	          3.75355179	          0.06446019	          0.01000099	          0.16249081	          0.01000009	          0.01000023	          0.31692515	          0.01000050	          0.03974171	          0.57380231	          0.01874892	          0.01000292	          0.07476920	          0.01000052	          0.05793457	          0.03023786	          0.04665166	          0.06067167	          0.23225837	
          1.14621725	         -7.97467241	          1.45563823	          0.89750833	         -0.38282812	         26.34687495	        -37.16384194	        -17.19813755	         -6.88746373	          6.77455134	          3.78940115	          0.06381724	          0.01000131	          0.15056863	          0.01000010	          0.01000024	          0.30025444	          0.01000018	          0.05023825	          0.55246525	          0.02489378	          0.01358833	          0.06379056	          0.01000064	          0.08644279	          0.02579793	          0.03980171	          0.05176303	          0.22344105	
          1.15654353	         -7.97334919	          1.46865872	          0.89907445	          0.89087341	         25.52582281	        -39.27743856	        -17.30980067	         -6.50162106	          7.02795411	          3.79614012	          0.06218376	          0.01000098	          0.14113730	          0.01000010	          0.01000028	          0.28423769	          0.01000028	          0.06574678	          0.51831723	          0.02667699	          0.02466811	          0.05442396	          0.01000086	          0.11022402	          0.02200993	          0.03395756	          0.04416248	          0.20660341	
          1.16686981	         -7.97493436	          1.48142045	          0.90067765	          2.25128699	         24.69226465	        -41.28885823	        -17.36938318	         -5.97515640	          7.34484405	          3.77719799	          0.06086530	          0.01000098	          0.13343100	          0.01000010	          0.01000029	          0.26665171	          0.01000029	          0.07931342	          0.48424410	          0.02277873	          0.03908055	          0.04643269	          0.01000088	          0.12807887	          0.01877814	          0.02897151	          0.03767794	          0.19056472	
          1.17719610	         -7.97831408	          1.49395485	          0.90228988	          3.68153941	         23.84259704	        -43.16760195	        -17.37002606	         -5.35134718	          7.67691600	          3.73519632	          0.05888258	          0.01000101	          0.12409347	          0.01000011	          0.01000031	          0.24797931	          0.01000026	          0.09317282	          0.45181555	          0.01943439	          0.05314459	          0.03961480	          0.01000121	          0.14053031	          0.01602089	          0.02471756	          0.03214555	          0.17438315	
          1.18752238	         -7.98241567	          1.50628989	          0.90387933	          5.16646050	         22.97576176	        -44.89055047	        -17.31126379	         -4.65165235	          7.99290219	          3.67230519	          0.05601459	          0.01000098	          0.11419925	          0.01000011	          0.01000035	          0.22937153	          0.01000025	          0.10679351	          0.42256661	          0.01658091	          0.06810620	          0.03379802	          0.01000187	          0.14714953	          0.01366850	          0.02108823	          0.02742550	          0.16014380	
          1.19784866	         -7.98629060	          1.51844905	          0.90541286	          6.69355193	         22.09402782	        -46.44398211	        -17.20084044	         -3.89053726	          8.28567970	          3.59023193	          0.05258076	          0.01000095	          0.10414739	          0.01000012	          0.01000041	          0.21184928	          0.01000023	          0.12020306	          0.39580924	          0.01414638	          0.08371596	          0.02883533	          0.01066749	          0.14782831	          0.01166154	          0.01799180	          0.02339852	          0.14761335	
          1.20817494	         -7.98913634	          1.53045207	          0.90685958	          8.25281053	         21.20045636	        -47.82249080	        -17.04814413	         -3.07569450	          8.55604160	          3.49036837	          0.04838635	          0.01000087	          0.09632550	          0.01000013	          0.01000050	          0.19590457	          0.01000069	          0.13298919	          0.37175095	          0.01206931	          0.09932843	          0.02460134	          0.01509803	          0.14366691	          0.01000011	          0.01535003	          0.01996283	          0.13715604	
          1.21850122	         -7.99037801	          1.54231565	          0.90819380	          9.83643592	         20.29731705	        -49.02642778	        -16.85941721	         -2.21364491	          8.79530712	          3.37398108	          0.04398613	          0.01000090	          0.08917051	          0.01000013	          0.01000055	          0.18116742	          0.02656944	          0.14462788	          0.35428662	          0.01029728	          0.11688847	          0.02098904	          0.01954762	          0.13555379	          0.01000017	          0.01309618	          0.01703162	          0.12828041	
          1.22882750	         -7.98962076	          1.55405159	          0.90939635	         11.43710834	         19.38982957	        -50.05680568	        -16.64508050	         -1.31254294	          8.99582399	          3.24192123	          0.03821206	          0.01000087	          0.08247623	          0.01000015	          0.01000074	          0.16885861	          0.04454806	          0.15607040	          0.33838518	          0.01000028	          0.13477716	          0.01790715	          0.02460565	          0.12454174	          0.01000018	          0.01117330	          0.01453081	          0.12071230	
          1.23915378	         -7.98658085	          1.56566944	          0.91045258	         13.04893735	         18.48335251	        -50.91963273	        -16.41930081	         -0.38348572	          9.18120387	          3.09488408	          0.03260174	          0.01000086	          0.07557752	          0.01000016	          0.01000100	          0.15824937	          0.06067789	          0.16707261	          0.32429328	          0.01000025	          0.15240119	          0.01527779	          0.02892665	          0.11240955	          0.01000021	          0.01000023	          0.01239721	          0.11525584	
          1.24948007	         -7.98109573	          1.57717928	          0.91135233	         14.66672439	         17.58079942	        -51.62371514	        -16.19074323	          0.55706172	          9.36522063	          2.93376547	          0.02781496	          0.01000089	          0.06830487	          0.01000018	          0.01000153	          0.14864448	          0.07594105	          0.17803768	          0.31082060	          0.01000018	          0.16826987	          0.01303451	          0.03280751	          0.09991287	          0.01000024	          0.01000034	          0.01057691	          0.11302904	
          1.25980635	         -7.97310649	          1.58859148	          0.91208929	         16.28533906	         16.68429093	        -52.17827185	        -15.96579793	          1.49238670	          9.55454936	          2.75961356	          0.02373096	          0.01000095	          0.06091016	          0.01000021	          0.01000242	          0.13941978	          0.09052415	          0.18906383	          0.29778782	          0.01000014	          0.18127347	          0.01112063	          0.03602081	          0.08826832	          0.01000029	          0.01000024	          0.01000007	          0.11568075	
          1.27013263	         -7.96263673	          1.59991678	          0.91266039	         17.89899199	         15.79624617	        -52.59052822	        -15.75105170	          2.40662837	          9.75328297	          2.57359951	          0.02024661	          0.01000105	          0.05345079	          0.01000024	          0.01000435	          0.13023798	          0.10463446	          0.20024207	          0.28509560	          0.01000012	          0.19011556	          0.01000009	          0.03898110	          0.07832116	          0.01000036	          0.01000020	          0.01000008	          0.11968933	
          1.28045891	         -7.94977349	          1.61116667	          0.91306524	         19.50031566	         14.91976048	        -52.86360742	        -15.55418905	          3.29221872	          9.96431366	          2.37704118	          0.01727389	          0.01000122	          0.04568534	          0.01000031	          0.01002669	          0.12100985	          0.11835547	          0.21162945	          0.27275090	          0.01000010	          0.19351684	          0.01000012	          0.04173518	          0.07013682	          0.01000046	          0.01000020	          0.01000008	          0.12335155	
          1.29078519	         -7.93466620	          1.62235359	          0.91330556	         21.07996140	         14.05844902	        -52.99523719	        -15.38372324	          4.14755359	         10.18961112	          2.17142856	          0.01473771	          0.01000142	          0.03910591	          0.01000035	          0.01008641	          0.11173118	          0.13174457	          0.22327141	          0.26081515	          0.01000009	          0.19014650	          0.01000012	          0.04426399	          0.06397656	          0.01000067	          0.01000020	          0.01000009	          0.12711880	
          1.30111147	         -7.91752698	          1.63349113	          0.91338487	         22.62688814	         13.21543076	        -52.97759987	        -15.24712395	          4.97070177	         10.43009326	          1.95843981	          0.01257402	          0.01000183	          0.03357836	          0.01000050	          0.01008519	          0.10258618	          0.14482115	          0.23521229	          0.24925560	          0.01000008	          0.17785898	          0.01000011	          0.04704990	          0.05918254	          0.01000091	          0.01000020	          0.01000009	          0.13084581	
          1.31143776	         -7.89861850	          1.64459437	          0.91330849	         24.12776937	         12.39283443	        -52.79565238	        -15.14992874	          5.75821506	         10.68538644	          1.73997177	          0.01072845	          0.01000229	          0.02891238	          0.01000047	          0.01003993	          0.09384969	          0.15760613	          0.24747926	          0.23794164	          0.01000008	          0.15178028	          0.01000013	          0.05066950	          0.05516644	          0.01000095	          0.01000020	          0.01000009	          0.13445208	
          1.32176404	         -7.87825869	          1.65568003	          0.91308352	         25.56651821	         11.59136165	        -52.42606097	        -15.09489778	          6.50461245	         10.95352983	          1.51817433	          0.01000160	          0.01000323	          0.02500745	          0.01000080	          0.01002033	          0.08601344	          0.17013128	          0.26008966	          0.22648717	          0.01000007	          0.12949886	          0.01000012	          0.05546847	          0.05188625	          0.01000097	          0.01000021	          0.01000010	          0.13774759	
          1.33209032	         -7.85679916	          1.66676395	          0.91271660	         26.92860915	         10.81020453	        -51.84930800	        -15.08164901	          7.20262173	         11.23135779	          1.29509661	          0.01000280	          0.01000417	          0.02208688	          0.01000070	          0.01001280	          0.07926903	          0.18242891	          0.27302581	          0.21407431	          0.01000007	          0.11048666	          0.01000014	          0.06158465	          0.04901478	          0.01000102	          0.01000021	          0.01000010	          0.14055424	
          1.34241660	         -7.83461642	          1.67786080	          0.91221381	         28.20247953	         10.04662672	        -51.05359191	        -15.10580038	          7.84317171	         11.51421115	          1.07264978	          0.01000242	          0.01000568	          0.02072357	          0.01000099	          0.01000814	          0.07346452	          0.19454033	          0.28625195	          0.20016371	          0.01000007	          0.09426594	          0.01000014	          0.06899745	          0.04602666	          0.01000082	          0.01000022	          0.01000011	          0.14263521	
          1.35274288	         -7.81212207	          1.68898470	          0.91158180	         29.37926141	          9.29592958	        -50.03390715	        -15.15891225	          8.41617343	         11.79507932	          0.85270233	          0.01000404	          0.01000747	          0.02094185	          0.01000080	          0.01000387	          0.06816607	          0.20649523	          0.29966401	          0.17952684	          0.01000007	          0.08042838	          0.01000016	          0.07791957	          0.04285420	          0.01000060	          0.01000024	          0.01000012	          0.14385060	
          1.36306916	         -7.78977748	          1.70014934	          0.91082985	         30.45254915	          8.55218405	        -48.79068155	        -15.22952052	          8.91205394	         12.06262132	          0.63710187	          0.01003073	          0.01001072	          0.02234383	          0.01000106	          0.01000319	          0.06335450	          0.21826809	          0.31303768	          0.15316663	          0.01000007	          0.06863303	          0.01000015	          0.08805599	          0.03930849	          0.01000039	          0.01000028	          0.01000015	          0.14420329	
          1.37339544	         -7.76808277	          1.71136811	          0.90997093	         31.41852621	          7.80897111	        -47.32945161	        -15.30542894	          9.32425617	         12.30790613	          0.42768738	          0.01115138	          0.01001274	          0.02374655	          0.01000084	          0.01000240	          0.05980388	          0.22985488	          0.32617133	          0.13067669	          0.01000008	          0.06523245	          0.01000018	          0.09892126	          0.03611372	          0.01000030	          0.01000036	          0.01000019	          0.14388421	
          1.38372173	         -7.74752176	          1.72265379	          0.90901802	         32.27845264	          7.06014469	        -45.66715979	        -15.37611807	          9.65184819	         12.52973647	          0.22619563	          0.01274061	          0.01001356	          0.02535268	          0.01000070	          0.01000187	          0.05770501	          0.24129111	          0.33897379	          0.11148899	          0.01000009	          0.07450034	          0.01000020	          0.10965390	          0.03327704	          0.01000025	          0.01000047	          0.01000025	          0.14334265	
          1.39404801	         -7.72851689	          1.73401900	          0.90798280	         33.04016501	          6.30005081	        -43.83652568	        -15.43207247	          9.90104457	         12.72586620	          0.03427498	          0.01412808	          0.01001335	          0.02676024	          0.01000083	          0.01000204	          0.05706163	          0.25258892	          0.35132973	          0.09511866	          0.01000009	          0.08742850	          0.01000020	          0.11964990	          0.03076202	          0.01000021	          0.01000066	          0.01000036	          0.14308735	
          1.40437429	         -7.71142794	          1.74547815	          0.90687913	         33.71512546	          5.52403691	        -41.87927885	        -15.46554635	         10.08419957	         12.89060063	         -0.14626387	          0.01492226	          0.01001113	          0.02773319	          0.01000068	          0.01000180	          0.05776072	          0.26369206	          0.36302671	          0.08115204	          0.01000010	          0.10048615	          0.01000023	          0.12830947	          0.02884843	          0.01000020	          0.01000093	          0.01000051	          0.14330797	
          1.41470057	         -7.69653514	          1.75704878	          0.90572519	         34.31596761	          4.72879011	        -39.84123457	        -15.47127224	         10.21651356	         13.01543197	         -0.31331227	          0.01490703	          0.01000821	          0.02796701	          0.01000068	          0.01000203	          0.05913189	          0.27447349	          0.37377475	          0.06923619	          0.01000011	          0.11092360	          0.01000025	          0.13489149	          0.02734547	          0.01000019	          0.01000113	          0.01000070	          0.14375756	
          1.42502685	         -7.68403960	          1.76875170	          0.90454286	         34.85324641	          3.91275652	        -37.76405023	        -15.44730221	         10.31184445	         13.09038556	         -0.46443250	          0.01397827	          0.01000608	          0.02621597	          0.01000070	          0.01000205	          0.05957211	          0.28475973	          0.38324713	          0.05906999	          0.01000012	          0.09717030	          0.01000025	          0.13841904	          0.02574948	          0.01000016	          0.01000517	          0.01000156	          0.14459082	
          1.43535313	         -7.67409867	          1.78061207	          0.90335740	         35.32790100	          3.07643064	        -35.66465692	        -15.39530551	         10.38074599	         13.10329262	         -0.59667067	          0.01508425	          0.01000613	          0.02693738	          0.01000062	          0.02980622	          0.05785335	          0.29427476	          0.39105291	          0.05039653	          0.01000015	          0.08290415	          0.01000029	          0.13652163	          0.02202753	          0.01000015	          0.01054296	          0.01000150	          0.14672701	
          1.44567942	         -7.66677849	          1.79265985	          0.90219394	         35.73606908	          2.21805564	        -33.55079270	        -15.31283827	         10.43114919	         13.04022887	         -0.70652659	          0.01579046	          0.01000658	          0.02586094	          0.01000071	          0.06006052	          0.05504772	          0.30274233	          0.39676912	          0.04299662	          0.01000018	          0.07073150	          0.01000029	          0.12591693	          0.01881468	          0.01000014	          0.01165143	          0.01000118	          0.15013782	
          1.45600570	         -7.66199222	          1.80492767	          0.90107609	         36.07076811	          1.33607201	        -31.42704662	        -15.19852543	         10.47092151	         12.88787049	         -0.79028415	          0.01347382	          0.01000502	          0.02341276	          0.01000060	          0.09242471	          0.05092745	          0.30990995	          0.39990587	          0.03668327	          0.01000025	          0.06034596	          0.01000039	          0.10742864	          0.01880651	          0.01000014	          0.01218657	          0.01000094	          0.15285872	
          1.46633198	         -7.65954721	          1.81744949	          0.90002523	         36.32143816	          0.43077060	        -29.29359839	        -15.05478691	         10.50674665	         12.63381718	         -0.84409595	          0.01150628	          0.01000652	          0.01997713	          0.01000089	          0.12112669	          0.04691673	          0.31545838	          0.40027463	          0.03129693	          0.01000026	          0.05148528	          0.01000038	          0.09165457	          0.01608139	          0.01000014	          0.01172882	          0.01000115	          0.15483419	
          1.47665826	         -7.65910679	          1.83025831	          0.89905701	         36.47904752	         -0.49633775	        -27.15719944	        -14.88664959	         10.54320671	         12.26795319	         -0.86429244	          0.01134498	          0.01000618	          0.01714503	          0.01000098	          0.14949892	          0.04317315	          0.31910160	          0.39746273	          0.02670149	          0.01000031	          0.04392560	          0.01000049	          0.07819662	          0.01372849	          0.01000016	          0.01066245	          0.01000316	          0.15651171	
          1.48698454	         -7.66031668	          1.84338480	          0.89817885	         36.53874562	         -1.44373131	        -25.03413750	        -14.69897637	         10.58214222	         11.78259684	         -0.84737662	          0.01205817	          0.01000507	          0.01686843	          0.01000063	          0.17908863	          0.03879466	          0.32057096	          0.39125317	          0.02278081	          0.01000084	          0.03747592	          0.01000164	          0.06671474	          0.01171629	          0.01000019	          0.01000712	          0.01000372	          0.15901543	
          1.49731082	         -7.66282886	          1.85685769	          0.89738972	         36.49818009	         -2.41073811	        -22.94386221	        -14.49463216	         10.61987657	         11.17185670	         -0.78992724	          0.01172512	          0.01001320	          0.01439213	          0.01000085	          0.20673052	          0.03621792	          0.31964755	          0.38175454	          0.01943583	          0.01000156	          0.03197325	          0.01627166	          0.05691878	          0.01000226	          0.01000022	          0.01000223	          0.01014231	          0.16243505	
          1.50763710	         -7.66619711	          1.87070326	          0.89668180	         36.35499794	         -3.39477586	        -20.90960507	        -14.27931655	         10.64989881	         10.43085431	         -0.68877312	          0.01000381	          0.01000555	          0.01227917	          0.07475968	          0.23733146	          0.04328501	          0.31619498	          0.36872823	          0.01658200	          0.04792699	          0.02727856	          0.03023393	          0.04856120	          0.02407931	          0.01000036	          0.01000111	          0.01202797	          0.16863333	
          1.51796339	         -7.66981349	          1.88493407	          0.89604206	         36.11590541	         -4.37671845	        -19.00140757	        -14.08809315	         10.66131991	          9.56007295	         -0.54254800	          0.01000042	          0.01000328	          0.01047656	          0.14595802	          0.26512600	          0.05356579	          0.30991322	          0.35256042	          0.01414720	          0.09459608	          0.02327321	          0.04222702	          0.04143079	          0.03561952	          0.01000224	          0.01000038	          0.01485953	          0.17517929	
          1.52828967	         -7.67308927	          1.89955633	          0.89545274	         35.79120226	         -5.33393615	        -17.30545443	        -13.96268930	         10.63401021	          8.56479861	         -0.35053681	          0.01000038	          0.01000290	          0.01000071	          0.20898837	          0.28801182	          0.06241722	          0.30047773	          0.33350722	          0.01206993	          0.13679445	          0.01985599	          0.05207022	          0.03534736	          0.03039012	          0.01531239	          0.01000098	          0.01904893	          0.18695719	
          1.53861595	         -7.67543904	          1.91457284	          0.89489084	         35.38497131	         -6.24172499	        -15.88772161	        -13.94963361	         10.55638753	          7.45484216	         -0.11234551	          0.01000034	          0.01000206	          0.01000099	          0.23609358	          0.31239167	          0.05736309	          0.28788919	          0.31216043	          0.01029767	          0.16562039	          0.01694055	          0.06089644	          0.03015719	          0.02592807	          0.01947451	          0.01000013	          0.02418670	          0.19625926	
          1.54894223	         -7.67626702	          1.92997525	          0.89432468	         34.89849163	         -7.06753713	        -14.79416482	        -14.11026350	         10.38191464	          6.24626546	          0.17105620	          0.01000039	          0.01000269	          0.01000088	          0.23512908	          0.29732784	          0.04894037	          0.27135717	          0.28781139	          0.01000004	          0.17868930	          0.01445324	          0.05938426	          0.02572911	          0.02212110	          0.03156431	          0.01172117	          0.02831507	          0.22003391	
          1.55926851	         -7.67508937	          1.94575006	          0.89371168	         34.33059810	         -7.78190189	        -14.05489902	        -14.49938329	         10.11687712	          4.95419325	          0.49823483	          0.01000021	          0.01000334	          0.01000098	          0.20277114	          0.25367034	          0.04175432	          0.25277034	          0.26477219	          0.01000005	          0.16790819	          0.01233125	          0.05066613	          0.02195122	          0.01887308	          0.03836143	          0.01000021	          0.03601162	          0.22452187	
          1.56959479	         -7.67169941	          1.96186866	          0.89300700	         33.68611301	         -8.35996801	        -13.71172381	        -15.16002805	          9.61155745	          3.58665532	          0.86614066	          0.01000065	          0.01609867	          0.01000013	          0.17299751	          0.21642300	          0.03562341	          0.22416450	          0.22719157	          0.01000004	          0.15704491	          0.01052104	          0.04584454	          0.01872805	          0.01610194	          0.07814518	          0.01654066	          0.03072393	          0.30450268	
          1.57992108	         -7.66621643	          1.97828954	          0.89218876	         32.95524883	         -8.77592257	        -13.83066633	        -16.13086903	          8.95732557	          2.13731657	          1.27033930	          0.01000025	          0.01373572	          0.02841186	          0.14759568	          0.18464489	          0.03039273	          0.19124959	          0.19383217	          0.01000004	          0.13398541	          0.01000041	          0.06729051	          0.01597815	          0.01373771	          0.11761970	          0.01411210	          0.02679615	          0.31015672	
          1.59024736	         -7.66135434	          1.99486334	          0.89135228	         32.14190552	         -8.98943968	        -14.23896456	        -17.44506894	          8.22630845	          0.54467096	          1.69516155	          0.02780870	          0.01172039	          0.03176403	          0.12592366	          0.15753280	          0.02593009	          0.16316768	          0.16537104	          0.01000003	          0.11662347	          0.01610532	          0.13432088	          0.01363203	          0.01172060	          0.14166548	          0.01204004	          0.02286158	          0.42994168	
          1.60057364	         -7.66185527	          2.01127425	          0.89072841	         31.34430922	         -8.92274606	        -14.66015540	        -19.16218619	          7.41705654	         -1.31429222	          2.10579302	          0.02372549	          0.01000042	          0.02710021	          0.10743387	          0.13440277	          0.02212271	          0.13920914	          0.14108897	          0.01000003	          0.09949922	          0.01374077	          0.17416778	          0.01163040	          0.01000006	          0.19392852	          0.01027217	          0.01950474	          0.52051273	
          1.61089992	         -7.67061855	          2.02727557	          0.89049047	         30.67783032	         -8.52917838	        -15.25442310	        -21.28347675	          6.66477562	         -3.58246451	          2.47454019	          0.02024182	          0.01001158	          0.02312100	          0.09816363	          0.15712435	          0.01887436	          0.11876853	          0.12037233	          0.01000003	          0.08488944	          0.01172334	          0.19706897	          0.01000009	          0.01000036	          0.26455948	          0.01000638	          0.01808130	          0.56002785	
          1.62122620	         -7.68660303	          2.04280534	          0.89067250	         30.10015280	         -7.83152874	        -15.97690342	        -23.73744446	          6.23497848	         -6.22136994	          2.79330777	          0.01726968	          0.01000094	          0.01972606	          0.09310790	          0.14987462	          0.01610298	          0.10132929	          0.10269760	          0.19325353	          0.07392844	          0.01000233	          0.22368688	          0.01000011	          0.01000028	          0.32590608	          0.01061350	          0.01542645	          0.60852509	
          1.63155248	         -7.71020525	          2.05783272	          0.89115536	         29.52409513	         -6.89990198	        -16.65993127	        -26.40897191	          6.06081595	         -8.49743354	          3.05942467	          0.01473402	          0.02345385	          0.01682962	          0.09490622	          0.15584450	          0.01373852	          0.08645072	          0.08761812	          0.16487745	          0.06508000	          0.01000090	          0.22915865	          0.01000007	          0.01000018	          0.36176156	          0.01000015	          0.01316136	          0.62862416	
          1.64187876	         -7.74144071	          2.07236958	          0.89189141	         28.90447360	         -5.80472864	        -17.21702105	        -29.10780507	          6.07048831	         -9.65534187	          3.27503826	          0.01257083	          0.04739637	          0.01435848	          0.09206995	          0.14937783	          0.01172125	          0.07375685	          0.07475282	          0.19514142	          0.06268848	          0.01000113	          0.21671065	          0.01000010	          0.01000025	          0.37512723	          0.01000048	          0.01209568	          0.61231058	
          1.65220505	         -7.77918840	          2.08645973	          0.89290606	         28.23350516	         -4.56303275	        -17.63873295	        -31.79160110	          6.23948848	        -10.05548136	          3.44501112	          0.01767337	          0.06148534	          0.01225018	          0.08209845	          0.19894257	          0.01000020	          0.06292689	          0.06377658	          0.22422807	          0.06566936	          0.01000114	          0.20154814	          0.01000010	          0.01000025	          0.36790531	          0.01000048	          0.01937468	          0.59277126	
          1.66253133	         -7.82235472	          2.10015278	          0.89418435	         27.51994897	         -3.20017027	        -17.94048774	        -34.39971581	          6.50725499	         -9.98406326	          3.57474407	          0.03090356	          0.07951598	          0.01045147	          0.07560103	          0.23501383	          0.01000003	          0.05368722	          0.05441202	          0.22950705	          0.06634801	          0.01000134	          0.18394480	          0.01000009	          0.01000023	          0.34969872	          0.01000019	          0.02916649	          0.56297908	
          1.67285761	         -7.86966933	          2.11350506	          0.89567686	         26.77230051	         -1.74475024	        -18.14158915	        -36.87098265	          6.84428886	         -9.61732126	          3.67005282	          0.03562146	          0.09767355	          0.01000007	          0.06983213	          0.26511077	          0.01000004	          0.04580427	          0.04642250	          0.22004223	          0.06775979	          0.01000111	          0.16960137	          0.01000010	          0.01000025	          0.32799772	          0.01000025	          0.04746183	          0.52376737	
          1.68318389	         -7.91993934	          2.12656563	          0.89732837	         25.99522720	         -0.22054118	        -18.25495946	        -39.15956806	          7.23023394	         -9.04883643	          3.73577475	          0.03039198	          0.11735321	          0.01000009	          0.06338123	          0.28566043	          0.01000004	          0.03907871	          0.03960611	          0.20586179	          0.06974769	          0.01000109	          0.15904709	          0.01000009	          0.01000025	          0.30376864	          0.01000029	          0.06267072	          0.48538775	
          1.69351017	         -7.97218709	          2.13937893	          0.89908323	         25.18801779	          1.35207977	        -18.27995082	        -41.22716645	          7.61478808	         -8.33747084	          3.77632590	          0.02592952	          0.13853541	          0.01000009	          0.05876607	          0.29684401	          0.01000004	          0.03334067	          0.03379060	          0.19035289	          0.07053706	          0.01000110	          0.14897209	          0.01000009	          0.01000025	          0.27857544	          0.01000025	          0.07743274	          0.45174462	
          1.70383645	         -8.02552512	          2.15198147	          0.90088120	         24.35175571	          2.95951531	        -18.22005223	        -43.05524724	          7.96284123	         -7.52068833	          3.79514142	          0.02212225	          0.16058404	          0.01000009	          0.05595156	          0.29781741	          0.01000004	          0.02844515	          0.02882900	          0.17549837	          0.07001383	          0.01000100	          0.13948285	          0.01000009	          0.01000027	          0.25455225	          0.01000023	          0.09180544	          0.42302685	
          1.71416274	         -8.07920108	          2.16439935	          0.90266263	         23.49150830	          4.59516622	        -18.08805543	        -44.64621660	          8.26912668	         -6.61934338	          3.79445597	          0.01887399	          0.18438903	          0.01000009	          0.05474233	          0.28953916	          0.01000005	          0.02426846	          0.02459593	          0.16222397	          0.06824615	          0.01000087	          0.13061577	          0.01000009	          0.01000030	          0.23274169	          0.01000023	          0.10550113	          0.39885912	
          1.72448902	         -8.13235800	          2.17665040	          0.90437404	         22.61378431	          6.25700395	        -17.90000686	        -46.01721620	          8.54027372	         -5.64403888	          3.77530973	          0.01610268	          0.20944842	          0.01000008	          0.05464426	          0.27382855	          0.01000006	          0.02070504	          0.02098442	          0.15087814	          0.06526078	          0.01000078	          0.12231737	          0.01000010	          0.01000035	          0.21360531	          0.01000023	          0.11858224	          0.37796818	
          1.73481530	         -8.18393184	          2.18874714	          0.90597062	         21.72454671	          7.94526077	        -17.67112496	        -47.19388388	          8.78586772	         -4.60080747	          3.73782287	          0.01373829	          0.23406426	          0.01000008	          0.05508656	          0.25267665	          0.01000007	          0.01766486	          0.01790320	          0.14142527	          0.06135289	          0.01000072	          0.11425591	          0.01000010	          0.01000042	          0.19717850	          0.01000023	          0.13117388	          0.35923363	
          1.74514158	         -8.23306615	          2.20069944	          0.90741674	         20.82887693	          9.66090942	        -17.41445323	        -48.20455266	          9.01579474	         -3.49576052	          3.68203983	          0.01172109	          0.25659288	          0.01000008	          0.05561560	          0.22816919	          0.01000008	          0.01507108	          0.01527441	          0.13366973	          0.05676506	          0.01000070	          0.10634284	          0.01000011	          0.01000052	          0.18310327	          0.01000024	          0.14350080	          0.34146570	
          1.75546786	         -8.27913320	          2.21251675	          0.90868624	         19.93075305	         11.40411993	        -17.14056010	        -49.07554530	          9.23896942	         -2.33845171	          3.60823495	          0.01000018	          0.27494558	          0.01000007	          0.05596974	          0.20231743	          0.01000009	          0.01285815	          0.01303162	          0.12698662	          0.05161445	          0.01000069	          0.09876499	          0.01000012	          0.01000065	          0.17090089	          0.01000027	          0.15556934	          0.32435155	
          1.76579414	         -8.32171732	          2.22420906	          0.90976238	         19.03358863	         13.17329263	        -16.85786127	        -49.82809293	          9.45544571	         -1.14588108	          3.51700787	          0.01000011	          0.28686511	          0.01000007	          0.05655776	          0.17665648	          0.01000010	          0.01097019	          0.01111815	          0.12124313	          0.04627755	          0.01000072	          0.09052740	          0.01000014	          0.01000085	          0.15991078	          0.02013833	          0.16712280	          0.31032194	
          1.77612042	         -8.36057353	          2.23578449	          0.91063709	         18.14347243	         14.96513305	        -16.57833382	        -50.47842365	          9.65961159	          0.05855716	          3.40891896	          0.01000009	          0.29091493	          0.01000007	          0.05693932	          0.15247163	          0.01000012	          0.01000013	          0.01000004	          0.12132958	          0.04089468	          0.01000075	          0.08328833	          0.01000015	          0.01000112	          0.15028144	          0.03888654	          0.17844466	          0.29825036	
          1.78644671	         -8.39559791	          2.24725211	          0.91130943	         17.26737603	         16.77347817	        -16.31745354	        -51.03427120	          9.86220807	          1.24699162	          3.28479275	          0.01000007	          0.28613162	          0.01000007	          0.05717983	          0.13081189	          0.01000015	          0.01000012	          0.01000004	          0.12719727	          0.03567344	          0.01000081	          0.07664257	          0.01000018	          0.01000155	          0.14180872	          0.05513877	          0.18972320	          0.28707596	
          1.79677299	         -8.42677504	          2.25862516	          0.91178361	         16.40993616	         18.58836668	        -16.08759068	        -51.49320434	         10.07877142	          2.39278251	          3.14607363	          0.01000006	          0.27072499	          0.01000007	          0.05749701	          0.11231279	          0.01000019	          0.01000011	          0.01000004	          0.13128103	          0.03127750	          0.01000093	          0.07022958	          0.01000021	          0.01000196	          0.13387292	          0.07042181	          0.20116777	          0.27649301	
          1.80709927	         -8.45416366	          2.26992153	          0.91206774	         15.57351626	         20.39508037	        -15.89641532	        -51.84087077	         10.31547521	          3.48771673	          2.99485912	          0.01000006	          0.23775019	          0.01000007	          0.05832473	          0.09737638	          0.01000025	          0.01000011	          0.01000004	          0.13544958	          0.02789555	          0.01000111	          0.06407975	          0.01000024	          0.01000208	          0.12608084	          0.08477568	          0.21296265	          0.26618781	
          1.81742555	         -8.47789068	          2.28116292	          0.91217349	         14.75919173	         22.17373857	        -15.74891560	        -52.04834423	         10.57331660	          4.52525293	          2.83377832	          0.01000005	          0.20284171	          0.01000007	          0.05961937	          0.08584420	          0.01000037	          0.01000012	          0.01000005	          0.13908034	          0.02569784	          0.01000138	          0.05884662	          0.01000028	          0.01000191	          0.11860631	          0.09848918	          0.22517027	          0.25605876	
          1.82775183	         -8.49813487	          2.29237158	          0.91211332	         13.96678734	         23.90334114	        -15.64731605	        -52.08307953	         10.85045957	          5.49870914	          2.66555734	          0.01000005	          0.17305821	          0.01000008	          0.06150682	          0.07719976	          0.01000071	          0.01000012	          0.01000005	          0.14216772	          0.02451789	          0.01000176	          0.05489971	          0.01000033	          0.01000171	          0.11183049	          0.11170242	          0.23781265	          0.24589068	
          1.83807811	         -8.51510933	          2.30356826	          0.91189853	         13.19440067	         25.56521249	        -15.59008403	        -51.91838245	         11.14326498	          6.40005798	          2.49273455	          0.01000004	          0.14764777	          0.01000008	          0.06433553	          0.07062755	          0.01000135	          0.01000013	          0.01000006	          0.14450396	          0.02413364	          0.01000223	          0.05226050	          0.01000037	          0.01000151	          0.10603523	          0.12454936	          0.25087872	          0.23534672	
          1.84840440	         -8.52905297	          2.31477225	          0.91153926	         12.43800051	         27.14347583	        -15.57128750	        -51.53470200	         11.44665104	          7.22072865	          2.31766713	          0.01000004	          0.12596842	          0.01000009	          0.06851251	          0.06524963	          0.01001511	          0.01000014	          0.01000007	          0.14600565	          0.02443634	          0.01000280	          0.05086294	          0.01000040	          0.01000136	          0.10127980	          0.13714577	          0.26433173	          0.22347833	
          1.85873068	         -8.54022820	          2.32600164	          0.91104503	         11.69158123	         28.62488908	        -15.58096008	        -50.91891954	         11.75418294	          7.95236466	          2.14256901	          0.01000004	          0.10747238	          0.01000010	          0.07432978	          0.06030571	          0.01002876	          0.01000016	          0.01000008	          0.14667061	          0.02543895	          0.01000334	          0.05057323	          0.01000042	          0.01000123	          0.09737231	          0.14961029	          0.27812046	          0.20985113	
          1.86905696	         -8.54891942	          2.33727325	          0.91042548	         10.94794563	         29.99879288	        -15.60646185	        -50.06375648	         12.05713316	          8.58849731	          1.96950063	          0.01000004	          0.09169239	          0.01000011	          0.08186520	          0.05535050	          0.01000181	          0.01000019	          0.01000010	          0.14671861	          0.02718000	          0.01000389	          0.05126825	          0.01000042	          0.01000110	          0.09373313	          0.16201336	          0.29210821	          0.18751403	
          1.87938324	         -8.55544384	          2.34860228	          0.90969223	         10.19974607	         31.25694958	        -15.63394206	        -48.96679416	         12.34225157	          9.12650800	          1.80034202	          0.01000005	          0.07823024	          0.01000012	          0.09057512	          0.05008676	          0.01000065	          0.01000024	          0.01000013	          0.14645824	          0.02956540	          0.01000441	          0.05267848	          0.01000041	          0.01000097	          0.09003733	          0.17435302	          0.30603178	          0.15998091	
          1.88970952	         -8.56014064	          2.36000250	          0.90885918	          9.44059761	         32.39322667	        -15.65172440	        -47.62948152	         12.60148336	          9.56936744	          1.63680145	          0.01000005	          0.06675330	          0.01000013	          0.09907146	          0.04445028	          0.01000035	          0.01000033	          0.01000018	          0.14627746	          0.03239116	          0.01000477	          0.05431640	          0.01000039	          0.01000086	          0.08641075	          0.18662226	          0.31968944	          0.13649039	
          1.90003580	         -8.56331200	          2.37148634	          0.90793867	          8.66587941	         33.40448815	        -15.65256119	        -46.06010420	         12.83539664	          9.92637540	          1.48038280	          0.01000006	          0.07045948	          0.01000015	          0.10619661	          0.03843775	          0.01000026	          0.01000046	          0.01000024	          0.14649657	          0.03520484	          0.01000485	          0.05648047	          0.01000037	          0.01000077	          0.08304788	          0.19882788	          0.33300342	          0.11644902	
          1.91036208	         -8.56515794	          2.38306418	          0.90693831	          7.87279131	         34.29448314	        -15.63257958	        -44.28531421	         13.04446590	         10.21205447	          1.33222791	          0.01000007	          0.08010854	          0.01000018	          0.11127977	          0.03280737	          0.01000022	          0.01000062	          0.01000034	          0.14724497	          0.03769435	          0.01000483	          0.05858427	          0.01000034	          0.01000069	          0.08029484	          0.21092814	          0.34587618	          0.09935039	
          1.92068837	         -8.56576118	          2.39474636	          0.90586434	          7.06007570	         35.07138288	        -15.59067155	        -42.34403086	         13.22655174	         10.44294463	          1.19336279	          0.01000009	          0.08564904	          0.01000021	          0.11401407	          0.02799352	          0.01000020	          0.01000082	          0.01000045	          0.14847360	          0.03941748	          0.01000470	          0.06021065	          0.01000033	          0.01000065	          0.07869610	          0.22282422	          0.35813862	          0.08476240	
          1.93101465	         -8.56510141	          2.40654605	          0.90472674	          6.22753234	         35.74308671	        -15.52780149	        -40.27530349	         13.37605606	         10.63398069	          1.06507541	          0.01000012	          0.08932952	          0.01000028	          0.11378438	          0.02388474	          0.01000018	          0.01000103	          0.01000056	          0.14993397	          0.03997827	          0.01000413	          0.06122082	          0.01000030	          0.01000061	          0.07877855	          0.23436869	          0.36954362	          0.07231643	
          1.94134093	         -8.56305511	          2.41848083	          0.90354240	          5.37594155	         36.31470490	        -15.44701385	        -38.11220891	         13.48396098	         10.79613739	          0.94911057	          0.01000015	          0.07626313	          0.01000030	          0.10896595	          0.02037878	          0.01000015	          0.01000168	          0.01000074	          0.15174063	          0.03971701	          0.01000385	          0.05946835	          0.01000032	          0.01000064	          0.08034365	          0.24535843	          0.37979420	          0.06169794	
          1.95166721	         -8.55942230	          2.43057399	          0.90233649	          4.50804619	         36.78290776	        -15.35514745	        -35.86729569	         13.53829858	         10.93676412	          0.84786315	          0.01000020	          0.06506689	          0.01000035	          0.09377421	          0.01738754	          0.01000013	          0.01000800	          0.01000114	          0.15364186	          0.03533743	          0.01000311	          0.05475215	          0.01000032	          0.01000076	          0.08237365	          0.25554474	          0.38846055	          0.05263860	
          1.96199349	         -8.55394756	          2.44285239	          0.90113687	          3.62834510	         37.13937609	        -15.26218958	        -33.54363936	         13.52626109	         11.05976535	          0.76416170	          0.01000027	          0.05551332	          0.01000037	          0.08000513	          0.01483523	          0.01000012	          0.01013051	          0.01000108	          0.15637787	          0.03172410	          0.01000309	          0.04946613	          0.01000037	          0.01000092	          0.08566678	          0.26455101	          0.39519610	          0.04490948	
          1.97231977	         -8.54631604	          2.45534513	          0.89996864	          2.74029878	         37.37650513	        -15.17651921	        -31.14826354	         13.43584618	         11.16780466	          0.70112442	          0.01000025	          0.04736230	          0.01000040	          0.06825774	          0.01265753	          0.01000012	          0.01017937	          0.01000117	          0.15952659	          0.02792490	          0.01000318	          0.04590177	          0.01000043	          0.01000117	          0.09054107	          0.27205551	          0.39954068	          0.03831526	
          1.98264606	         -8.53617523	          2.46808315	          0.89885240	          1.84449495	         37.49082309	        -15.10127216	        -28.70065501	         13.25539218	         11.26322698	          0.66214908	          0.01166200	          0.04040804	          0.01000165	          0.05823523	          0.01079953	          0.01000014	          0.01006494	          0.01000292	          0.16402890	          0.02382579	          0.01000235	          0.04121397	          0.01000032	          0.01000064	          0.09759970	          0.27776260	          0.40113111	          0.03268929	
          1.99297234	         -8.52324821	          2.48109715	          0.89780362	          0.94123238	         37.48375062	        -15.03912711	        -26.23672938	         12.97524837	         11.35266658	          0.65080250	          0.01304418	          0.03447488	          0.01597666	          0.04968436	          0.01000319	          0.01000015	          0.01000160	          0.01000097	          0.16926516	          0.02032747	          0.01000178	          0.03516256	          0.01000034	          0.01000239	          0.10086987	          0.28149892	          0.39948783	          0.02788940	
          2.00329862	         -8.50709276	          2.49441316	          0.89683310	          0.03754976	         37.35788352	        -15.00477053	        -23.79960233	         12.58775112	         11.43774477	          0.66997900	          0.02194641	          0.02941289	          0.02891089	          0.04238904	          0.01000387	          0.01000017	          0.01000176	          0.01000115	          0.17461352	          0.01734281	          0.01000231	          0.02999960	          0.01000050	          0.04988862	          0.10172172	          0.28286240	          0.39469952	          0.02379430	
          2.01362490	         -8.48729973	          2.50805905	          0.89594804	         -0.86250083	         37.11491690	        -15.00612992	        -21.43786606	         12.08336644	         11.51988745	          0.72299975	          0.03013882	          0.02509416	          0.04816764	          0.03616492	          0.01000286	          0.01000019	          0.01000063	          0.01000045	          0.17965341	          0.01479638	          0.01000251	          0.02559470	          0.01000057	          0.08371832	          0.10029437	          0.28159705	          0.38628572	          0.02030050	
          2.02395118	         -8.46355956	          2.52205712	          0.89514839	         -1.75013863	         36.75787677	        -15.06073129	        -19.20223213	         11.45890989	         11.59217027	          0.81273106	          0.06307227	          0.02140955	          0.04315946	          0.03085471	          0.02083806	          0.01000042	          0.01000064	          0.01000077	          0.18216336	          0.01262384	          0.01000558	          0.02183658	          0.01000426	          0.11516605	          0.09853064	          0.27745957	          0.37435753	          0.01731970	
          2.03427746	         -8.43541013	          2.53641383	          0.89442205	         -2.60864018	         36.30904328	        -15.19926049	        -17.19498138	         10.71584884	         11.63501484	          0.93997252	          0.10258665	          0.01826598	          0.05267590	          0.02632421	          0.02264077	          0.01002760	          0.01000036	          0.01000061	          0.18380005	          0.01077034	          0.01000266	          0.01863028	          0.03535853	          0.14827814	          0.09850646	          0.27011319	          0.35882100	          0.01477659	
          2.04460374	         -8.40261112	          2.55112599	          0.89375234	         -3.41249978	         35.78994472	        -15.46698756	        -15.52119915	          9.85746752	         11.61188774	          1.10463238	          0.13003719	          0.01558402	          0.04494366	          0.02245895	          0.01931687	          0.01762593	          0.01000041	          0.01000131	          0.18585422	          0.01000024	          0.01000606	          0.01589478	          0.03561913	          0.13832866	          0.09737579	          0.25951558	          0.34026974	          0.01260690	
          2.05493003	         -8.36488322	          2.56618429	          0.89311574	         -4.13471821	         35.21659266	        -15.91289567	        -14.26411331	          8.89049759	         11.46655424	          1.30585291	          0.14397812	          0.01329591	          0.04236794	          0.01916123	          0.01648067	          0.02753097	          0.01000048	          0.01211565	          0.19877007	          0.01000024	          0.01001485	          0.01356097	          0.03038923	          0.11801752	          0.09771715	          0.24433039	          0.31745340	          0.01075580	
