C:\GBW_MyPrograms\PredSimResults\gait1018_esmac\gait1018_esmac_v38.mot
version=1
nRows=200
nColumns=29
inDegrees=yes
endheader
                time	         pelvis_tilt	           pelvis_tx	           pelvis_ty	       hip_flexion_l	       hip_flexion_r	        knee_angle_l	        knee_angle_r	       ankle_angle_l	       ankle_angle_r	    lumbar_extension	hamstrings_r/activation	bifemsh_r/activation	glut_max_r/activation	iliopsoas_r/activation	rect_fem_r/activation	  vasti_r/activation	gastroc_r/activation	 soleus_r/activation	tib_ant_r/activation	hamstrings_l/activation	bifemsh_l/activation	glut_max_l/activation	iliopsoas_l/activation	rect_fem_l/activation	  vasti_l/activation	gastroc_l/activation	 soleus_l/activation	tib_ant_l/activation	
          0.00000000	         -8.82231252	          0.00000000	          0.89783276	         -5.86807873	         30.80803516	        -12.61898635	         -5.24840968	          4.92477280	          7.50625852	          2.05594068	          0.08420471	          0.01000001	          0.04743758	          0.01165167	          0.01172255	          0.02063372	          0.01172255	          0.02365004	          0.21083200	          0.01000000	          0.03368418	          0.06257513	          0.01000000	          0.01000001	          0.06636844	          0.19733143	          0.33326481	          0.01215616	
          0.01033536	         -8.76375535	          0.01552127	          0.89734569	         -6.04234727	         29.96649584	        -14.10893009	         -4.95026852	          3.86025810	          7.00735784	          2.29277534	          0.07183133	          0.01000001	          0.05122503	          0.01000000	          0.01000000	          0.04814441	          0.01000000	          0.02224744	          0.24999620	          0.01000000	          0.02873449	          0.10480535	          0.01127970	          0.01000000	          0.06423684	          0.16833476	          0.29341370	          0.01036988	
          0.02067072	         -8.69949432	          0.03131880	          0.89683879	         -6.08437103	         29.06276434	        -15.84429407	         -5.07211464	          2.64038504	          6.28993816	          2.55820419	          0.06127615	          0.01000000	          0.04613240	          0.01000000	          0.01000000	          0.04106988	          0.02042594	          0.02025042	          0.27187987	          0.01000001	          0.02451213	          0.17721924	          0.01000005	          0.01000000	          0.05988641	          0.14359897	          0.25029831	          0.01000000	
          0.03100608	         -8.63296656	          0.04721679	          0.89641542	         -5.97553129	         28.14331203	        -17.80905718	         -5.33422886	          1.18903618	          5.46388184	          2.83408787	          0.05293770	          0.02213661	          0.07966078	          0.01000000	          0.01000000	          0.03503491	          0.01742447	          0.01727475	          0.40055461	          0.01561151	          0.02091022	          0.20484554	          0.01000000	          0.01000000	          0.06850601	          0.12249796	          0.21351847	          0.01000000	
          0.04134144	         -8.56866572	          0.06295833	          0.89627653	         -5.68526532	         27.31614134	        -19.98301408	         -5.70760489	         -0.61288659	          4.45739441	          3.09304932	          0.05891377	          0.01888377	          0.12858117	          0.01000000	          0.01000000	          0.09643291	          0.01486405	          0.01473632	          0.46258431	          0.01374183	          0.01783759	          0.17474471	          0.01000000	          0.01000000	          0.05843946	          0.10449762	          0.18214320	          0.01000000	
          0.05167680	         -8.50950428	          0.07837832	          0.89654895	         -5.15553146	         26.59204379	        -22.41160901	         -6.23757203	         -2.87610958	          3.62726014	          3.31801851	          0.06121885	          0.01610891	          0.15181941	          0.01000000	          0.01000000	          0.15647005	          0.01267987	          0.01572973	          0.51780572	          0.01172255	          0.01521646	          0.14906702	          0.01000000	          0.01234301	          0.04985213	          0.08914232	          0.15537835	          0.01000000	
          0.06201216	         -8.45671712	          0.09340095	          0.89723431	         -4.36613753	         25.91173059	        -25.10030717	         -6.82855272	         -5.55868967	          3.11985517	          3.50153003	          0.07068783	          0.01374181	          0.17901506	          0.01000000	          0.01000000	          0.20413397	          0.01172255	          0.01374183	          0.55608056	          0.01000000	          0.01298049	          0.12716251	          0.01000000	          0.04295728	          0.04252666	          0.07604339	          0.13254643	          0.21026377	
          0.07234753	         -8.41155594	          0.10796958	          0.89818522	         -3.37764114	         25.22308572	        -27.93652496	         -7.37336048	         -7.99322470	          2.90003076	          3.63829891	          0.07108957	          0.01172253	          0.18623521	          0.01000000	          0.01000000	          0.22593086	          0.01000000	          0.01172255	          0.57418732	          0.01000000	          0.01107309	          0.10847674	          0.01000000	          0.07414962	          0.03627762	          0.06486927	          0.11306952	          0.17936676	
          0.08268289	         -8.37457947	          0.12208391	          0.89932951	         -2.26832365	         24.50380116	        -30.71112121	         -7.81887485	         -9.26154972	          2.87430678	          3.72932307	          0.06894790	          0.01000000	          0.17478499	          0.01000000	          0.01000000	          0.23314240	          0.01000000	          0.01000000	          0.56194721	          0.01000001	          0.01000000	          0.09253673	          0.01000000	          0.07866899	          0.03094684	          0.05533711	          0.09645463	          0.19830242	
          0.09301825	         -8.34516700	          0.13578978	          0.90068252	         -1.05186547	         23.74888629	        -33.38476825	         -8.15613526	         -9.80334276	          2.99574727	          3.78014220	          0.07034741	          0.01000000	          0.16179306	          0.01000000	          0.01000000	          0.23380497	          0.01000000	          0.01000000	          0.53760971	          0.01766979	          0.02674806	          0.07893901	          0.01000000	          0.11602334	          0.02639939	          0.04720566	          0.08228120	          0.22825936	
          0.10335361	         -8.32257630	          0.14913980	          0.90221804	          0.25932451	         22.95568849	        -35.93371717	         -8.38092378	         -9.88686840	          3.21373174	          3.79684278	          0.06949337	          0.01000000	          0.14784195	          0.01000000	          0.01000000	          0.22588176	          0.01000000	          0.01310196	          0.50979165	          0.02513877	          0.03105227	          0.06733940	          0.01000000	          0.14725818	          0.02252015	          0.04026907	          0.07019047	          0.23280040	
          0.11368897	         -8.30593865	          0.16218978	          0.90388554	          1.64773129	         22.12260723	        -38.32790959	         -8.49136446	         -9.66215753	          3.47160995	          3.78559560	          0.06864528	          0.01000000	          0.13461588	          0.01000000	          0.01000000	          0.21119007	          0.01000000	          0.01846509	          0.48407599	          0.03031247	          0.04833273	          0.05744428	          0.01000000	          0.17332048	          0.01921095	          0.03435177	          0.05987640	          0.22534797	
          0.12402433	         -8.29365938	          0.17498791	          0.90562122	          3.09844229	         21.25399485	        -40.54880376	         -8.49939566	         -9.23432577	          3.72949688	          3.75057826	          0.06903801	          0.01000000	          0.12486766	          0.01000000	          0.01000000	          0.19366756	          0.01000000	          0.02617585	          0.46219642	          0.02594984	          0.06020214	          0.04900318	          0.01000001	          0.19071298	          0.01638802	          0.02930399	          0.05107792	          0.20939607	
          0.13435969	         -8.28408013	          0.18757703	          0.90736030	          4.59615638	         20.35649849	        -42.57715938	         -8.42300583	         -8.65642845	          3.96914322	          3.69513892	          0.06804620	          0.01000000	          0.11609169	          0.01000000	          0.01000000	          0.17656542	          0.01000000	          0.03789405	          0.44323461	          0.02213666	          0.07508505	          0.04180246	          0.01149149	          0.20138600	          0.01397990	          0.02499794	          0.04357233	          0.19318335	
          0.14469505	         -8.27579951	          0.19999071	          0.90904866	          6.12926842	         19.43623091	        -44.40121352	         -8.27975203	         -7.97347437	          4.19386790	          3.62172351	          0.06586859	          0.01000000	          0.10835275	          0.01000000	          0.01000000	          0.16167343	          0.01000000	          0.05185837	          0.42416226	          0.01888381	          0.08952927	          0.03565984	          0.01546796	          0.20462757	          0.01192563	          0.02132464	          0.03716963	          0.17691241	
          0.15503041	         -8.26772053	          0.21225436	          0.91064679	          7.68998560	         18.49553429	        -46.01950621	         -8.07876810	         -7.20819033	          4.40788180	          3.53209788	          0.06274302	          0.01000000	          0.10038686	          0.01000000	          0.01000000	          0.14885656	          0.01000000	          0.06521150	          0.40637388	          0.01610895	          0.10602611	          0.03041984	          0.01977543	          0.20108373	          0.01017323	          0.01819111	          0.03170778	          0.16235259	
          0.16536577	         -8.25900706	          0.22438774	          0.91212710	          9.27256198	         17.53453711	        -47.43675059	         -7.82266892	         -6.37408961	          4.59917915	          3.42763130	          0.05948971	          0.01000000	          0.09230923	          0.01000000	          0.01000000	          0.13560674	          0.02602920	          0.07624232	          0.39549621	          0.01374184	          0.12419141	          0.02594982	          0.02377007	          0.19168468	          0.01000000	          0.01551804	          0.02704851	          0.14950993	
          0.17570113	         -8.24904239	          0.23640376	          0.91346828	         10.87163523	         16.55818373	        -48.65907222	         -7.52139499	         -5.47829624	          4.75494699	          3.30907648	          0.05508248	          0.01000000	          0.08493210	          0.01000000	          0.01000000	          0.12542214	          0.04471474	          0.08822673	          0.38509574	          0.01172256	          0.14396997	          0.02213665	          0.02831244	          0.17820635	          0.01000000	          0.01323776	          0.02307389	          0.13856032	
          0.18603649	         -8.23737835	          0.24831253	          0.91465594	         12.48273148	         15.57169005	        -49.69578474	         -7.18888411	         -4.52694042	          4.89695752	          3.17703653	          0.05011163	          0.01000000	          0.07773263	          0.01000000	          0.01000000	          0.11626780	          0.06148748	          0.09955663	          0.37637275	          0.01000000	          0.16365877	          0.01888380	          0.03226487	          0.16182704	          0.01000000	          0.01129255	          0.01968332	          0.12917716	
          0.19637186	         -8.22374329	          0.26012425	          0.91568198	         14.10171087	         14.57775774	        -50.55834058	         -6.83345898	         -3.52814229	          5.03831053	          3.03234070	          0.04469259	          0.01000000	          0.06956912	          0.01000000	          0.01000000	          0.10686817	          0.07749795	          0.11084756	          0.36811688	          0.01000000	          0.18076458	          0.01610894	          0.03633293	          0.14398580	          0.01000000	          0.01000000	          0.01679098	          0.12224185	
          0.20670722	         -8.20798995	          0.27184819	          0.91654184	         15.72464064	         13.58008286	        -51.26018804	         -6.46437153	         -2.49235428	          5.18496677	          2.87583468	          0.03924881	          0.01000000	          0.06227400	          0.01000000	          0.01000000	          0.09522299	          0.09294337	          0.12218266	          0.35986979	          0.01000000	          0.19303361	          0.01374183	          0.03938629	          0.12595919	          0.01000000	          0.01000000	          0.01432364	          0.11873323	
          0.21704258	         -8.19007273	          0.28349247	          0.91723346	         17.34671411	         12.58563831	        -51.81228535	         -6.09675312	         -1.43487905	          5.34269913	          2.70831934	          0.03427052	          0.01000000	          0.05556473	          0.01000000	          0.01000000	          0.08123054	          0.10804961	          0.13369624	          0.35126677	          0.01000000	          0.19820881	          0.01172255	          0.04183780	          0.10860621	          0.01000000	          0.01000000	          0.01221887	          0.11513564	
          0.22737794	         -8.17002264	          0.29506521	          0.91775719	         18.96093594	         11.60401814	        -52.21914078	         -5.75012511	         -0.37127136	          5.51641694	          2.53065796	          0.02950497	          0.01000000	          0.04842860	          0.01000000	          0.01000000	          0.06929420	          0.12280319	          0.14532210	          0.34273123	          0.01000000	          0.19407325	          0.01000000	          0.04326516	          0.09393479	          0.01000000	          0.01000000	          0.01042338	          0.11303708	
          0.23771330	         -8.14801051	          0.30657930	          0.91811691	         20.55609811	         10.64122475	        -52.47387268	         -5.43686961	          0.68266253	          5.70751714	          2.34446969	          0.02516985	          0.01000000	          0.04131231	          0.01000000	          0.01000000	          0.05911183	          0.13713367	          0.15721477	          0.33414493	          0.01000000	          0.17061916	          0.01000000	          0.04749455	          0.08095605	          0.01000000	          0.01000000	          0.01000000	          0.11686320	
          0.24804866	         -8.12420347	          0.31805408	          0.91832094	         22.11508606	          9.69807883	        -52.55361334	         -5.16055780	          1.70439143	          5.91595311	          2.15217120	          0.02173919	          0.01000000	          0.03524171	          0.01000000	          0.01000000	          0.05042570	          0.15107573	          0.16938590	          0.32561084	          0.01000000	          0.14554770	          0.01000000	          0.05118690	          0.07136704	          0.01000000	          0.01000000	          0.01000000	          0.12093738	
          0.25838402	         -8.09890330	          0.32951133	          0.91837857	         23.61929925	          8.77160400	        -52.43171164	         -4.91763114	          2.68177575	          6.13939708	          1.95662531	          0.01959711	          0.01000003	          0.03006316	          0.01000000	          0.01000000	          0.04301595	          0.16461106	          0.18190817	          0.31701703	          0.01000000	          0.12416033	          0.01000000	          0.05516882	          0.06309962	          0.01000000	          0.01000000	          0.01000000	          0.12460685	
          0.26871938	         -8.07240616	          0.34097135	          0.91829775	         25.05210611	          7.85782814	        -52.08678976	         -4.70286136	          3.60743044	          6.37563897	          1.76046784	          0.01919167	          0.03269777	          0.02564556	          0.01000000	          0.01000000	          0.03669501	          0.17792071	          0.19485023	          0.30778190	          0.01000000	          0.10591572	          0.01000000	          0.05866069	          0.05721770	          0.01000000	          0.01000000	          0.01000000	          0.12798091	
          0.27905474	         -8.04508490	          0.35244839	          0.91808373	         26.40004872	          6.95842705	        -51.50434143	         -4.52121759	          4.47359624	          6.62573468	          1.56562179	          0.01938840	          0.07583658	          0.02331237	          0.01000000	          0.01000000	          0.03130290	          0.19104018	          0.20820994	          0.29764855	          0.01000000	          0.09035204	          0.01000000	          0.06290586	          0.05227895	          0.01000000	          0.01000000	          0.01000000	          0.13087866	
          0.28939010	         -8.01729833	          0.36395186	          0.91773943	         27.65272901	          6.07876675	        -50.67670492	         -4.38345845	          5.27022632	          6.89034270	          1.37335858	          0.01981131	          0.11757091	          0.02271727	          0.01000000	          0.01000000	          0.02670312	          0.20393960	          0.22199065	          0.28648286	          0.01000000	          0.07707535	          0.01000000	          0.06849159	          0.04803528	          0.01000000	          0.01000000	          0.01000000	          0.13299367	
          0.29972546	         -7.98941283	          0.37549034	          0.91726634	         28.80243482	          5.22206157	        -49.60273717	         -4.29562873	          5.98516400	          7.16779098	          1.18485020	          0.02084341	          0.15814849	          0.02327715	          0.01000000	          0.01000000	          0.02277926	          0.21660181	          0.23625616	          0.27376029	          0.01000000	          0.06574959	          0.01000000	          0.07540068	          0.04420718	          0.01000000	          0.01000000	          0.01000000	          0.13403469	
          0.31006082	         -7.96182566	          0.38707223	          0.91666528	         29.84410963	          4.38899465	        -48.28723032	         -4.25896598	          6.60531093	          7.45530764	          1.00128062	          0.02271702	          0.19770329	          0.02411438	          0.01000000	          0.01000000	          0.01943198	          0.22901516	          0.25103070	          0.25810553	          0.01000000	          0.05608808	          0.01000000	          0.08334933	          0.04023845	          0.01000000	          0.01000000	          0.01000000	          0.13382531	
          0.32039618	         -7.93495682	          0.39870556	          0.91593725	         30.77520661	          3.57867191	        -46.73973433	         -4.27150212	          7.11910069	          7.74827152	          0.82380828	          0.02537633	          0.23617353	          0.02446524	          0.01000000	          0.01000000	          0.01657657	          0.24118658	          0.26632278	          0.23925616	          0.01000000	          0.04784627	          0.01000000	          0.09184690	          0.03528044	          0.01000000	          0.01000000	          0.01000000	          0.13254955	
          0.33073155	         -7.90924110	          0.41039833	          0.91508469	         31.59526644	          2.78888988	        -44.97292725	         -4.32815283	          7.52001473	          8.03709464	          0.65360090	          0.02843298	          0.27356340	          0.02396376	          0.01000000	          0.01000000	          0.01414074	          0.25297920	          0.28189173	          0.20409891	          0.01000000	          0.04081555	          0.01000000	          0.10059046	          0.03009622	          0.01000000	          0.01000000	          0.01000000	          0.13080975	
          0.34106691	         -7.88514781	          0.42216035	          0.91411525	         32.30496626	          2.01418581	        -43.00031980	         -4.41663426	          7.80937205	          8.30432817	          0.49208545	          0.03200031	          0.30769274	          0.02221275	          0.01000000	          0.01000000	          0.01206285	          0.26425503	          0.29747021	          0.17410780	          0.01000000	          0.03481797	          0.01000000	          0.10767518	          0.02567377	          0.01000000	          0.01000000	          0.01000000	          0.12919485	
          0.35140227	         -7.86309237	          0.43400272	          0.91303897	         32.90655326	          1.24850696	        -40.83842066	         -4.52649259	          7.99755513	          8.54961172	          0.34078870	          0.03536361	          0.33801559	          0.01994466	          0.01000000	          0.01000000	          0.01029028	          0.27503166	          0.31287159	          0.14852370	          0.01000000	          0.03841725	          0.01000000	          0.11264153	          0.02190117	          0.01000000	          0.01000000	          0.01000000	          0.12808519	
          0.36173763	         -7.84336770	          0.44593633	          0.91186372	         33.40677996	          0.48720490	        -38.51615903	         -4.65052043	          8.10213721	          8.77426079	          0.20109011	          0.03765729	          0.36423340	          0.01701393	          0.01000000	          0.01000000	          0.01000000	          0.28532236	          0.32798635	          0.12669903	          0.01000000	          0.04178125	          0.01000000	          0.11607965	          0.01868293	          0.01000000	          0.01000000	          0.01000000	          0.12764360	
          0.37207299	         -7.82619986	          0.45797488	          0.91059875	         33.81395083	         -0.27467418	        -36.06812707	         -4.78069750	          8.14316019	          8.97393882	          0.07467364	          0.03810279	          0.38534758	          0.01451384	          0.01000000	          0.01000000	          0.01000000	          0.29504851	          0.34267962	          0.10808136	          0.01000000	          0.04068604	          0.01000000	          0.11778572	          0.01593760	          0.01000000	          0.01000000	          0.01000000	          0.12764185	
          0.38240835	         -7.81160822	          0.47013651	          0.90925953	         34.13432665	         -1.04146396	        -33.52582579	         -4.91068736	          8.13820122	          9.13980885	         -0.03643191	          0.03784635	          0.39798755	          0.01238112	          0.01330121	          0.01000000	          0.01000000	          0.30407989	          0.35666479	          0.09219945	          0.01000000	          0.03470750	          0.01000000	          0.11503759	          0.01396115	          0.01000000	          0.01000003	          0.01000000	          0.12827293	
          0.39274371	         -7.79947861	          0.48244386	          0.90787040	         34.36977357	         -1.81411720	        -30.91218770	         -5.04078132	          8.10285697	          9.26064481	         -0.12977829	          0.03558482	          0.39834294	          0.01056179	          0.02437983	          0.01000000	          0.01000000	          0.31218759	          0.36948217	          0.07865129	          0.01000000	          0.02960744	          0.01000000	          0.10316348	          0.01190969	          0.01000000	          0.01053879	          0.01000000	          0.13049908	
          0.40307907	         -7.78967029	          0.49492296	          0.90646201	         34.51782334	         -2.58893045	        -28.24359764	         -5.17971532	          8.05031836	          9.32527816	         -0.20251053	          0.03353873	          0.38229807	          0.01000000	          0.04302968	          0.01000000	          0.01000000	          0.31904820	          0.38078294	          0.06709396	          0.01000000	          0.02525681	          0.01000000	          0.08800423	          0.01015965	          0.01000000	          0.01084712	          0.01000000	          0.13318254	
          0.41341443	         -7.78194473	          0.50760261	          0.90506552	         34.57427054	         -3.36096151	        -25.53740318	         -5.33842418	          7.99314417	          9.32232379	         -0.25148165	          0.03172130	          0.33993378	          0.01000000	          0.06171723	          0.01000000	          0.01000000	          0.32427129	          0.39015127	          0.05723490	          0.01000000	          0.02154547	          0.01000000	          0.07507253	          0.01000004	          0.01000000	          0.01053543	          0.01000006	          0.13673811	
          0.42374979	         -7.77587695	          0.52051557	          0.90370920	         34.53747941	         -4.13072543	        -22.82303905	         -5.51775462	          7.94364853	          9.23663780	         -0.27316829	          0.02706005	          0.28998255	          0.01000001	          0.07529408	          0.01000000	          0.01000000	          0.32748620	          0.39684502	          0.04882457	          0.01000000	          0.01837950	          0.01000008	          0.06404107	          0.01000001	          0.01000000	          0.01000001	          0.01000009	          0.14129520	
          0.43408515	         -7.77106964	          0.53369601	          0.90241750	         34.40858370	         -4.90135141	        -20.13979765	         -5.71392345	          7.91187905	          9.05325873	         -0.26373034	          0.02308374	          0.24737135	          0.01000000	          0.09718796	          0.01000000	          0.01000000	          0.32847073	          0.40059925	          0.04165009	          0.01000000	          0.01567874	          0.01933061	          0.05463062	          0.01000002	          0.01000000	          0.01000000	          0.01000000	          0.14699121	
          0.44442051	         -7.76700548	          0.54717346	          0.90121144	         34.18414208	         -5.66526826	        -17.51430102	         -5.94372745	          7.90469243	          8.76603840	         -0.21994752	          0.01969172	          0.21102161	          0.01000028	          0.13065569	          0.01000000	          0.01000000	          0.32696116	          0.40095141	          0.03552986	          0.01236000	          0.01337485	          0.03724253	          0.04660298	          0.01000001	          0.01000000	          0.01000000	          0.01000000	          0.15109657	
          0.45475588	         -7.76315407	          0.56096908	          0.90010574	         33.85939567	         -6.40097838	        -14.96809209	         -6.24851821	          7.92042960	          8.37620820	         -0.13953891	          0.01679814	          0.18001324	          0.01000000	          0.17290697	          0.03901218	          0.01000000	          0.32253289	          0.39792418	          0.03030896	          0.04145649	          0.01140949	          0.03723997	          0.03975495	          0.01000021	          0.01000000	          0.01000000	          0.01000003	          0.15255233	
          0.46509124	         -7.75876594	          0.57509422	          0.89910583	         33.44685941	         -7.08417281	        -12.57490232	         -6.67308448	          7.94866202	          7.88604800	         -0.02158889	          0.01432975	          0.15356138	          0.01000000	          0.21880454	          0.08331329	          0.01000000	          0.31476403	          0.39119142	          0.02585524	          0.08549770	          0.01000000	          0.03833382	          0.03391320	          0.03133811	          0.01000000	          0.01000000	          0.01049767	          0.15541348	
          0.47542660	         -7.75317691	          0.58955692	          0.89821128	         32.96113771	         -7.69130491	        -10.41679660	         -7.25988727	          7.96518548	          7.29658753	          0.13462105	          0.01222408	          0.13099645	          0.01000000	          0.25464468	          0.12170148	          0.01610894	          0.30333424	          0.38101066	          0.02205597	          0.12444838	          0.01000000	          0.03418005	          0.02892986	          0.03041983	          0.01000013	          0.01000000	          0.01210651	          0.16047306	
          0.48576196	         -7.74574777	          0.60436663	          0.89741360	         32.41581977	         -8.20761016	         -8.57052877	         -8.03510625	          7.93976012	          6.60399894	          0.33014336	          0.01042783	          0.11174730	          0.01172255	          0.26405841	          0.15998998	          0.01374184	          0.28814964	          0.36711803	          0.01881497	          0.15029424	          0.01000000	          0.02915750	          0.02467879	          0.02594982	          0.01528846	          0.01000000	          0.01464840	          0.16881597	
          0.49609732	         -7.73605578	          0.61952992	          0.89669318	         31.81589235	         -8.61658941	         -7.07864809	         -9.02791207	          7.84050237	          5.80521619	          0.56603890	          0.01000000	          0.09532671	          0.01000000	          0.23847138	          0.20245421	          0.01172256	          0.26890918	          0.34884131	          0.01605023	          0.15942862	          0.01000000	          0.02487298	          0.02105239	          0.02213665	          0.01695261	          0.01000000	          0.01884715	          0.17932770	
          0.50643268	         -7.72349291	          0.63505501	          0.89601729	         31.16577772	         -8.91628116	         -5.97389267	        -10.23891039	          7.62166495	          4.88610411	          0.84347658	          0.01000000	          0.08131902	          0.01000000	          0.20342944	          0.19881658	          0.01000000	          0.24611288	          0.32774883	          0.01369174	          0.15572529	          0.01000000	          0.02121805	          0.01795886	          0.01888380	          0.01892551	          0.01000000	          0.02456468	          0.19743425	
          0.51676804	         -7.70753108	          0.65093636	          0.89534263	         30.47218316	         -9.10102126	         -5.29493981	        -11.67687046	          7.23264872	          3.84027755	          1.16197929	          0.01000000	          0.06936967	          0.01000000	          0.17353670	          0.16960167	          0.01000000	          0.20994806	          0.29602768	          0.01167982	          0.13599384	          0.01000000	          0.02861694	          0.01531992	          0.01610894	          0.03107313	          0.01172255	          0.02761223	          0.21452850	
          0.52710340	         -7.68871929	          0.66714404	          0.89462392	         29.72797551	         -9.14266010	         -5.06076442	        -13.38763835	          6.63220764	          2.66639247	          1.51916418	          0.01000000	          0.05917621	          0.01172254	          0.14803652	          0.14467972	          0.01120444	          0.17909745	          0.25252818	          0.01000000	          0.12198960	          0.01000001	          0.04765200	          0.01306875	          0.01374183	          0.06934640	          0.01000000	          0.02355478	          0.28143290	
          0.53743876	         -7.66836469	          0.68358874	          0.89387476	         28.92965099	         -9.00085424	         -5.32845559	        -15.41877439	          5.76007956	          1.31993389	          1.90576325	          0.01888380	          0.05048062	          0.01000000	          0.12628344	          0.12341990	          0.02229560	          0.15278015	          0.21542067	          0.01000000	          0.10755150	          0.01000000	          0.09646196	          0.01114837	          0.01172255	          0.06464708	          0.01704434	          0.02009354	          0.31574584	
          0.54777412	         -7.65051324	          0.70002958	          0.89326255	         28.10425817	         -8.62558722	         -5.70999499	        -17.78925174	          4.80042129	         -0.32588695	          2.29601627	          0.01610894	          0.04306280	          0.03456905	          0.10772684	          0.10528409	          0.02294528	          0.13033002	          0.18376589	          0.01000000	          0.09174745	          0.01610891	          0.13895404	          0.01000000	          0.01000000	          0.05514758	          0.01453978	          0.01714092	          0.46483372	
          0.55810948	         -7.64030320	          0.71613699	          0.89302237	         27.38347122	         -7.96201425	         -6.20246975	        -20.49830387	          3.69718177	         -2.44103711	          2.65417699	          0.01374183	          0.03673498	          0.02948934	          0.09189703	          0.11863114	          0.01957361	          0.11117880	          0.15676259	          0.01000000	          0.07870107	          0.01374181	          0.16669763	          0.01000000	          0.01000000	          0.14579434	          0.01240324	          0.01462216	          0.53086560	
          0.56844484	         -7.63903667	          0.73175434	          0.89326238	         26.76192932	         -7.00235712	         -6.82802097	        -23.50726852	          2.84977651	         -5.03825544	          2.96272624	          0.01172255	          0.03133699	          0.02515605	          0.07839331	          0.10977618	          0.01669739	          0.09484174	          0.13372727	          0.23632758	          0.07093183	          0.01172253	          0.18893501	          0.01000000	          0.01000000	          0.22206289	          0.01058066	          0.01247353	          0.59357488	
          0.57878020	         -7.64807905	          0.74678879	          0.89388616	         26.17302013	         -5.80778890	         -7.47058696	        -26.70086303	          2.36980131	         -7.50988599	          3.21218430	          0.01000000	          0.02673221	          0.02145952	          0.06687388	          0.15454227	          0.01424381	          0.08090532	          0.11407685	          0.20160065	          0.06460706	          0.01000000	          0.19779569	          0.01000000	          0.01000000	          0.26449341	          0.01000000	          0.01064062	          0.63234803	
          0.58911557	         -7.66794231	          0.76124069	          0.89483736	         25.56914134	         -4.47923045	         -8.03332062	        -29.83577795	          2.17429396	         -8.68489392	          3.40387609	          0.01000000	          0.02373768	          0.01830617	          0.05704721	          0.15256437	          0.01215076	          0.06901676	          0.09731393	          0.21859496	          0.05725660	          0.01000000	          0.18324414	          0.01000000	          0.01000000	          0.27544908	          0.01000000	          0.01146875	          0.62967446	
          0.59945093	         -7.69758020	          0.77518477	          0.89614386	         24.93057326	         -3.05415689	         -8.48181920	        -32.81091587	          2.19023744	         -9.13868257	          3.54683987	          0.01972667	          0.06213186	          0.01561619	          0.05369407	          0.20149025	          0.01036528	          0.05887516	          0.08301423	          0.25509173	          0.06048790	          0.01000000	          0.16932349	          0.01000000	          0.01000000	          0.27159421	          0.01000000	          0.01665055	          0.61063974	
          0.60978629	         -7.73559115	          0.78869454	          0.89776132	         24.25156251	         -1.55180757	         -8.80677487	        -35.59111434	          2.34242559	         -9.16854194	          3.64914317	          0.02788787	          0.06432395	          0.01332149	          0.05195419	          0.23620371	          0.01000000	          0.05022381	          0.07081579	          0.25422644	          0.06133035	          0.01000000	          0.15578365	          0.01000000	          0.01000000	          0.25802936	          0.01000000	          0.02327030	          0.58015265	
          0.62012165	         -7.78055046	          0.80184908	          0.89961208	         23.52780824	          0.00251561	         -9.00479444	        -38.13260333	          2.57278839	         -8.90515492	          3.71924459	          0.03041984	          0.08830053	          0.01136397	          0.04895375	          0.26188649	          0.01000000	          0.04431823	          0.06040983	          0.24765029	          0.06353456	          0.01000000	          0.14430410	          0.01000000	          0.01000000	          0.23916180	          0.01000000	          0.02992041	          0.54802892	
          0.63045701	         -7.83107933	          0.81471543	          0.90160745	         22.76027200	          1.59110828	         -9.08219174	        -40.41060084	          2.83197748	         -8.46317133	          3.76392348	          0.02594983	          0.10282050	          0.01000000	          0.04581551	          0.27668313	          0.01000000	          0.03780593	          0.05153297	          0.22808259	          0.06575783	          0.01000000	          0.13524467	          0.01000000	          0.01000000	          0.21847192	          0.01000000	          0.03636681	          0.51866624	
          0.64079237	         -7.88594558	          0.82734885	          0.90365882	         21.95415078	          3.19987971	         -9.05294941	        -42.41165861	          3.08445042	         -7.87781301	          3.78853799	          0.02213665	          0.12305991	          0.01000000	          0.04457195	          0.28107945	          0.01000000	          0.03225058	          0.04396051	          0.20985848	          0.06640759	          0.01000000	          0.12641280	          0.01000000	          0.01000000	          0.19901721	          0.01000000	          0.04486444	          0.49324594	
          0.65112773	         -7.94414614	          0.83979011	          0.90568834	         21.11725295	          4.82105540	         -8.93592654	        -44.13686058	          3.31657325	         -7.19443409	          3.79684278	          0.01888381	          0.14394321	          0.01000000	          0.04461026	          0.27559831	          0.01000000	          0.02751155	          0.03750077	          0.19109350	          0.06558596	          0.01000000	          0.11852412	          0.01000000	          0.01000000	          0.18228846	          0.01000000	          0.05504189	          0.47123043	
          0.66146309	         -8.00483719	          0.85206648	          0.90763387	         20.25675286	          6.45239970	         -8.74842482	        -45.60302999	          3.52872233	         -6.43293951	          3.79107118	          0.01610894	          0.16845371	          0.01000000	          0.04534740	          0.26178382	          0.01000000	          0.02346889	          0.03199026	          0.17468635	          0.06368765	          0.01000000	          0.11119527	          0.01000000	          0.01000000	          0.16798195	          0.01000000	          0.06594179	          0.45194484	
          0.67179845	         -8.06685901	          0.86419566	          0.90944991	         19.37776951	          8.09477204	         -8.50414992	        -46.83700946	          3.72574867	         -5.60693664	          3.77186877	          0.01374183	          0.19402330	          0.01000000	          0.04653538	          0.24182553	          0.01000000	          0.02002028	          0.02728948	          0.16024360	          0.06095116	          0.01000000	          0.10394838	          0.01000000	          0.01000000	          0.15575936	          0.01000000	          0.07708006	          0.43469719	
          0.68213381	         -8.12917330	          0.87618957	          0.91110430	         18.48407696	          9.75044369	         -8.21361850	        -47.87047591	          3.91260257	         -4.72129282	          3.73930979	          0.01172255	          0.21908866	          0.01000000	          0.04781119	          0.21793620	          0.01000000	          0.01707842	          0.02327945	          0.14816378	          0.05758524	          0.01000000	          0.09679056	          0.01000000	          0.01000000	          0.14497104	          0.01000000	          0.08835665	          0.41880286	
          0.69246917	         -8.19098180	          0.88805761	          0.91257588	         17.57850758	         11.42152313	         -7.88510223	        -48.73491161	          4.09455746	         -3.77984164	          3.69344814	          0.01000000	          0.24143206	          0.01000000	          0.04892241	          0.19228123	          0.01000000	          0.01456885	          0.01985868	          0.13810093	          0.05376248	          0.01000000	          0.08990544	          0.01000000	          0.01000000	          0.13495629	          0.01000000	          0.09967418	          0.40384985	
          0.70280453	         -8.25168860	          0.89980882	          0.91385280	         16.66338744	         13.10872655	         -7.52565824	        -49.45825147	          4.27641010	         -2.78731437	          3.63453696	          0.01000000	          0.25857662	          0.01000000	          0.05039502	          0.16633365	          0.01000000	          0.01242804	          0.01694056	          0.12947971	          0.04964601	          0.01000000	          0.08174786	          0.01000000	          0.01000000	          0.12523548	          0.01000000	          0.11140935	          0.38848913	
          0.71313990	         -8.31084530	          0.91145279	          0.91493076	         15.74113814	         14.81085751	         -7.14212263	        -50.06382958	          4.46071333	         -1.75328908	          3.56307634	          0.01000000	          0.26738412	          0.01000000	          0.05156377	          0.14189193	          0.01000000	          0.01060181	          0.01445125	          0.12260704	          0.04548155	          0.01000000	          0.07421534	          0.01000000	          0.01000000	          0.11571973	          0.01000000	          0.12289967	          0.37372318	
          0.72347526	         -8.36816355	          0.92300147	          0.91581280	         14.81376783	         16.52312149	         -6.73919761	        -50.56467932	          4.63545530	         -0.69191907	          3.48004350	          0.01000000	          0.26439950	          0.01000000	          0.05182537	          0.12104176	          0.01000000	          0.01000000	          0.01232772	          0.11873388	          0.04240275	          0.01000000	          0.06804821	          0.01000000	          0.01000000	          0.10468012	          0.02843474	          0.13337192	          0.36437099	
          0.73381062	         -8.42348590	          0.93446554	          0.91650839	         13.88788226	         18.23656244	         -6.32949875	        -50.95986291	          4.79076223	          0.37362020	          3.38638576	          0.01000000	          0.24213267	          0.01000000	          0.05310743	          0.10325540	          0.01000000	          0.01000000	          0.01051624	          0.11682240	          0.03955398	          0.01000000	          0.06287785	          0.01000000	          0.01000000	          0.09533961	          0.04690787	          0.14434808	          0.35506820	
          0.74414598	         -8.47670907	          0.94585986	          0.91703246	         12.97040800	         19.93576658	         -5.93132453	        -51.23006845	          4.95320576	          1.42270556	          3.28362147	          0.01000000	          0.20655273	          0.01000000	          0.05453536	          0.08808265	          0.01000000	          0.01000000	          0.01000000	          0.12023183	          0.03741525	          0.01000000	          0.05930201	          0.01000000	          0.01000000	          0.08239575	          0.06352753	          0.15526198	          0.34626038	
          0.75448134	         -8.52778584	          0.95720123	          0.91740168	         12.06937474	         21.60096726	         -5.56369958	        -51.34330389	          5.13500103	          2.43205844	          3.17355093	          0.01000000	          0.17620104	          0.01000000	          0.05605042	          0.07560182	          0.01000000	          0.01000000	          0.01000000	          0.12415107	          0.03639347	          0.01000000	          0.05638257	          0.01000000	          0.01000000	          0.07028819	          0.07908516	          0.16651560	          0.33738968	
          0.76481670	         -8.57670230	          0.96850636	          0.91762994	         11.19093106	         23.21310019	         -5.24024645	        -51.27031088	          5.33729714	          3.38832458	          3.05796145	          0.01000000	          0.15030935	          0.01000000	          0.05754520	          0.06659864	          0.01000000	          0.01000000	          0.01000000	          0.12735152	          0.03673761	          0.01000000	          0.05372905	          0.01000000	          0.01000000	          0.05995976	          0.09376054	          0.17815341	          0.32840978	
          0.77515206	         -8.62346794	          0.97979202	          0.91772787	         10.33734512	         24.75526861	         -4.96708828	        -50.98838591	          5.55905530	          4.28336302	          2.93864664	          0.01000000	          0.12822229	          0.01000000	          0.05936305	          0.05984418	          0.01000000	          0.01000000	          0.01000000	          0.13001471	          0.03816402	          0.01000000	          0.05162110	          0.01000000	          0.01000000	          0.05114903	          0.10773289	          0.19023548	          0.31935728	
          0.78548742	         -8.66811040	          0.99107461	          0.91770313	          9.50782087	         26.21282718	         -4.74455689	        -50.48091267	          5.79831829	          5.10856194	          2.81734557	          0.01000000	          0.10938080	          0.01000000	          0.06181258	          0.05447644	          0.01000002	          0.01000000	          0.01000000	          0.13191877	          0.04039414	          0.01000001	          0.05023493	          0.01000000	          0.01000000	          0.04363299	          0.12108719	          0.20273735	          0.31022956	
          0.79582278	         -8.71066858	          1.00236976	          0.91756078	          8.69934782	         27.57327003	         -4.56868921	        -49.73670507	          6.05212565	          5.85371654	          2.69570393	          0.01000000	          0.09330794	          0.01000000	          0.06509702	          0.04955532	          0.01085345	          0.01000000	          0.01000000	          0.13292959	          0.04317725	          0.01000004	          0.04953009	          0.01000000	          0.01000000	          0.03722138	          0.13392355	          0.21571439	          0.30078977	
          0.80615814	         -8.75117482	          1.01369118	          0.91730351	          7.90911970	         28.82617755	         -4.43617491	        -48.74918934	          6.31895667	          6.50808180	          2.57510583	          0.01000000	          0.07959690	          0.01000000	          0.06997866	          0.04536525	          0.01000888	          0.01000000	          0.01000000	          0.13298737	          0.04590685	          0.04323114	          0.05274423	          0.01000000	          0.01000000	          0.03175192	          0.14644893	          0.22926350	          0.29001308	
          0.81649350	         -8.78963106	          1.02504575	          0.91693052	          7.14036459	         29.96613684	         -4.35460215	        -47.52251105	          6.60060310	          7.06238372	          2.45602037	          0.01000000	          0.06790061	          0.01000000	          0.07649067	          0.04103491	          0.01000000	          0.01000000	          0.01000000	          0.13222621	          0.04877870	          0.08352424	          0.05748430	          0.01000000	          0.01000000	          0.02708617	          0.15869800	          0.24336216	          0.27765195	
          0.82682886	         -8.82602319	          1.03643815	          0.91644011	          6.39708684	         30.99015845	         -4.33192284	        -46.06476335	          6.89623528	          7.51109452	          2.33862401	          0.01000000	          0.05792302	          0.01000000	          0.08441934	          0.03557819	          0.01000000	          0.01000000	          0.01000000	          0.13096261	          0.05168569	          0.12173616	          0.06284720	          0.01000000	          0.01000000	          0.02310602	          0.17067272	          0.25806475	          0.26238211	
          0.83716422	         -8.86032934	          1.04787329	          0.91583094	          5.68099396	         31.89730716	         -4.37150867	        -44.38760901	          7.20301184	          7.85472723	          2.22312268	          0.01000000	          0.04941158	          0.01000000	          0.09247129	          0.03035021	          0.01000000	          0.01000000	          0.01000000	          0.12969992	          0.05473041	          0.15701679	          0.06824265	          0.01000000	          0.01000000	          0.01971073	          0.18238135	          0.27342211	          0.24463923	
          0.84749959	         -8.89251182	          1.05935701	          0.91510326	          4.99116000	         32.68844519	         -4.47148786	        -42.50607487	          7.51381948	          8.10115482	          2.10982955	          0.01000000	          0.04215085	          0.01000000	          0.09991011	          0.02589043	          0.01000000	          0.01000000	          0.01000000	          0.12891853	          0.05754866	          0.18903023	          0.07310274	          0.01000000	          0.01000000	          0.01681435	          0.19373626	          0.28926249	          0.21242265	
          0.85783495	         -8.92253631	          1.07089750	          0.91426215	          4.32247105	         33.36548705	         -4.62112289	        -40.43772852	          7.81264256	          8.26464002	          1.99936665	          0.01000000	          0.03668579	          0.01000000	          0.10507558	          0.02208599	          0.01000000	          0.01000000	          0.01000000	          0.12869876	          0.06000510	          0.21507209	          0.07681732	          0.01000000	          0.01000000	          0.01434358	          0.20463969	          0.30531844	          0.18120841	
          0.86817031	         -8.95030222	          1.08250476	          0.91331593	          3.66741830	         33.93252853	         -4.80750010	        -38.20710130	          8.09602761	          8.36275655	          1.89251787	          0.01000000	          0.04445767	          0.01000000	          0.10744873	          0.01884059	          0.01000000	          0.01000000	          0.01000000	          0.12877677	          0.06165561	          0.23387609	          0.08012368	          0.01000000	          0.01000000	          0.01223588	          0.21509603	          0.32136323	          0.15458092	
          0.87850567	         -8.97558783	          1.09418838	          0.91227162	          3.01889706	         34.39900513	         -5.01967040	        -35.85448948	          8.36570671	          8.41275961	          1.78989647	          0.01000000	          0.04295219	          0.01000000	          0.10668863	          0.01607208	          0.01000000	          0.01000000	          0.01000000	          0.12917754	          0.06240586	          0.24553737	          0.08168577	          0.01000000	          0.01000000	          0.01043789	          0.22515501	          0.33731136	          0.13186618	
          0.88884103	         -8.99808862	          1.10596010	          0.91113840	          2.37109047	         34.77226706	         -5.24899414	        -33.41562696	          8.61929953	          8.42846665	          1.69231931	          0.01000000	          0.03913979	          0.01000000	          0.10196129	          0.01371039	          0.01000000	          0.01000000	          0.01000000	          0.12980798	          0.06219648	          0.24966857	          0.08075671	          0.01000000	          0.01000000	          0.01000000	          0.23479151	          0.35299998	          0.11248923	
          0.89917639	         -9.01744660	          1.11783504	          0.90992991	          1.71890736	         35.05635154	         -5.48804937	        -30.91931950	          8.84946417	          8.42049926	          1.60099598	          0.01000000	          0.03394421	          0.01000000	          0.09197720	          0.01169574	          0.01000000	          0.01000001	          0.01000000	          0.13078469	          0.06052080	          0.24473642	          0.07652464	          0.01000000	          0.01000000	          0.01000000	          0.24391482	          0.36810929	          0.09595961	
          0.90951175	         -9.03328194	          1.12983187	          0.90866683	          1.05975155	         35.25153040	         -5.73422629	        -28.38741541	          9.04582297	          8.39706265	          1.51757441	          0.01000000	          0.02895635	          0.01000000	          0.07846171	          0.01000003	          0.01000000	          0.01000018	          0.01000000	          0.13239473	          0.05726749	          0.22682741	          0.06961590	          0.01000000	          0.01000000	          0.01000000	          0.25235637	          0.38225663	          0.08185892	
          0.91984711	         -9.04522938	          1.14197383	          0.90737818	          0.39296869	         35.35502739	         -5.98845201	        -25.83742487	          9.19490229	          8.36524003	          1.44431743	          0.01000000	          0.02470139	          0.01000000	          0.06693223	          0.01000002	          0.01000000	          0.01009346	          0.01000000	          0.13502214	          0.05366852	          0.19349650	          0.06406723	          0.01000000	          0.01000000	          0.01000000	          0.25984929	          0.39502189	          0.06983024	
          0.93018247	         -9.05293782	          1.15428860	          0.90609705	         -0.28317941	         35.36457578	         -6.24953079	        -23.29063657	          9.28142288	          8.33157023	          1.38410268	          0.01000000	          0.02107167	          0.01000000	          0.05709694	          0.01000001	          0.01000000	          0.01000005	          0.01000001	          0.13800942	          0.04837016	          0.16506334	          0.06252909	          0.01000000	          0.01000000	          0.01000000	          0.26612722	          0.40582617	          0.05956910	
          0.94051783	         -9.05605960	          1.16680394	          0.90485446	         -0.96887523	         35.28062514	         -6.51915263	        -20.77620653	          9.29219857	          8.30235899	          1.33988430	          0.01060344	          0.01797532	          0.01126895	          0.04870689	          0.01000000	          0.01000000	          0.01000001	          0.01000001	          0.14173967	          0.04126246	          0.14080827	          0.06371498	          0.01000000	          0.01000000	          0.01000000	          0.27091877	          0.41416645	          0.05081578	
          0.95085319	         -9.05423532	          1.17954570	          0.90367783	         -1.65974339	         35.10455061	         -6.80736303	        -18.32578122	          9.21704162	          8.28252526	          1.31443928	          0.01182895	          0.01533396	          0.01796900	          0.04154970	          0.01000001	          0.01000000	          0.01000000	          0.01000000	          0.14546534	          0.03519919	          0.12011734	          0.06093106	          0.01000000	          0.01000000	          0.01000000	          0.27395560	          0.41955279	          0.04334871	
          0.96118855	         -9.04707455	          1.19253562	          0.90259089	         -2.34180067	         34.83579569	         -7.14211310	        -15.96543277	          9.05190190	          8.27392592	          1.31006837	          0.01875877	          0.01308073	          0.02410184	          0.03544422	          0.01000002	          0.01000000	          0.01000000	          0.01000000	          0.14883711	          0.03002688	          0.10246682	          0.05293742	          0.01000000	          0.01000000	          0.01000004	          0.27493092	          0.42179202	          0.03697887	
          0.97152392	         -9.03420814	          1.20579112	          0.90161095	         -2.99545441	         34.47650312	         -7.56000115	        -13.72767757	          8.79360829	          8.27386214	          1.32865644	          0.03085010	          0.01115860	          0.02211320	          0.03023590	          0.01000003	          0.01000000	          0.01000000	          0.01000000	          0.15148434	          0.02561461	          0.08740993	          0.04515859	          0.01000000	          0.01000000	          0.02181501	          0.27332419	          0.42056597	          0.03154505	
          0.98185928	         -9.01533583	          1.21933618	          0.90074706	         -3.61662984	         34.03356507	         -8.06777665	        -11.65674746	          8.43035334	          8.27269176	          1.37315012	          0.04852033	          0.01000000	          0.01886380	          0.02579292	          0.01567261	          0.01000000	          0.01000000	          0.01000000	          0.15376299	          0.02185069	          0.07456556	          0.03852280	          0.01000000	          0.01000000	          0.03252923	          0.26891481	          0.41568370	          0.02690969	
          0.99219464	         -8.99016332	          1.23319071	          0.89999897	         -4.19885687	         33.51548753	         -8.67802536	         -9.79879802	          7.95761945	          8.25422380	          1.44610867	          0.07117507	          0.01000000	          0.01609188	          0.02200280	          0.02213665	          0.01000000	          0.01000000	          0.01057943	          0.15706487	          0.01863986	          0.06360860	          0.03286211	          0.01076014	          0.01132163	          0.04082582	          0.26158074	          0.40692970	          0.02295547	
          1.00253000	         -8.95835026	          1.24736707	          0.89935698	         -4.72817770	         32.93077900	         -9.41608424	         -8.19859645	          7.37406758	          8.19578568	          1.54917870	          0.09150043	          0.01000000	          0.01419474	          0.01876962	          0.01888381	          0.01000010	          0.01000000	          0.01272739	          0.16429077	          0.01590085	          0.05426170	          0.02803322	          0.01000016	          0.01610887	          0.05165798	          0.25122820	          0.39418956	          0.01958230	
          1.01286536	         -8.91979357	          1.26187643	          0.89880187	         -5.19278690	         32.28602611	        -10.30188102	         -6.89525970	          6.67592950	          8.07236256	          1.68421945	          0.10147599	          0.01000000	          0.02244381	          0.01601154	          0.01610895	          0.01090831	          0.01000000	          0.01611426	          0.17377655	          0.01356431	          0.04628827	          0.02391391	          0.01000014	          0.01374178	          0.06163000	          0.23736419	          0.37766110	          0.01670480	
          1.02320072	         -8.87443560	          1.27672685	          0.89830569	         -5.57768286	         31.57965380	        -11.36138027	         -5.90618862	          5.86106426	          7.85222441	          1.85282302	          0.09870947	          0.01000001	          0.03659203	          0.01365874	          0.01374183	          0.01176593	          0.01000002	          0.02043161	          0.18928879	          0.01157112	          0.03948648	          0.03154779	          0.01000012	          0.01172251	          0.06978646	          0.22140130	          0.35629303	          0.01425013	
          1.03353608	         -8.82231252	          1.29192010	          0.89783276	         -5.86807873	         30.80803516	        -12.61898635	         -5.24840968	          4.92477280	          7.50625852	          2.05594068	          0.08420471	          0.01000001	          0.04743758	          0.01165167	          0.01172255	          0.02063372	          0.01172255	          0.02365004	          0.21083200	          0.01000000	          0.03368418	          0.06257513	          0.01000000	          0.01000001	          0.06636844	          0.19733143	          0.33326481	          0.01215616	
          1.04387144	         -8.76375535	          1.30744137	          0.89734569	         -6.04234727	         29.96649584	        -14.10893009	         -4.95026852	          3.86025810	          7.00735784	          2.29277534	          0.07183133	          0.01000001	          0.05122503	          0.01000000	          0.01000000	          0.04814441	          0.01000000	          0.02224744	          0.24999620	          0.01000000	          0.02873449	          0.10480535	          0.01127970	          0.01000000	          0.06423684	          0.16833476	          0.29341370	          0.01036988	
          1.05420680	         -8.69949432	          1.32323890	          0.89683879	         -6.08437103	         29.06276434	        -15.84429407	         -5.07211464	          2.64038504	          6.28993816	          2.55820419	          0.06127615	          0.01000000	          0.04613240	          0.01000000	          0.01000000	          0.04106988	          0.02042594	          0.02025042	          0.27187987	          0.01000001	          0.02451213	          0.17721924	          0.01000005	          0.01000000	          0.05988641	          0.14359897	          0.25029831	          0.01000000	
          1.06454216	         -8.63296656	          1.33913689	          0.89641542	         -5.97553129	         28.14331203	        -17.80905718	         -5.33422886	          1.18903618	          5.46388184	          2.83408787	          0.05293770	          0.02213661	          0.07966078	          0.01000000	          0.01000000	          0.03503491	          0.01742447	          0.01727475	          0.40055461	          0.01561151	          0.02091022	          0.20484554	          0.01000000	          0.01000000	          0.06850601	          0.12249796	          0.21351847	          0.01000000	
          1.07487752	         -8.56866572	          1.35487843	          0.89627653	         -5.68526532	         27.31614134	        -19.98301408	         -5.70760489	         -0.61288659	          4.45739441	          3.09304932	          0.05891377	          0.01888377	          0.12858117	          0.01000000	          0.01000000	          0.09643291	          0.01486405	          0.01473632	          0.46258431	          0.01374183	          0.01783759	          0.17474471	          0.01000000	          0.01000000	          0.05843946	          0.10449762	          0.18214320	          0.01000000	
          1.08521288	         -8.50950428	          1.37029842	          0.89654895	         -5.15553146	         26.59204379	        -22.41160901	         -6.23757203	         -2.87610958	          3.62726014	          3.31801851	          0.06121885	          0.01610891	          0.15181941	          0.01000000	          0.01000000	          0.15647005	          0.01267987	          0.01572973	          0.51780572	          0.01172255	          0.01521646	          0.14906702	          0.01000000	          0.01234301	          0.04985213	          0.08914232	          0.15537835	          0.01000000	
          1.09554824	         -8.45671712	          1.38532105	          0.89723431	         -4.36613753	         25.91173059	        -25.10030717	         -6.82855272	         -5.55868967	          3.11985517	          3.50153003	          0.07068783	          0.01374181	          0.17901506	          0.01000000	          0.01000000	          0.20413397	          0.01172255	          0.01374183	          0.55608056	          0.01000000	          0.01298049	          0.12716251	          0.01000000	          0.04295728	          0.04252666	          0.07604339	          0.13254643	          0.21026377	
          1.10588361	         -8.41155594	          1.39988968	          0.89818522	         -3.37764114	         25.22308572	        -27.93652496	         -7.37336048	         -7.99322470	          2.90003076	          3.63829891	          0.07108957	          0.01172253	          0.18623521	          0.01000000	          0.01000000	          0.22593086	          0.01000000	          0.01172255	          0.57418732	          0.01000000	          0.01107309	          0.10847674	          0.01000000	          0.07414962	          0.03627762	          0.06486927	          0.11306952	          0.17936676	
          1.11621897	         -8.37457947	          1.41400401	          0.89932951	         -2.26832365	         24.50380116	        -30.71112121	         -7.81887485	         -9.26154972	          2.87430678	          3.72932307	          0.06894790	          0.01000000	          0.17478499	          0.01000000	          0.01000000	          0.23314240	          0.01000000	          0.01000000	          0.56194721	          0.01000001	          0.01000000	          0.09253673	          0.01000000	          0.07866899	          0.03094684	          0.05533711	          0.09645463	          0.19830242	
          1.12655433	         -8.34516700	          1.42770988	          0.90068252	         -1.05186547	         23.74888629	        -33.38476825	         -8.15613526	         -9.80334276	          2.99574727	          3.78014220	          0.07034741	          0.01000000	          0.16179306	          0.01000000	          0.01000000	          0.23380497	          0.01000000	          0.01000000	          0.53760971	          0.01766979	          0.02674806	          0.07893901	          0.01000000	          0.11602334	          0.02639939	          0.04720566	          0.08228120	          0.22825936	
          1.13688969	         -8.32257630	          1.44105990	          0.90221804	          0.25932451	         22.95568849	        -35.93371717	         -8.38092378	         -9.88686840	          3.21373174	          3.79684278	          0.06949337	          0.01000000	          0.14784195	          0.01000000	          0.01000000	          0.22588176	          0.01000000	          0.01310196	          0.50979165	          0.02513877	          0.03105227	          0.06733940	          0.01000000	          0.14725818	          0.02252015	          0.04026907	          0.07019047	          0.23280040	
          1.14722505	         -8.30593865	          1.45410988	          0.90388554	          1.64773129	         22.12260723	        -38.32790959	         -8.49136446	         -9.66215753	          3.47160995	          3.78559560	          0.06864528	          0.01000000	          0.13461588	          0.01000000	          0.01000000	          0.21119007	          0.01000000	          0.01846509	          0.48407599	          0.03031247	          0.04833273	          0.05744428	          0.01000000	          0.17332048	          0.01921095	          0.03435177	          0.05987640	          0.22534797	
          1.15756041	         -8.29365938	          1.46690801	          0.90562122	          3.09844229	         21.25399485	        -40.54880376	         -8.49939566	         -9.23432577	          3.72949688	          3.75057826	          0.06903801	          0.01000000	          0.12486766	          0.01000000	          0.01000000	          0.19366756	          0.01000000	          0.02617585	          0.46219642	          0.02594984	          0.06020214	          0.04900318	          0.01000001	          0.19071298	          0.01638802	          0.02930399	          0.05107792	          0.20939607	
          1.16789577	         -8.28408013	          1.47949713	          0.90736030	          4.59615638	         20.35649849	        -42.57715938	         -8.42300583	         -8.65642845	          3.96914322	          3.69513892	          0.06804620	          0.01000000	          0.11609169	          0.01000000	          0.01000000	          0.17656542	          0.01000000	          0.03789405	          0.44323461	          0.02213666	          0.07508505	          0.04180246	          0.01149149	          0.20138600	          0.01397990	          0.02499794	          0.04357233	          0.19318335	
          1.17823113	         -8.27579951	          1.49191081	          0.90904866	          6.12926842	         19.43623091	        -44.40121352	         -8.27975203	         -7.97347437	          4.19386790	          3.62172351	          0.06586859	          0.01000000	          0.10835275	          0.01000000	          0.01000000	          0.16167343	          0.01000000	          0.05185837	          0.42416226	          0.01888381	          0.08952927	          0.03565984	          0.01546796	          0.20462757	          0.01192563	          0.02132464	          0.03716963	          0.17691241	
          1.18856649	         -8.26772053	          1.50417446	          0.91064679	          7.68998560	         18.49553429	        -46.01950621	         -8.07876810	         -7.20819033	          4.40788180	          3.53209788	          0.06274302	          0.01000000	          0.10038686	          0.01000000	          0.01000000	          0.14885656	          0.01000000	          0.06521150	          0.40637388	          0.01610895	          0.10602611	          0.03041984	          0.01977543	          0.20108373	          0.01017323	          0.01819111	          0.03170778	          0.16235259	
          1.19890185	         -8.25900706	          1.51630784	          0.91212710	          9.27256198	         17.53453711	        -47.43675059	         -7.82266892	         -6.37408961	          4.59917915	          3.42763130	          0.05948971	          0.01000000	          0.09230923	          0.01000000	          0.01000000	          0.13560674	          0.02602920	          0.07624232	          0.39549621	          0.01374184	          0.12419141	          0.02594982	          0.02377007	          0.19168468	          0.01000000	          0.01551804	          0.02704851	          0.14950993	
          1.20923721	         -8.24904239	          1.52832386	          0.91346828	         10.87163523	         16.55818373	        -48.65907222	         -7.52139499	         -5.47829624	          4.75494699	          3.30907648	          0.05508248	          0.01000000	          0.08493210	          0.01000000	          0.01000000	          0.12542214	          0.04471474	          0.08822673	          0.38509574	          0.01172256	          0.14396997	          0.02213665	          0.02831244	          0.17820635	          0.01000000	          0.01323776	          0.02307389	          0.13856032	
          1.21957257	         -8.23737835	          1.54023263	          0.91465594	         12.48273148	         15.57169005	        -49.69578474	         -7.18888411	         -4.52694042	          4.89695752	          3.17703653	          0.05011163	          0.01000000	          0.07773263	          0.01000000	          0.01000000	          0.11626780	          0.06148748	          0.09955663	          0.37637275	          0.01000000	          0.16365877	          0.01888380	          0.03226487	          0.16182704	          0.01000000	          0.01129255	          0.01968332	          0.12917716	
          1.22990794	         -8.22374329	          1.55204435	          0.91568198	         14.10171087	         14.57775774	        -50.55834058	         -6.83345898	         -3.52814229	          5.03831053	          3.03234070	          0.04469259	          0.01000000	          0.06956912	          0.01000000	          0.01000000	          0.10686817	          0.07749795	          0.11084756	          0.36811688	          0.01000000	          0.18076458	          0.01610894	          0.03633293	          0.14398580	          0.01000000	          0.01000000	          0.01679098	          0.12224185	
          1.24024330	         -8.20798995	          1.56376829	          0.91654184	         15.72464064	         13.58008286	        -51.26018804	         -6.46437153	         -2.49235428	          5.18496677	          2.87583468	          0.03924881	          0.01000000	          0.06227400	          0.01000000	          0.01000000	          0.09522299	          0.09294337	          0.12218266	          0.35986979	          0.01000000	          0.19303361	          0.01374183	          0.03938629	          0.12595919	          0.01000000	          0.01000000	          0.01432364	          0.11873323	
          1.25057866	         -8.19007273	          1.57541257	          0.91723346	         17.34671411	         12.58563831	        -51.81228535	         -6.09675312	         -1.43487905	          5.34269913	          2.70831934	          0.03427052	          0.01000000	          0.05556473	          0.01000000	          0.01000000	          0.08123054	          0.10804961	          0.13369624	          0.35126677	          0.01000000	          0.19820881	          0.01172255	          0.04183780	          0.10860621	          0.01000000	          0.01000000	          0.01221887	          0.11513564	
          1.26091402	         -8.17002264	          1.58698531	          0.91775719	         18.96093594	         11.60401814	        -52.21914078	         -5.75012511	         -0.37127136	          5.51641694	          2.53065796	          0.02950497	          0.01000000	          0.04842860	          0.01000000	          0.01000000	          0.06929420	          0.12280319	          0.14532210	          0.34273123	          0.01000000	          0.19407325	          0.01000000	          0.04326516	          0.09393479	          0.01000000	          0.01000000	          0.01042338	          0.11303708	
          1.27124938	         -8.14801051	          1.59849940	          0.91811691	         20.55609811	         10.64122475	        -52.47387268	         -5.43686961	          0.68266253	          5.70751714	          2.34446969	          0.02516985	          0.01000000	          0.04131231	          0.01000000	          0.01000000	          0.05911183	          0.13713367	          0.15721477	          0.33414493	          0.01000000	          0.17061916	          0.01000000	          0.04749455	          0.08095605	          0.01000000	          0.01000000	          0.01000000	          0.11686320	
          1.28158474	         -8.12420347	          1.60997418	          0.91832094	         22.11508606	          9.69807883	        -52.55361334	         -5.16055780	          1.70439143	          5.91595311	          2.15217120	          0.02173919	          0.01000000	          0.03524171	          0.01000000	          0.01000000	          0.05042570	          0.15107573	          0.16938590	          0.32561084	          0.01000000	          0.14554770	          0.01000000	          0.05118690	          0.07136704	          0.01000000	          0.01000000	          0.01000000	          0.12093738	
          1.29192010	         -8.09890330	          1.62143143	          0.91837857	         23.61929925	          8.77160400	        -52.43171164	         -4.91763114	          2.68177575	          6.13939708	          1.95662531	          0.01959711	          0.01000003	          0.03006316	          0.01000000	          0.01000000	          0.04301595	          0.16461106	          0.18190817	          0.31701703	          0.01000000	          0.12416033	          0.01000000	          0.05516882	          0.06309962	          0.01000000	          0.01000000	          0.01000000	          0.12460685	
          1.30225546	         -8.07240616	          1.63289145	          0.91829775	         25.05210611	          7.85782814	        -52.08678976	         -4.70286136	          3.60743044	          6.37563897	          1.76046784	          0.01919167	          0.03269777	          0.02564556	          0.01000000	          0.01000000	          0.03669501	          0.17792071	          0.19485023	          0.30778190	          0.01000000	          0.10591572	          0.01000000	          0.05866069	          0.05721770	          0.01000000	          0.01000000	          0.01000000	          0.12798091	
          1.31259082	         -8.04508490	          1.64436849	          0.91808373	         26.40004872	          6.95842705	        -51.50434143	         -4.52121759	          4.47359624	          6.62573468	          1.56562179	          0.01938840	          0.07583658	          0.02331237	          0.01000000	          0.01000000	          0.03130290	          0.19104018	          0.20820994	          0.29764855	          0.01000000	          0.09035204	          0.01000000	          0.06290586	          0.05227895	          0.01000000	          0.01000000	          0.01000000	          0.13087866	
          1.32292618	         -8.01729833	          1.65587196	          0.91773943	         27.65272901	          6.07876675	        -50.67670492	         -4.38345845	          5.27022632	          6.89034270	          1.37335858	          0.01981131	          0.11757091	          0.02271727	          0.01000000	          0.01000000	          0.02670312	          0.20393960	          0.22199065	          0.28648286	          0.01000000	          0.07707535	          0.01000000	          0.06849159	          0.04803528	          0.01000000	          0.01000000	          0.01000000	          0.13299367	
          1.33326154	         -7.98941283	          1.66741044	          0.91726634	         28.80243482	          5.22206157	        -49.60273717	         -4.29562873	          5.98516400	          7.16779098	          1.18485020	          0.02084341	          0.15814849	          0.02327715	          0.01000000	          0.01000000	          0.02277926	          0.21660181	          0.23625616	          0.27376029	          0.01000000	          0.06574959	          0.01000000	          0.07540068	          0.04420718	          0.01000000	          0.01000000	          0.01000000	          0.13403469	
          1.34359690	         -7.96182566	          1.67899233	          0.91666528	         29.84410963	          4.38899465	        -48.28723032	         -4.25896598	          6.60531093	          7.45530764	          1.00128062	          0.02271702	          0.19770329	          0.02411438	          0.01000000	          0.01000000	          0.01943198	          0.22901516	          0.25103070	          0.25810553	          0.01000000	          0.05608808	          0.01000000	          0.08334933	          0.04023845	          0.01000000	          0.01000000	          0.01000000	          0.13382531	
          1.35393226	         -7.93495682	          1.69062566	          0.91593725	         30.77520661	          3.57867191	        -46.73973433	         -4.27150212	          7.11910069	          7.74827152	          0.82380828	          0.02537633	          0.23617353	          0.02446524	          0.01000000	          0.01000000	          0.01657657	          0.24118658	          0.26632278	          0.23925616	          0.01000000	          0.04784627	          0.01000000	          0.09184690	          0.03528044	          0.01000000	          0.01000000	          0.01000000	          0.13254955	
          1.36426763	         -7.90924110	          1.70231843	          0.91508469	         31.59526644	          2.78888988	        -44.97292725	         -4.32815283	          7.52001473	          8.03709464	          0.65360090	          0.02843298	          0.27356340	          0.02396376	          0.01000000	          0.01000000	          0.01414074	          0.25297920	          0.28189173	          0.20409891	          0.01000000	          0.04081555	          0.01000000	          0.10059046	          0.03009622	          0.01000000	          0.01000000	          0.01000000	          0.13080975	
          1.37460299	         -7.88514781	          1.71408045	          0.91411525	         32.30496626	          2.01418581	        -43.00031980	         -4.41663426	          7.80937205	          8.30432817	          0.49208545	          0.03200031	          0.30769274	          0.02221275	          0.01000000	          0.01000000	          0.01206285	          0.26425503	          0.29747021	          0.17410780	          0.01000000	          0.03481797	          0.01000000	          0.10767518	          0.02567377	          0.01000000	          0.01000000	          0.01000000	          0.12919485	
          1.38493835	         -7.86309237	          1.72592282	          0.91303897	         32.90655326	          1.24850696	        -40.83842066	         -4.52649259	          7.99755513	          8.54961172	          0.34078870	          0.03536361	          0.33801559	          0.01994466	          0.01000000	          0.01000000	          0.01029028	          0.27503166	          0.31287159	          0.14852370	          0.01000000	          0.03841725	          0.01000000	          0.11264153	          0.02190117	          0.01000000	          0.01000000	          0.01000000	          0.12808519	
          1.39527371	         -7.84336770	          1.73785643	          0.91186372	         33.40677996	          0.48720490	        -38.51615903	         -4.65052043	          8.10213721	          8.77426079	          0.20109011	          0.03765729	          0.36423340	          0.01701393	          0.01000000	          0.01000000	          0.01000000	          0.28532236	          0.32798635	          0.12669903	          0.01000000	          0.04178125	          0.01000000	          0.11607965	          0.01868293	          0.01000000	          0.01000000	          0.01000000	          0.12764360	
          1.40560907	         -7.82619986	          1.74989498	          0.91059875	         33.81395083	         -0.27467418	        -36.06812707	         -4.78069750	          8.14316019	          8.97393882	          0.07467364	          0.03810279	          0.38534758	          0.01451384	          0.01000000	          0.01000000	          0.01000000	          0.29504851	          0.34267962	          0.10808136	          0.01000000	          0.04068604	          0.01000000	          0.11778572	          0.01593760	          0.01000000	          0.01000000	          0.01000000	          0.12764185	
          1.41594443	         -7.81160822	          1.76205661	          0.90925953	         34.13432665	         -1.04146396	        -33.52582579	         -4.91068736	          8.13820122	          9.13980885	         -0.03643191	          0.03784635	          0.39798755	          0.01238112	          0.01330121	          0.01000000	          0.01000000	          0.30407989	          0.35666479	          0.09219945	          0.01000000	          0.03470750	          0.01000000	          0.11503759	          0.01396115	          0.01000000	          0.01000003	          0.01000000	          0.12827293	
          1.42627979	         -7.79947861	          1.77436396	          0.90787040	         34.36977357	         -1.81411720	        -30.91218770	         -5.04078132	          8.10285697	          9.26064481	         -0.12977829	          0.03558482	          0.39834294	          0.01056179	          0.02437983	          0.01000000	          0.01000000	          0.31218759	          0.36948217	          0.07865129	          0.01000000	          0.02960744	          0.01000000	          0.10316348	          0.01190969	          0.01000000	          0.01053879	          0.01000000	          0.13049908	
          1.43661515	         -7.78967029	          1.78684306	          0.90646201	         34.51782334	         -2.58893045	        -28.24359764	         -5.17971532	          8.05031836	          9.32527816	         -0.20251053	          0.03353873	          0.38229807	          0.01000000	          0.04302968	          0.01000000	          0.01000000	          0.31904820	          0.38078294	          0.06709396	          0.01000000	          0.02525681	          0.01000000	          0.08800423	          0.01015965	          0.01000000	          0.01084712	          0.01000000	          0.13318254	
          1.44695051	         -7.78194473	          1.79952271	          0.90506552	         34.57427054	         -3.36096151	        -25.53740318	         -5.33842418	          7.99314417	          9.32232379	         -0.25148165	          0.03172130	          0.33993378	          0.01000000	          0.06171723	          0.01000000	          0.01000000	          0.32427129	          0.39015127	          0.05723490	          0.01000000	          0.02154547	          0.01000000	          0.07507253	          0.01000004	          0.01000000	          0.01053543	          0.01000006	          0.13673811	
          1.45728587	         -7.77587695	          1.81243567	          0.90370920	         34.53747941	         -4.13072543	        -22.82303905	         -5.51775462	          7.94364853	          9.23663780	         -0.27316829	          0.02706005	          0.28998255	          0.01000001	          0.07529408	          0.01000000	          0.01000000	          0.32748620	          0.39684502	          0.04882457	          0.01000000	          0.01837950	          0.01000008	          0.06404107	          0.01000001	          0.01000000	          0.01000001	          0.01000009	          0.14129520	
          1.46762123	         -7.77106964	          1.82561611	          0.90241750	         34.40858370	         -4.90135141	        -20.13979765	         -5.71392345	          7.91187905	          9.05325873	         -0.26373034	          0.02308374	          0.24737135	          0.01000000	          0.09718796	          0.01000000	          0.01000000	          0.32847073	          0.40059925	          0.04165009	          0.01000000	          0.01567874	          0.01933061	          0.05463062	          0.01000002	          0.01000000	          0.01000000	          0.01000000	          0.14699121	
          1.47795659	         -7.76700548	          1.83909356	          0.90121144	         34.18414208	         -5.66526826	        -17.51430102	         -5.94372745	          7.90469243	          8.76603840	         -0.21994752	          0.01969172	          0.21102161	          0.01000028	          0.13065569	          0.01000000	          0.01000000	          0.32696116	          0.40095141	          0.03552986	          0.01236000	          0.01337485	          0.03724253	          0.04660298	          0.01000001	          0.01000000	          0.01000000	          0.01000000	          0.15109657	
          1.48829196	         -7.76315407	          1.85288918	          0.90010574	         33.85939567	         -6.40097838	        -14.96809209	         -6.24851821	          7.92042960	          8.37620820	         -0.13953891	          0.01679814	          0.18001324	          0.01000000	          0.17290697	          0.03901218	          0.01000000	          0.32253289	          0.39792418	          0.03030896	          0.04145649	          0.01140949	          0.03723997	          0.03975495	          0.01000021	          0.01000000	          0.01000000	          0.01000003	          0.15255233	
          1.49862732	         -7.75876594	          1.86701432	          0.89910583	         33.44685941	         -7.08417281	        -12.57490232	         -6.67308448	          7.94866202	          7.88604800	         -0.02158889	          0.01432975	          0.15356138	          0.01000000	          0.21880454	          0.08331329	          0.01000000	          0.31476403	          0.39119142	          0.02585524	          0.08549770	          0.01000000	          0.03833382	          0.03391320	          0.03133811	          0.01000000	          0.01000000	          0.01049767	          0.15541348	
          1.50896268	         -7.75317691	          1.88147702	          0.89821128	         32.96113771	         -7.69130491	        -10.41679660	         -7.25988727	          7.96518548	          7.29658753	          0.13462105	          0.01222408	          0.13099645	          0.01000000	          0.25464468	          0.12170148	          0.01610894	          0.30333424	          0.38101066	          0.02205597	          0.12444838	          0.01000000	          0.03418005	          0.02892986	          0.03041983	          0.01000013	          0.01000000	          0.01210651	          0.16047306	
          1.51929804	         -7.74574777	          1.89628673	          0.89741360	         32.41581977	         -8.20761016	         -8.57052877	         -8.03510625	          7.93976012	          6.60399894	          0.33014336	          0.01042783	          0.11174730	          0.01172255	          0.26405841	          0.15998998	          0.01374184	          0.28814964	          0.36711803	          0.01881497	          0.15029424	          0.01000000	          0.02915750	          0.02467879	          0.02594982	          0.01528846	          0.01000000	          0.01464840	          0.16881597	
          1.52963340	         -7.73605578	          1.91145002	          0.89669318	         31.81589235	         -8.61658941	         -7.07864809	         -9.02791207	          7.84050237	          5.80521619	          0.56603890	          0.01000000	          0.09532671	          0.01000000	          0.23847138	          0.20245421	          0.01172256	          0.26890918	          0.34884131	          0.01605023	          0.15942862	          0.01000000	          0.02487298	          0.02105239	          0.02213665	          0.01695261	          0.01000000	          0.01884715	          0.17932770	
          1.53996876	         -7.72349291	          1.92697511	          0.89601729	         31.16577772	         -8.91628116	         -5.97389267	        -10.23891039	          7.62166495	          4.88610411	          0.84347658	          0.01000000	          0.08131902	          0.01000000	          0.20342944	          0.19881658	          0.01000000	          0.24611288	          0.32774883	          0.01369174	          0.15572529	          0.01000000	          0.02121805	          0.01795886	          0.01888380	          0.01892551	          0.01000000	          0.02456468	          0.19743425	
          1.55030412	         -7.70753108	          1.94285646	          0.89534263	         30.47218316	         -9.10102126	         -5.29493981	        -11.67687046	          7.23264872	          3.84027755	          1.16197929	          0.01000000	          0.06936967	          0.01000000	          0.17353670	          0.16960167	          0.01000000	          0.20994806	          0.29602768	          0.01167982	          0.13599384	          0.01000000	          0.02861694	          0.01531992	          0.01610894	          0.03107313	          0.01172255	          0.02761223	          0.21452850	
          1.56063948	         -7.68871929	          1.95906414	          0.89462392	         29.72797551	         -9.14266010	         -5.06076442	        -13.38763835	          6.63220764	          2.66639247	          1.51916418	          0.01000000	          0.05917621	          0.01172254	          0.14803652	          0.14467972	          0.01120444	          0.17909745	          0.25252818	          0.01000000	          0.12198960	          0.01000001	          0.04765200	          0.01306875	          0.01374183	          0.06934640	          0.01000000	          0.02355478	          0.28143290	
          1.57097484	         -7.66836469	          1.97550884	          0.89387476	         28.92965099	         -9.00085424	         -5.32845559	        -15.41877439	          5.76007956	          1.31993389	          1.90576325	          0.01888380	          0.05048062	          0.01000000	          0.12628344	          0.12341990	          0.02229560	          0.15278015	          0.21542067	          0.01000000	          0.10755150	          0.01000000	          0.09646196	          0.01114837	          0.01172255	          0.06464708	          0.01704434	          0.02009354	          0.31574584	
          1.58131020	         -7.65051324	          1.99194968	          0.89326255	         28.10425817	         -8.62558722	         -5.70999499	        -17.78925174	          4.80042129	         -0.32588695	          2.29601627	          0.01610894	          0.04306280	          0.03456905	          0.10772684	          0.10528409	          0.02294528	          0.13033002	          0.18376589	          0.01000000	          0.09174745	          0.01610891	          0.13895404	          0.01000000	          0.01000000	          0.05514758	          0.01453978	          0.01714092	          0.46483372	
          1.59164556	         -7.64030320	          2.00805709	          0.89302237	         27.38347122	         -7.96201425	         -6.20246975	        -20.49830387	          3.69718177	         -2.44103711	          2.65417699	          0.01374183	          0.03673498	          0.02948934	          0.09189703	          0.11863114	          0.01957361	          0.11117880	          0.15676259	          0.01000000	          0.07870107	          0.01374181	          0.16669763	          0.01000000	          0.01000000	          0.14579434	          0.01240324	          0.01462216	          0.53086560	
          1.60198092	         -7.63903667	          2.02367444	          0.89326238	         26.76192932	         -7.00235712	         -6.82802097	        -23.50726852	          2.84977651	         -5.03825544	          2.96272624	          0.01172255	          0.03133699	          0.02515605	          0.07839331	          0.10977618	          0.01669739	          0.09484174	          0.13372727	          0.23632758	          0.07093183	          0.01172253	          0.18893501	          0.01000000	          0.01000000	          0.22206289	          0.01058066	          0.01247353	          0.59357488	
          1.61231628	         -7.64807905	          2.03870889	          0.89388616	         26.17302013	         -5.80778890	         -7.47058696	        -26.70086303	          2.36980131	         -7.50988599	          3.21218430	          0.01000000	          0.02673221	          0.02145952	          0.06687388	          0.15454227	          0.01424381	          0.08090532	          0.11407685	          0.20160065	          0.06460706	          0.01000000	          0.19779569	          0.01000000	          0.01000000	          0.26449341	          0.01000000	          0.01064062	          0.63234803	
          1.62265165	         -7.66794231	          2.05316079	          0.89483736	         25.56914134	         -4.47923045	         -8.03332062	        -29.83577795	          2.17429396	         -8.68489392	          3.40387609	          0.01000000	          0.02373768	          0.01830617	          0.05704721	          0.15256437	          0.01215076	          0.06901676	          0.09731393	          0.21859496	          0.05725660	          0.01000000	          0.18324414	          0.01000000	          0.01000000	          0.27544908	          0.01000000	          0.01146875	          0.62967446	
          1.63298701	         -7.69758020	          2.06710487	          0.89614386	         24.93057326	         -3.05415689	         -8.48181920	        -32.81091587	          2.19023744	         -9.13868257	          3.54683987	          0.01972667	          0.06213186	          0.01561619	          0.05369407	          0.20149025	          0.01036528	          0.05887516	          0.08301423	          0.25509173	          0.06048790	          0.01000000	          0.16932349	          0.01000000	          0.01000000	          0.27159421	          0.01000000	          0.01665055	          0.61063974	
          1.64332237	         -7.73559115	          2.08061464	          0.89776132	         24.25156251	         -1.55180757	         -8.80677487	        -35.59111434	          2.34242559	         -9.16854194	          3.64914317	          0.02788787	          0.06432395	          0.01332149	          0.05195419	          0.23620371	          0.01000000	          0.05022381	          0.07081579	          0.25422644	          0.06133035	          0.01000000	          0.15578365	          0.01000000	          0.01000000	          0.25802936	          0.01000000	          0.02327030	          0.58015265	
          1.65365773	         -7.78055046	          2.09376918	          0.89961208	         23.52780824	          0.00251561	         -9.00479444	        -38.13260333	          2.57278839	         -8.90515492	          3.71924459	          0.03041984	          0.08830053	          0.01136397	          0.04895375	          0.26188649	          0.01000000	          0.04431823	          0.06040983	          0.24765029	          0.06353456	          0.01000000	          0.14430410	          0.01000000	          0.01000000	          0.23916180	          0.01000000	          0.02992041	          0.54802892	
          1.66399309	         -7.83107933	          2.10663553	          0.90160745	         22.76027200	          1.59110828	         -9.08219174	        -40.41060084	          2.83197748	         -8.46317133	          3.76392348	          0.02594983	          0.10282050	          0.01000000	          0.04581551	          0.27668313	          0.01000000	          0.03780593	          0.05153297	          0.22808259	          0.06575783	          0.01000000	          0.13524467	          0.01000000	          0.01000000	          0.21847192	          0.01000000	          0.03636681	          0.51866624	
          1.67432845	         -7.88594558	          2.11926895	          0.90365882	         21.95415078	          3.19987971	         -9.05294941	        -42.41165861	          3.08445042	         -7.87781301	          3.78853799	          0.02213665	          0.12305991	          0.01000000	          0.04457195	          0.28107945	          0.01000000	          0.03225058	          0.04396051	          0.20985848	          0.06640759	          0.01000000	          0.12641280	          0.01000000	          0.01000000	          0.19901721	          0.01000000	          0.04486444	          0.49324594	
          1.68466381	         -7.94414614	          2.13171021	          0.90568834	         21.11725295	          4.82105540	         -8.93592654	        -44.13686058	          3.31657325	         -7.19443409	          3.79684278	          0.01888381	          0.14394321	          0.01000000	          0.04461026	          0.27559831	          0.01000000	          0.02751155	          0.03750077	          0.19109350	          0.06558596	          0.01000000	          0.11852412	          0.01000000	          0.01000000	          0.18228846	          0.01000000	          0.05504189	          0.47123043	
          1.69499917	         -8.00483719	          2.14398658	          0.90763387	         20.25675286	          6.45239970	         -8.74842482	        -45.60302999	          3.52872233	         -6.43293951	          3.79107118	          0.01610894	          0.16845371	          0.01000000	          0.04534740	          0.26178382	          0.01000000	          0.02346889	          0.03199026	          0.17468635	          0.06368765	          0.01000000	          0.11119527	          0.01000000	          0.01000000	          0.16798195	          0.01000000	          0.06594179	          0.45194484	
          1.70533453	         -8.06685901	          2.15611576	          0.90944991	         19.37776951	          8.09477204	         -8.50414992	        -46.83700946	          3.72574867	         -5.60693664	          3.77186877	          0.01374183	          0.19402330	          0.01000000	          0.04653538	          0.24182553	          0.01000000	          0.02002028	          0.02728948	          0.16024360	          0.06095116	          0.01000000	          0.10394838	          0.01000000	          0.01000000	          0.15575936	          0.01000000	          0.07708006	          0.43469719	
          1.71566989	         -8.12917330	          2.16810967	          0.91110430	         18.48407696	          9.75044369	         -8.21361850	        -47.87047591	          3.91260257	         -4.72129282	          3.73930979	          0.01172255	          0.21908866	          0.01000000	          0.04781119	          0.21793620	          0.01000000	          0.01707842	          0.02327945	          0.14816378	          0.05758524	          0.01000000	          0.09679056	          0.01000000	          0.01000000	          0.14497104	          0.01000000	          0.08835665	          0.41880286	
          1.72600525	         -8.19098180	          2.17997771	          0.91257588	         17.57850758	         11.42152313	         -7.88510223	        -48.73491161	          4.09455746	         -3.77984164	          3.69344814	          0.01000000	          0.24143206	          0.01000000	          0.04892241	          0.19228123	          0.01000000	          0.01456885	          0.01985868	          0.13810093	          0.05376248	          0.01000000	          0.08990544	          0.01000000	          0.01000000	          0.13495629	          0.01000000	          0.09967418	          0.40384985	
          1.73634061	         -8.25168860	          2.19172892	          0.91385280	         16.66338744	         13.10872655	         -7.52565824	        -49.45825147	          4.27641010	         -2.78731437	          3.63453696	          0.01000000	          0.25857662	          0.01000000	          0.05039502	          0.16633365	          0.01000000	          0.01242804	          0.01694056	          0.12947971	          0.04964601	          0.01000000	          0.08174786	          0.01000000	          0.01000000	          0.12523548	          0.01000000	          0.11140935	          0.38848913	
          1.74667598	         -8.31084530	          2.20337289	          0.91493076	         15.74113814	         14.81085751	         -7.14212263	        -50.06382958	          4.46071333	         -1.75328908	          3.56307634	          0.01000000	          0.26738412	          0.01000000	          0.05156377	          0.14189193	          0.01000000	          0.01060181	          0.01445125	          0.12260704	          0.04548155	          0.01000000	          0.07421534	          0.01000000	          0.01000000	          0.11571973	          0.01000000	          0.12289967	          0.37372318	
          1.75701134	         -8.36816355	          2.21492157	          0.91581280	         14.81376783	         16.52312149	         -6.73919761	        -50.56467932	          4.63545530	         -0.69191907	          3.48004350	          0.01000000	          0.26439950	          0.01000000	          0.05182537	          0.12104176	          0.01000000	          0.01000000	          0.01232772	          0.11873388	          0.04240275	          0.01000000	          0.06804821	          0.01000000	          0.01000000	          0.10468012	          0.02843474	          0.13337192	          0.36437099	
          1.76734670	         -8.42348590	          2.22638564	          0.91650839	         13.88788226	         18.23656244	         -6.32949875	        -50.95986291	          4.79076223	          0.37362020	          3.38638576	          0.01000000	          0.24213267	          0.01000000	          0.05310743	          0.10325540	          0.01000000	          0.01000000	          0.01051624	          0.11682240	          0.03955398	          0.01000000	          0.06287785	          0.01000000	          0.01000000	          0.09533961	          0.04690787	          0.14434808	          0.35506820	
          1.77768206	         -8.47670907	          2.23777996	          0.91703246	         12.97040800	         19.93576658	         -5.93132453	        -51.23006845	          4.95320576	          1.42270556	          3.28362147	          0.01000000	          0.20655273	          0.01000000	          0.05453536	          0.08808265	          0.01000000	          0.01000000	          0.01000000	          0.12023183	          0.03741525	          0.01000000	          0.05930201	          0.01000000	          0.01000000	          0.08239575	          0.06352753	          0.15526198	          0.34626038	
          1.78801742	         -8.52778584	          2.24912133	          0.91740168	         12.06937474	         21.60096726	         -5.56369958	        -51.34330389	          5.13500103	          2.43205844	          3.17355093	          0.01000000	          0.17620104	          0.01000000	          0.05605042	          0.07560182	          0.01000000	          0.01000000	          0.01000000	          0.12415107	          0.03639347	          0.01000000	          0.05638257	          0.01000000	          0.01000000	          0.07028819	          0.07908516	          0.16651560	          0.33738968	
          1.79835278	         -8.57670230	          2.26042646	          0.91762994	         11.19093106	         23.21310019	         -5.24024645	        -51.27031088	          5.33729714	          3.38832458	          3.05796145	          0.01000000	          0.15030935	          0.01000000	          0.05754520	          0.06659864	          0.01000000	          0.01000000	          0.01000000	          0.12735152	          0.03673761	          0.01000000	          0.05372905	          0.01000000	          0.01000000	          0.05995976	          0.09376054	          0.17815341	          0.32840978	
          1.80868814	         -8.62346794	          2.27171212	          0.91772787	         10.33734512	         24.75526861	         -4.96708828	        -50.98838591	          5.55905530	          4.28336302	          2.93864664	          0.01000000	          0.12822229	          0.01000000	          0.05936305	          0.05984418	          0.01000000	          0.01000000	          0.01000000	          0.13001471	          0.03816402	          0.01000000	          0.05162110	          0.01000000	          0.01000000	          0.05114903	          0.10773289	          0.19023548	          0.31935728	
          1.81902350	         -8.66811040	          2.28299471	          0.91770313	          9.50782087	         26.21282718	         -4.74455689	        -50.48091267	          5.79831829	          5.10856194	          2.81734557	          0.01000000	          0.10938080	          0.01000000	          0.06181258	          0.05447644	          0.01000002	          0.01000000	          0.01000000	          0.13191877	          0.04039414	          0.01000001	          0.05023493	          0.01000000	          0.01000000	          0.04363299	          0.12108719	          0.20273735	          0.31022956	
          1.82935886	         -8.71066858	          2.29428986	          0.91756078	          8.69934782	         27.57327003	         -4.56868921	        -49.73670507	          6.05212565	          5.85371654	          2.69570393	          0.01000000	          0.09330794	          0.01000000	          0.06509702	          0.04955532	          0.01085345	          0.01000000	          0.01000000	          0.13292959	          0.04317725	          0.01000004	          0.04953009	          0.01000000	          0.01000000	          0.03722138	          0.13392355	          0.21571439	          0.30078977	
          1.83969422	         -8.75117482	          2.30561128	          0.91730351	          7.90911970	         28.82617755	         -4.43617491	        -48.74918934	          6.31895667	          6.50808180	          2.57510583	          0.01000000	          0.07959690	          0.01000000	          0.06997866	          0.04536525	          0.01000888	          0.01000000	          0.01000000	          0.13298737	          0.04590685	          0.04323114	          0.05274423	          0.01000000	          0.01000000	          0.03175192	          0.14644893	          0.22926350	          0.29001308	
          1.85002958	         -8.78963106	          2.31696585	          0.91693052	          7.14036459	         29.96613684	         -4.35460215	        -47.52251105	          6.60060310	          7.06238372	          2.45602037	          0.01000000	          0.06790061	          0.01000000	          0.07649067	          0.04103491	          0.01000000	          0.01000000	          0.01000000	          0.13222621	          0.04877870	          0.08352424	          0.05748430	          0.01000000	          0.01000000	          0.02708617	          0.15869800	          0.24336216	          0.27765195	
          1.86036494	         -8.82602319	          2.32835825	          0.91644011	          6.39708684	         30.99015845	         -4.33192284	        -46.06476335	          6.89623528	          7.51109452	          2.33862401	          0.01000000	          0.05792302	          0.01000000	          0.08441934	          0.03557819	          0.01000000	          0.01000000	          0.01000000	          0.13096261	          0.05168569	          0.12173616	          0.06284720	          0.01000000	          0.01000000	          0.02310602	          0.17067272	          0.25806475	          0.26238211	
          1.87070030	         -8.86032934	          2.33979339	          0.91583094	          5.68099396	         31.89730716	         -4.37150867	        -44.38760901	          7.20301184	          7.85472723	          2.22312268	          0.01000000	          0.04941158	          0.01000000	          0.09247129	          0.03035021	          0.01000000	          0.01000000	          0.01000000	          0.12969992	          0.05473041	          0.15701679	          0.06824265	          0.01000000	          0.01000000	          0.01971073	          0.18238135	          0.27342211	          0.24463923	
          1.88103567	         -8.89251182	          2.35127711	          0.91510326	          4.99116000	         32.68844519	         -4.47148786	        -42.50607487	          7.51381948	          8.10115482	          2.10982955	          0.01000000	          0.04215085	          0.01000000	          0.09991011	          0.02589043	          0.01000000	          0.01000000	          0.01000000	          0.12891853	          0.05754866	          0.18903023	          0.07310274	          0.01000000	          0.01000000	          0.01681435	          0.19373626	          0.28926249	          0.21242265	
          1.89137103	         -8.92253631	          2.36281760	          0.91426215	          4.32247105	         33.36548705	         -4.62112289	        -40.43772852	          7.81264256	          8.26464002	          1.99936665	          0.01000000	          0.03668579	          0.01000000	          0.10507558	          0.02208599	          0.01000000	          0.01000000	          0.01000000	          0.12869876	          0.06000510	          0.21507209	          0.07681732	          0.01000000	          0.01000000	          0.01434358	          0.20463969	          0.30531844	          0.18120841	
          1.90170639	         -8.95030222	          2.37442487	          0.91331593	          3.66741830	         33.93252853	         -4.80750010	        -38.20710130	          8.09602761	          8.36275655	          1.89251787	          0.01000000	          0.04445767	          0.01000000	          0.10744873	          0.01884059	          0.01000000	          0.01000000	          0.01000000	          0.12877677	          0.06165561	          0.23387609	          0.08012368	          0.01000000	          0.01000000	          0.01223588	          0.21509603	          0.32136323	          0.15458092	
          1.91204175	         -8.97558783	          2.38610848	          0.91227162	          3.01889706	         34.39900513	         -5.01967040	        -35.85448948	          8.36570671	          8.41275961	          1.78989647	          0.01000000	          0.04295219	          0.01000000	          0.10668863	          0.01607208	          0.01000000	          0.01000000	          0.01000000	          0.12917754	          0.06240586	          0.24553737	          0.08168577	          0.01000000	          0.01000000	          0.01043789	          0.22515501	          0.33731136	          0.13186618	
          1.92237711	         -8.99808862	          2.39788020	          0.91113840	          2.37109047	         34.77226706	         -5.24899414	        -33.41562696	          8.61929953	          8.42846665	          1.69231931	          0.01000000	          0.03913979	          0.01000000	          0.10196129	          0.01371039	          0.01000000	          0.01000000	          0.01000000	          0.12980798	          0.06219648	          0.24966857	          0.08075671	          0.01000000	          0.01000000	          0.01000000	          0.23479151	          0.35299998	          0.11248923	
          1.93271247	         -9.01744660	          2.40975514	          0.90992991	          1.71890736	         35.05635154	         -5.48804937	        -30.91931950	          8.84946417	          8.42049926	          1.60099598	          0.01000000	          0.03394421	          0.01000000	          0.09197720	          0.01169574	          0.01000000	          0.01000001	          0.01000000	          0.13078469	          0.06052080	          0.24473642	          0.07652464	          0.01000000	          0.01000000	          0.01000000	          0.24391482	          0.36810929	          0.09595961	
          1.94304783	         -9.03328194	          2.42175197	          0.90866683	          1.05975155	         35.25153040	         -5.73422629	        -28.38741541	          9.04582297	          8.39706265	          1.51757441	          0.01000000	          0.02895635	          0.01000000	          0.07846171	          0.01000003	          0.01000000	          0.01000018	          0.01000000	          0.13239473	          0.05726749	          0.22682741	          0.06961590	          0.01000000	          0.01000000	          0.01000000	          0.25235637	          0.38225663	          0.08185892	
          1.95338319	         -9.04522938	          2.43389393	          0.90737818	          0.39296869	         35.35502739	         -5.98845201	        -25.83742487	          9.19490229	          8.36524003	          1.44431743	          0.01000000	          0.02470139	          0.01000000	          0.06693223	          0.01000002	          0.01000000	          0.01009346	          0.01000000	          0.13502214	          0.05366852	          0.19349650	          0.06406723	          0.01000000	          0.01000000	          0.01000000	          0.25984929	          0.39502189	          0.06983024	
          1.96371855	         -9.05293782	          2.44620870	          0.90609705	         -0.28317941	         35.36457578	         -6.24953079	        -23.29063657	          9.28142288	          8.33157023	          1.38410268	          0.01000000	          0.02107167	          0.01000000	          0.05709694	          0.01000001	          0.01000000	          0.01000005	          0.01000001	          0.13800942	          0.04837016	          0.16506334	          0.06252909	          0.01000000	          0.01000000	          0.01000000	          0.26612722	          0.40582617	          0.05956910	
          1.97405391	         -9.05605960	          2.45872404	          0.90485446	         -0.96887523	         35.28062514	         -6.51915263	        -20.77620653	          9.29219857	          8.30235899	          1.33988430	          0.01060344	          0.01797532	          0.01126895	          0.04870689	          0.01000000	          0.01000000	          0.01000001	          0.01000001	          0.14173967	          0.04126246	          0.14080827	          0.06371498	          0.01000000	          0.01000000	          0.01000000	          0.27091877	          0.41416645	          0.05081578	
          1.98438927	         -9.05423532	          2.47146580	          0.90367783	         -1.65974339	         35.10455061	         -6.80736303	        -18.32578122	          9.21704162	          8.28252526	          1.31443928	          0.01182895	          0.01533396	          0.01796900	          0.04154970	          0.01000001	          0.01000000	          0.01000000	          0.01000000	          0.14546534	          0.03519919	          0.12011734	          0.06093106	          0.01000000	          0.01000000	          0.01000000	          0.27395560	          0.41955279	          0.04334871	
          1.99472463	         -9.04707455	          2.48445572	          0.90259089	         -2.34180067	         34.83579569	         -7.14211310	        -15.96543277	          9.05190190	          8.27392592	          1.31006837	          0.01875877	          0.01308073	          0.02410184	          0.03544422	          0.01000002	          0.01000000	          0.01000000	          0.01000000	          0.14883711	          0.03002688	          0.10246682	          0.05293742	          0.01000000	          0.01000000	          0.01000004	          0.27493092	          0.42179202	          0.03697887	
          2.00506000	         -9.03420814	          2.49771122	          0.90161095	         -2.99545441	         34.47650312	         -7.56000115	        -13.72767757	          8.79360829	          8.27386214	          1.32865644	          0.03085010	          0.01115860	          0.02211320	          0.03023590	          0.01000003	          0.01000000	          0.01000000	          0.01000000	          0.15148434	          0.02561461	          0.08740993	          0.04515859	          0.01000000	          0.01000000	          0.02181501	          0.27332419	          0.42056597	          0.03154505	
          2.01539536	         -9.01533583	          2.51125628	          0.90074706	         -3.61662984	         34.03356507	         -8.06777665	        -11.65674746	          8.43035334	          8.27269176	          1.37315012	          0.04852033	          0.01000000	          0.01886380	          0.02579292	          0.01567261	          0.01000000	          0.01000000	          0.01000000	          0.15376299	          0.02185069	          0.07456556	          0.03852280	          0.01000000	          0.01000000	          0.03252923	          0.26891481	          0.41568370	          0.02690969	
          2.02573072	         -8.99016332	          2.52511081	          0.89999897	         -4.19885687	         33.51548753	         -8.67802536	         -9.79879802	          7.95761945	          8.25422380	          1.44610867	          0.07117507	          0.01000000	          0.01609188	          0.02200280	          0.02213665	          0.01000000	          0.01000000	          0.01057943	          0.15706487	          0.01863986	          0.06360860	          0.03286211	          0.01076014	          0.01132163	          0.04082582	          0.26158074	          0.40692970	          0.02295547	
          2.03606608	         -8.95835026	          2.53928717	          0.89935698	         -4.72817770	         32.93077900	         -9.41608424	         -8.19859645	          7.37406758	          8.19578568	          1.54917870	          0.09150043	          0.01000000	          0.01419474	          0.01876962	          0.01888381	          0.01000010	          0.01000000	          0.01272739	          0.16429077	          0.01590085	          0.05426170	          0.02803322	          0.01000016	          0.01610887	          0.05165798	          0.25122820	          0.39418956	          0.01958230	
          2.04640144	         -8.91979357	          2.55379653	          0.89880187	         -5.19278690	         32.28602611	        -10.30188102	         -6.89525970	          6.67592950	          8.07236256	          1.68421945	          0.10147599	          0.01000000	          0.02244381	          0.01601154	          0.01610895	          0.01090831	          0.01000000	          0.01611426	          0.17377655	          0.01356431	          0.04628827	          0.02391391	          0.01000014	          0.01374178	          0.06163000	          0.23736419	          0.37766110	          0.01670480	
          2.05673680	         -8.87443560	          2.56864695	          0.89830569	         -5.57768286	         31.57965380	        -11.36138027	         -5.90618862	          5.86106426	          7.85222441	          1.85282302	          0.09870947	          0.01000001	          0.03659203	          0.01365874	          0.01374183	          0.01176593	          0.01000002	          0.02043161	          0.18928879	          0.01157112	          0.03948648	          0.03154779	          0.01000012	          0.01172251	          0.06978646	          0.22140130	          0.35629303	          0.01425013	
