C:\GBW_MyPrograms\PredSimResults\gait1018_esmac\gait1018_esmac_v36.mot
version=1
nRows=200
nColumns=29
inDegrees=yes
endheader
                time	         pelvis_tilt	           pelvis_tx	           pelvis_ty	       hip_flexion_l	       hip_flexion_r	        knee_angle_l	        knee_angle_r	       ankle_angle_l	       ankle_angle_r	    lumbar_extension	hamstrings_r/activation	bifemsh_r/activation	glut_max_r/activation	iliopsoas_r/activation	rect_fem_r/activation	  vasti_r/activation	gastroc_r/activation	 soleus_r/activation	tib_ant_r/activation	hamstrings_l/activation	bifemsh_l/activation	glut_max_l/activation	iliopsoas_l/activation	rect_fem_l/activation	  vasti_l/activation	gastroc_l/activation	 soleus_l/activation	tib_ant_l/activation	
          0.00000000	         -7.92019337	          0.00000000	          0.89604408	         -9.10152533	         28.59968341	        -10.31503422	         -1.29586720	          3.97718215	          5.26962893	          1.64480084	          0.07284413	          0.01131436	          0.02450579	          0.01378549	          0.01617228	          0.01999792	          0.01175294	          0.02627726	          0.20116480	          0.01084708	          0.09176125	          0.01302567	          0.11287860	          0.01383440	          0.01107381	          0.21861731	          0.31507312	          0.01652346	
          0.01047738	         -7.88697801	          0.01624879	          0.89556015	         -8.98597403	         27.67744842	        -12.36810611	         -0.88107490	          2.89393745	          4.62503206	          1.97057497	          0.06578111	          0.01001989	          0.05277342	          0.01173695	          0.01377056	          0.03872090	          0.01000661	          0.02237273	          0.25220033	          0.01000656	          0.07812022	          0.01109813	          0.09609804	          0.01178166	          0.01833444	          0.18611718	          0.26823426	          0.01406710	
          0.02095476	         -7.85041562	          0.03272273	          0.89504169	         -8.68552054	         26.72268691	        -14.74226029	         -0.92566407	          1.61166316	          3.73671008	          2.32208305	          0.07001132	          0.01001798	          0.04507420	          0.01000366	          0.01172628	          0.03296575	          0.01809826	          0.01904752	          0.30494319	          0.02074292	          0.06650711	          0.05001950	          0.08181209	          0.01003774	          0.01563849	          0.15844853	          0.22835789	          0.01197593	
          0.03143213	         -7.81504090	          0.04918305	          0.89463889	         -8.14629674	         25.76360610	        -17.46502687	         -1.08253904	          0.00222107	          2.69412507	          2.67455734	          0.06595873	          0.02735920	          0.10203025	          0.01000144	          0.01000148	          0.02806554	          0.01540797	          0.01621598	          0.44836819	          0.01767355	          0.05662047	          0.04258498	          0.06964995	          0.01000305	          0.02258065	          0.13489315	          0.19440959	          0.01019571	
          0.04190951	         -7.78633817	          0.06533685	          0.89458555	         -7.31511477	         24.87323078	        -20.52792949	         -1.28755493	         -2.13242710	          1.48956556	          2.99758227	          0.06558664	          0.02329483	          0.12722538	          0.01000158	          0.01000340	          0.07292586	          0.01311831	          0.01380576	          0.50780109	          0.01504820	          0.04820372	          0.03625448	          0.05929594	          0.01035792	          0.01922445	          0.11483959	          0.16550812	          0.01000152	
          0.05238689	         -7.76657838	          0.08098810	          0.89499222	         -6.17348704	         24.08142546	        -23.90422860	         -1.63386381	         -4.82378458	          0.57770949	          3.26968660	          0.07138743	          0.01983443	          0.15451535	          0.01000177	          0.01000382	          0.13666380	          0.01117356	          0.01175537	          0.57752338	          0.01281314	          0.04103850	          0.03086497	          0.05048136	          0.04832101	          0.01636677	          0.09776725	          0.14090323	          0.23940517	
          0.06286427	         -7.75758791	          0.09601907	          0.89576726	         -4.79446985	         23.35164939	        -27.46000362	         -2.04662492	         -7.46038417	          0.03143007	          3.47862021	          0.06586961	          0.01688868	          0.16888830	          0.01000117	          0.01000288	          0.16727319	          0.01000348	          0.01000923	          0.61592987	          0.01093455	          0.03493982	          0.02627663	          0.04297783	          0.10843660	          0.01393377	          0.08323305	          0.11995621	          0.20381460	
          0.07334165	         -7.75999315	          0.11042845	          0.89686211	         -3.29142367	         22.64914226	        -30.95815986	         -2.45445513	         -8.71424515	         -0.20053927	          3.62555421	          0.06389202	          0.01438213	          0.16237699	          0.01000169	          0.01000401	          0.17191947	          0.01001298	          0.01004632	          0.60601162	          0.01002133	          0.02975416	          0.02237039	          0.03659514	          0.14545569	          0.01186247	          0.07085958	          0.10212325	          0.22075906	
          0.08381903	         -7.77238538	          0.12430506	          0.89831286	         -1.71814968	         21.95374911	        -34.24223559	         -2.82375084	         -9.21830368	         -0.19107051	          3.72089098	          0.06439807	          0.01225067	          0.15444251	          0.01000202	          0.01000463	          0.16807141	          0.01001515	          0.01309998	          0.58111655	          0.02764437	          0.05329766	          0.01904486	          0.04038557	          0.19348121	          0.01009916	          0.06032606	          0.08694146	          0.25835957	
          0.09429640	         -7.79304497	          0.13773932	          0.90006992	         -0.10138083	         21.25211957	        -37.25209032	         -3.13410212	         -9.27835071	         -0.01136136	          3.77440857	          0.06460069	          0.01044329	          0.14743111	          0.01000195	          0.01000453	          0.15914450	          0.01001966	          0.01618243	          0.54276903	          0.03380639	          0.05841303	          0.01621374	          0.04378201	          0.23086788	          0.01000061	          0.05135969	          0.07401664	          0.25857464	
          0.10477378	         -7.82019898	          0.15082433	          0.90204526	          1.53470836	         20.52754357	        -39.94428354	         -3.36091008	         -9.03416825	          0.27325960	          3.79584379	          0.06603382	          0.01003766	          0.14109395	          0.01000192	          0.01000441	          0.14967410	          0.01414703	          0.01621461	          0.50195435	          0.03084816	          0.08306226	          0.01380354	          0.04345141	          0.25681001	          0.01000074	          0.04375833	          0.06301326	          0.25086951	
          0.11525116	         -7.85214901	          0.16363922	          0.90414133	          3.17472065	         19.76686207	        -42.29809391	         -3.48618621	         -8.60463543	          0.60769489	          3.79304266	          0.06722064	          0.01004220	          0.13356599	          0.01000189	          0.01000448	          0.14128094	          0.02330584	          0.01381183	          0.46428956	          0.02626632	          0.09894953	          0.01175174	          0.04306433	          0.27065009	          0.01000080	          0.03725760	          0.05364566	          0.23039135	
          0.12572854	         -7.88688324	          0.17624436	          0.90626431	          4.80938493	         18.96427173	        -44.31434130	         -3.50485820	         -8.02625515	          0.94391718	          3.77097853	          0.06701528	          0.01003372	          0.12524600	          0.01000178	          0.01000450	          0.13402982	          0.03319290	          0.01176195	          0.43403763	          0.02236327	          0.12149526	          0.01000534	          0.04219373	          0.27344596	          0.01000089	          0.03171987	          0.04567065	          0.21162890	
          0.13620592	         -7.92249488	          0.18868225	          0.90833069	          6.43626858	         18.12041278	        -46.01163930	         -3.42269509	         -7.34867005	          1.24736638	          3.73244899	          0.06599921	          0.01002695	          0.11530927	          0.01000182	          0.01000517	          0.12865426	          0.04456391	          0.01002067	          0.41107101	          0.01903977	          0.14502684	          0.01000154	          0.04318350	          0.26590504	          0.01000103	          0.02700493	          0.03888122	          0.19196324	
          0.14668329	         -7.95734688	          0.20098102	          0.91027087	          8.05669199	         17.24073764	        -47.42091118	         -3.25443005	         -6.59162449	          1.50414641	          3.67876645	          0.06362269	          0.01002313	          0.10608185	          0.01000182	          0.01000576	          0.12356957	          0.05649805	          0.01000327	          0.39612131	          0.01621011	          0.17055961	          0.01000177	          0.04464130	          0.25099341	          0.01000121	          0.02299076	          0.03310112	          0.17488010	
          0.15716067	         -7.99018261	          0.21315805	          0.91203153	          9.67457596	         16.33308689	        -48.57955719	         -3.01874433	         -5.76995770	          1.71618777	          3.61037142	          0.06013474	          0.01002009	          0.09763550	          0.01000188	          0.01000693	          0.12148452	          0.07035714	          0.01000226	          0.38250924	          0.01380107	          0.19708363	          0.01000166	          0.04699228	          0.23063436	          0.01000142	          0.01957328	          0.02818030	          0.15988385	
          0.16763805	         -8.02007428	          0.22522528	          0.91357792	         11.29446121	         15.40330212	        -49.52649709	         -2.73153262	         -4.88852696	          1.90489176	          3.52746369	          0.05582553	          0.01001622	          0.08955839	          0.01000197	          0.01001039	          0.12176554	          0.08469294	          0.01014609	          0.36995760	          0.01175033	          0.22271327	          0.01000157	          0.04944694	          0.20712791	          0.01000164	          0.01666383	          0.02399102	          0.14740058	
          0.17811543	         -8.04641485	          0.23719263	          0.91489356	         12.91984653	         14.45372245	        -50.29707629	         -2.39987585	         -3.95153838	          2.07512854	          3.43041045	          0.05126188	          0.01001609	          0.08218857	          0.01000206	          0.01001261	          0.11679681	          0.09817131	          0.01673858	          0.36465447	          0.01000593	          0.24472589	          0.01000154	          0.05128146	          0.18265388	          0.01000192	          0.01418694	          0.02042454	          0.13701338	
          0.18859281	         -8.06889711	          0.24906710	          0.91597484	         14.55250692	         13.48737602	        -50.92064241	         -2.02869701	         -2.96390179	          2.21263614	          3.31957997	          0.04632471	          0.01001585	          0.07427077	          0.01000225	          0.01001860	          0.11040655	          0.11210639	          0.02845833	          0.36132415	          0.01000269	          0.26146666	          0.01000145	          0.05368429	          0.15867433	          0.01000223	          0.01207838	          0.01738827	          0.12823007	
          0.19907018	         -8.08740404	          0.26085466	          0.91683039	         16.19194983	         12.50836116	        -51.41947159	         -1.62892441	         -1.93565455	          2.33902082	          3.19543174	          0.04123402	          0.01001514	          0.06790360	          0.01000242	          0.01003617	          0.09817729	          0.12637707	          0.04148572	          0.35828332	          0.01000215	          0.27027456	          0.01000140	          0.05583737	          0.13639834	          0.01000264	          0.01028369	          0.01480340	          0.12141535	
          0.20954756	         -8.10199201	          0.27256102	          0.91747932	         17.83432819	         11.52388954	        -51.80519043	         -1.21826288	         -0.87991729	          2.48084991	          3.05857771	          0.03658101	          0.01001542	          0.06168082	          0.01000269	          0.01015322	          0.08358685	          0.14097271	          0.05379442	          0.35480173	          0.01000174	          0.26877264	          0.01000136	          0.05753510	          0.11657008	          0.01000315	          0.01000216	          0.01260284	          0.11820838	
          0.22002494	         -8.11282849	          0.28419513	          0.91794592	         19.47134395	         10.54133105	        -52.07631568	         -0.81246182	          0.18069346	          2.64672601	          2.91013481	          0.03287209	          0.01001744	          0.05393146	          0.01000299	          0.01014974	          0.07116217	          0.15580295	          0.06567924	          0.35094804	          0.01000151	          0.24915125	          0.01000138	          0.05916681	          0.09979820	          0.01000386	          0.01000312	          0.01072958	          0.11596404	
          0.23050232	         -8.12018553	          0.29577401	          0.91825585	         21.08770509	          9.56331002	        -52.21321601	         -0.41760135	          1.22725614	          2.83342047	          2.75233832	          0.03010825	          0.01002307	          0.04593328	          0.01000368	          0.01006322	          0.06058387	          0.17072570	          0.07747446	          0.34697701	          0.01000133	          0.21213376	          0.01000137	          0.06164998	          0.08606417	          0.01000458	          0.01000261	          0.01000089	          0.11866333	
          0.24097970	         -8.12438420	          0.30732173	          0.91843294	         22.66230663	          8.58744177	        -52.18084399	         -0.03091982	          2.23733761	          3.03403336	          2.58833955	          0.02847291	          0.01003290	          0.03911522	          0.01000417	          0.01002463	          0.05157791	          0.18560514	          0.08921082	          0.34342463	          0.01000126	          0.18060329	          0.01000148	          0.06436411	          0.07574504	          0.01000586	          0.01000221	          0.01000102	          0.12290741	
          0.25145708	         -8.12579707	          0.31886376	          0.91849399	         24.17478230	          7.60791139	        -51.94688546	          0.35673101	          3.19459601	          3.23999942	          2.42149376	          0.02817843	          0.01012931	          0.03330711	          0.01000716	          0.01001983	          0.04391071	          0.20033245	          0.10107219	          0.34055948	          0.01000109	          0.15375755	          0.01000141	          0.06747574	          0.06699730	          0.01000712	          0.01000226	          0.01000105	          0.12612631	
          0.26193445	         -8.12471951	          0.33042198	          0.91844718	         25.60807996	          6.62080906	        -51.48817325	          0.74997400	          4.08949899	          3.44816329	          2.25457321	          0.02908747	          0.07979797	          0.03080399	          0.01000557	          0.01001468	          0.03738331	          0.21519403	          0.11346379	          0.33703655	          0.01000110	          0.13090183	          0.01000173	          0.06999239	          0.06106898	          0.01001525	          0.01000225	          0.01000111	          0.12888078	
          0.27241183	         -8.12154310	          0.34200662	          0.91829359	         26.94953487	          5.63626678	        -50.79006428	          1.12791133	          4.91161669	          3.66445372	          2.08893810	          0.03054729	          0.14957814	          0.02945157	          0.01000627	          0.01001381	          0.03182626	          0.22995391	          0.12594073	          0.33345386	          0.01000105	          0.11144360	          0.01000186	          0.07360240	          0.05560749	          0.01004379	          0.01000232	          0.01000121	          0.13074211	
          0.28288921	         -8.11659387	          0.35362463	          0.91803085	         28.18926137	          4.66532923	        -49.84442258	          1.46964416	          5.64827744	          3.89196203	          1.92545182	          0.03259633	          0.21724879	          0.02924056	          0.01000657	          0.01001182	          0.02709530	          0.24451551	          0.13875174	          0.32929069	          0.01000104	          0.09487808	          0.01000210	          0.07842583	          0.05064930	          0.01012320	          0.01000246	          0.01000136	          0.13152148	
          0.29336659	         -8.11022957	          0.36528246	          0.91765510	         29.31993014	          3.71640754	        -48.64898814	          1.75906367	          6.28516104	          4.13539111	          1.76494765	          0.03521637	          0.28298513	          0.02947349	          0.01000710	          0.01001004	          0.02306764	          0.25877094	          0.15199265	          0.32417128	          0.01000105	          0.08077553	          0.01000236	          0.08471482	          0.04414870	          0.01003527	          0.01000276	          0.01000160	          0.13103229	
          0.30384397	         -8.10283903	          0.37698577	          0.91716206	         30.33693533	          2.79595625	        -47.20737940	          1.98383628	          6.80875582	          4.39916529	          1.60819807	          0.03883070	          0.34606506	          0.02945982	          0.01000769	          0.01000814	          0.01963872	          0.27264762	          0.16583636	          0.31749099	          0.01000110	          0.06877032	          0.01000267	          0.09170284	          0.03760727	          0.01001164	          0.01000334	          0.01000204	          0.12944426	
          0.31432134	         -8.09483675	          0.38873990	          0.91654826	         31.23779999	          1.90889233	        -45.52685676	          2.13472061	          7.20950265	          4.68636976	          1.45595796	          0.04354029	          0.40540361	          0.02863962	          0.01000862	          0.01000650	          0.01671954	          0.28607760	          0.18045328	          0.30858220	          0.01000122	          0.05855207	          0.01000298	          0.09830068	          0.03202418	          0.01000570	          0.01000449	          0.01000285	          0.12720798	
          0.32479872	         -8.08664784	          0.40055038	          0.91581176	         32.02142227	          1.05863963	        -43.61610466	          2.20552101	          7.48535296	          4.99787042	          1.30902273	          0.04901112	          0.45971713	          0.02626638	          0.01001064	          0.01000527	          0.01423437	          0.29899302	          0.19599062	          0.29635595	          0.01000138	          0.04986168	          0.01000319	          0.10336989	          0.02726793	          0.01000347	          0.01000703	          0.01000440	          0.12495242	
          0.33527610	         -8.07868765	          0.41242376	          0.91495268	         32.68740924	          0.24697239	        -41.48430509	          2.19338594	          7.64392840	          5.33153180	          1.16829901	          0.05408926	          0.50762495	          0.02242502	          0.01000775	          0.01000395	          0.01211874	          0.31132416	          0.21252148	          0.28018785	          0.01000209	          0.04256661	          0.01000475	          0.10617107	          0.02321765	          0.01000257	          0.01001154	          0.01000692	          0.12325259	
          0.34575348	         -8.07138677	          0.42436778	          0.91397256	         33.23794264	         -0.52690108	        -39.14766467	          2.10076753	          7.70172473	          5.68047222	          1.03488086	          0.05799164	          0.54830315	          0.01909522	          0.01001032	          0.01000343	          0.01031791	          0.32293948	          0.23005695	          0.25489040	          0.01000239	          0.06014108	          0.01000526	          0.10645312	          0.01976953	          0.01000227	          0.01001635	          0.01001035	          0.12180361	
          0.35623086	         -8.06491386	          0.43639060	          0.91287341	         33.68491277	         -1.26920686	        -36.65108045	          1.94099472	          7.67877250	          6.02794099	          0.90962995	          0.06191450	          0.58005436	          0.01625912	          0.01488696	          0.01000305	          0.01000179	          0.33359689	          0.24829940	          0.21700134	          0.01000235	          0.07910090	          0.01000496	          0.10186627	          0.01683411	          0.01000213	          0.01005481	          0.01002946	          0.12107202	
          0.36670823	         -8.05930676	          0.44850505	          0.91166464	         34.03940868	         -1.99153869	        -34.04045337	          1.73692322	          7.59629305	          6.35345554	          0.79386240	          0.06447316	          0.60086409	          0.01384696	          0.03005044	          0.01000264	          0.01000193	          0.34319503	          0.26676640	          0.18474214	          0.01000326	          0.06754321	          0.01000765	          0.08768574	          0.01433480	          0.01000186	          0.01117401	          0.01002053	          0.12302646	
          0.37718561	         -8.05470668	          0.46072987	          0.91036452	         34.29721503	         -2.70289574	        -31.32320589	          1.50349892	          7.47285386	          6.65248231	          0.68977349	          0.06649036	          0.60827105	          0.01180500	          0.04778148	          0.01000232	          0.01000169	          0.35176845	          0.28526778	          0.15727824	          0.01075800	          0.05751563	          0.01002181	          0.07465369	          0.01220747	          0.01000172	          0.01212440	          0.01001553	          0.12468837	
          0.38766299	         -8.05113880	          0.47308306	          0.90899049	         34.45309818	         -3.40684509	        -28.50792689	          1.24485056	          7.32605233	          6.92414459	          0.59937963	          0.06671482	          0.59992589	          0.01007551	          0.09051564	          0.01000239	          0.01000166	          0.35937851	          0.30359754	          0.13389705	          0.02233121	          0.04897039	          0.01002329	          0.06355753	          0.01040088	          0.01000183	          0.01209788	          0.01003042	          0.12449615	
          0.39814037	         -8.04831914	          0.48557471	          0.90756026	         34.51123503	         -4.09328985	        -25.63950210	          0.93958694	          7.17143189	          7.17428809	          0.52337243	          0.06407159	          0.57460235	          0.01005670	          0.13281640	          0.01000250	          0.01000170	          0.36577120	          0.32136287	          0.11399170	          0.03272247	          0.04169390	          0.01537270	          0.05411065	          0.01002535	          0.01000199	          0.01118816	          0.01007664	          0.12438848	
          0.40861775	         -8.04595174	          0.49821903	          0.90610040	         34.47447256	         -4.75135305	        -22.76451674	          0.56562366	          7.02130875	          7.40018518	          0.46299374	          0.06020758	          0.53053571	          0.01003009	          0.17227504	          0.01000263	          0.01000169	          0.37058922	          0.33855762	          0.09704549	          0.04157651	          0.03549862	          0.02481247	          0.04606795	          0.01003570	          0.01000210	          0.01035227	          0.01011647	          0.12598743	
          0.41909513	         -8.04369958	          0.51104004	          0.90464869	         34.34142480	         -5.37569753	        -19.92100347	          0.11136338	          6.88612775	          7.58756288	          0.42072251	          0.05419395	          0.45879464	          0.01002174	          0.20718841	          0.01000278	          0.01000169	          0.37339907	          0.35464665	          0.08261853	          0.05202144	          0.03022403	          0.03120636	          0.03922078	          0.01003918	          0.01000232	          0.01004305	          0.01006500	          0.12856219	
          0.42957250	         -8.04116737	          0.52406804	          0.90324701	         34.11316608	         -5.96696280	        -17.15361141	         -0.42329181	          6.77347776	          7.71508411	          0.39982530	          0.04614479	          0.39059460	          0.01001276	          0.23774379	          0.01000316	          0.01000177	          0.37380916	          0.36886371	          0.07033631	          0.06716977	          0.02573345	          0.03076452	          0.03339150	          0.01009570	          0.01000290	          0.01002151	          0.01009176	          0.13098202	
          0.44004988	         -8.03786319	          0.53733109	          0.90193344	         33.79737796	         -6.52430665	        -14.52033032	         -1.04145296	          6.68546296	          7.76486782	          0.40324541	          0.03928684	          0.33253007	          0.01045038	          0.25427437	          0.01000342	          0.01000203	          0.37144621	          0.38032065	          0.05987998	          0.07921307	          0.02191079	          0.02624724	          0.02842890	          0.01006514	          0.01000407	          0.01001438	          0.01008378	          0.13333908	
          0.45052726	         -8.03336151	          0.55085631	          0.90073979	         33.40212919	         -7.04520228	        -12.07012005	         -1.74904913	          6.61816878	          7.72088191	          0.43399970	          0.03344748	          0.28309668	          0.01004822	          0.25787697	          0.01000414	          0.01000225	          0.36599810	          0.38848213	          0.05097812	          0.08615330	          0.01865776	          0.02234855	          0.02420483	          0.01016232	          0.01000492	          0.01001569	          0.01005128	          0.13608766	
          0.46100464	         -8.02711836	          0.56467275	          0.89968956	         32.93012430	         -7.52712514	         -9.82781392	         -2.55202361	          6.56115064	          7.56797102	          0.49535834	          0.02847588	          0.24101180	          0.01007117	          0.25283299	          0.01000478	          0.01000252	          0.35719828	          0.39265758	          0.04339962	          0.08986399	          0.01589179	          0.01902803	          0.02061115	          0.01009967	          0.01000527	          0.01001820	          0.01002632	          0.13909579	
          0.47148202	         -8.01857747	          0.57880828	          0.89879432	         32.38083891	         -7.96470314	         -7.80246372	         -3.46148309	          6.49934015	          7.29534915	          0.59059052	          0.02424320	          0.20518315	          0.01002514	          0.25231764	          0.01001031	          0.01000443	          0.34489755	          0.39242441	          0.03694776	          0.09906074	          0.01354732	          0.01620068	          0.01767387	          0.01448324	          0.01000769	          0.01003608	          0.01005933	          0.14150549	
          0.48195939	         -8.00707139	          0.59328349	          0.89805227	         31.75502584	         -8.34452193	         -6.00328498	         -4.50316903	          6.41242321	          6.89975619	          0.72205974	          0.02063970	          0.17468076	          0.01003374	          0.21487688	          0.01000985	          0.01000412	          0.32897086	          0.38734402	          0.03145505	          0.09278200	          0.01159113	          0.01379375	          0.02273145	          0.01635924	          0.01000721	          0.01008431	          0.01069759	          0.14607520	
          0.49243677	         -7.99206024	          0.60811793	          0.89744423	         31.05752934	         -8.66080461	         -4.43871683	         -5.68736332	          6.27712571	          6.37324408	          0.89231577	          0.01757190	          0.14871285	          0.01000777	          0.18293658	          0.01002114	          0.01000413	          0.30908925	          0.37741367	          0.02677890	          0.09043670	          0.01809810	          0.01174467	          0.02233638	          0.02618494	          0.01000766	          0.01271962	          0.01180159	          0.15420315	
          0.50291415	         -7.97290168	          0.62332488	          0.89693677	         30.29433791	         -8.90638230	         -3.11701137	         -7.02661134	          6.06480332	          5.71057472	          1.10311283	          0.01496029	          0.12660533	          0.01000248	          0.15574179	          0.01907270	          0.01000304	          0.28667111	          0.36247212	          0.02279792	          0.08917400	          0.01557007	          0.01000261	          0.01901864	          0.02230574	          0.01000581	          0.01214160	          0.01634226	          0.16412407	
          0.51339153	         -7.94890596	          0.63890484	          0.89648699	         29.47166810	         -9.06420702	         -2.05592591	         -8.55070103	          5.74062290	          4.91089575	          1.35455047	          0.01273774	          0.10778431	          0.01002084	          0.13258928	          0.01624357	          0.01001036	          0.25679207	          0.34243512	          0.01940877	          0.08555797	          0.01327009	          0.01087352	          0.01619197	          0.01899284	          0.01001738	          0.01132082	          0.02186030	          0.18040806	
          0.52386891	         -7.92019337	          0.65483613	          0.89604408	         28.59968341	         -9.10152533	         -1.29586720	        -10.31503422	          5.26962893	          3.97718215	          1.64480084	          0.01084708	          0.09176125	          0.01302567	          0.11287860	          0.01383440	          0.01107381	          0.21861731	          0.31507312	          0.01652346	          0.07284413	          0.01131436	          0.02450579	          0.01378549	          0.01617228	          0.01999792	          0.01175294	          0.02627726	          0.20116480	
          0.53434629	         -7.88697801	          0.67108493	          0.89556015	         27.67744842	         -8.98597403	         -0.88107490	        -12.36810611	          4.62503206	          2.89393745	          1.97057497	          0.01000656	          0.07812022	          0.01109813	          0.09609804	          0.01178166	          0.01833444	          0.18611718	          0.26823426	          0.01406710	          0.06578111	          0.01001989	          0.05277342	          0.01173695	          0.01377056	          0.03872090	          0.01000661	          0.02237273	          0.25220033	
          0.54482366	         -7.85041562	          0.68755886	          0.89504169	         26.72268691	         -8.68552054	         -0.92566407	        -14.74226029	          3.73671008	          1.61166316	          2.32208305	          0.02074292	          0.06650711	          0.05001950	          0.08181209	          0.01003774	          0.01563849	          0.15844853	          0.22835789	          0.01197593	          0.07001132	          0.01001798	          0.04507420	          0.01000366	          0.01172628	          0.03296575	          0.01809826	          0.01904752	          0.30494319	
          0.55530104	         -7.81504090	          0.70401918	          0.89463889	         25.76360610	         -8.14629674	         -1.08253904	        -17.46502687	          2.69412507	          0.00222107	          2.67455734	          0.01767355	          0.05662047	          0.04258498	          0.06964995	          0.01000305	          0.02258065	          0.13489315	          0.19440959	          0.01019571	          0.06595873	          0.02735920	          0.10203025	          0.01000144	          0.01000148	          0.02806554	          0.01540797	          0.01621598	          0.44836819	
          0.56577842	         -7.78633817	          0.72017299	          0.89458555	         24.87323078	         -7.31511477	         -1.28755493	        -20.52792949	          1.48956556	         -2.13242710	          2.99758227	          0.01504820	          0.04820372	          0.03625448	          0.05929594	          0.01035792	          0.01922445	          0.11483959	          0.16550812	          0.01000152	          0.06558664	          0.02329483	          0.12722538	          0.01000158	          0.01000340	          0.07292586	          0.01311831	          0.01380576	          0.50780109	
          0.57625580	         -7.76657838	          0.73582423	          0.89499222	         24.08142546	         -6.17348704	         -1.63386381	        -23.90422860	          0.57770949	         -4.82378458	          3.26968660	          0.01281314	          0.04103850	          0.03086497	          0.05048136	          0.04832101	          0.01636677	          0.09776725	          0.14090323	          0.23940517	          0.07138743	          0.01983443	          0.15451535	          0.01000177	          0.01000382	          0.13666380	          0.01117356	          0.01175537	          0.57752338	
          0.58673318	         -7.75758791	          0.75085521	          0.89576726	         23.35164939	         -4.79446985	         -2.04662492	        -27.46000362	          0.03143007	         -7.46038417	          3.47862021	          0.01093455	          0.03493982	          0.02627663	          0.04297783	          0.10843660	          0.01393377	          0.08323305	          0.11995621	          0.20381460	          0.06586961	          0.01688868	          0.16888830	          0.01000117	          0.01000288	          0.16727319	          0.01000348	          0.01000923	          0.61592987	
          0.59721055	         -7.75999315	          0.76526459	          0.89686211	         22.64914226	         -3.29142367	         -2.45445513	        -30.95815986	         -0.20053927	         -8.71424515	          3.62555421	          0.01002133	          0.02975416	          0.02237039	          0.03659514	          0.14545569	          0.01186247	          0.07085958	          0.10212325	          0.22075906	          0.06389202	          0.01438213	          0.16237699	          0.01000169	          0.01000401	          0.17191947	          0.01001298	          0.01004632	          0.60601162	
          0.60768793	         -7.77238538	          0.77914120	          0.89831286	         21.95374911	         -1.71814968	         -2.82375084	        -34.24223559	         -0.19107051	         -9.21830368	          3.72089098	          0.02764437	          0.05329766	          0.01904486	          0.04038557	          0.19348121	          0.01009916	          0.06032606	          0.08694146	          0.25835957	          0.06439807	          0.01225067	          0.15444251	          0.01000202	          0.01000463	          0.16807141	          0.01001515	          0.01309998	          0.58111655	
          0.61816531	         -7.79304497	          0.79257546	          0.90006992	         21.25211957	         -0.10138083	         -3.13410212	        -37.25209032	         -0.01136136	         -9.27835071	          3.77440857	          0.03380639	          0.05841303	          0.01621374	          0.04378201	          0.23086788	          0.01000061	          0.05135969	          0.07401664	          0.25857464	          0.06460069	          0.01044329	          0.14743111	          0.01000195	          0.01000453	          0.15914450	          0.01001966	          0.01618243	          0.54276903	
          0.62864269	         -7.82019898	          0.80566047	          0.90204526	         20.52754357	          1.53470836	         -3.36091008	        -39.94428354	          0.27325960	         -9.03416825	          3.79584379	          0.03084816	          0.08306226	          0.01380354	          0.04345141	          0.25681001	          0.01000074	          0.04375833	          0.06301326	          0.25086951	          0.06603382	          0.01003766	          0.14109395	          0.01000192	          0.01000441	          0.14967410	          0.01414703	          0.01621461	          0.50195435	
          0.63912007	         -7.85214901	          0.81847536	          0.90414133	         19.76686207	          3.17472065	         -3.48618621	        -42.29809391	          0.60769489	         -8.60463543	          3.79304266	          0.02626632	          0.09894953	          0.01175174	          0.04306433	          0.27065009	          0.01000080	          0.03725760	          0.05364566	          0.23039135	          0.06722064	          0.01004220	          0.13356599	          0.01000189	          0.01000448	          0.14128094	          0.02330584	          0.01381183	          0.46428956	
          0.64959744	         -7.88688324	          0.83108049	          0.90626431	         18.96427173	          4.80938493	         -3.50485820	        -44.31434130	          0.94391718	         -8.02625515	          3.77097853	          0.02236327	          0.12149526	          0.01000534	          0.04219373	          0.27344596	          0.01000089	          0.03171987	          0.04567065	          0.21162890	          0.06701528	          0.01003372	          0.12524600	          0.01000178	          0.01000450	          0.13402982	          0.03319290	          0.01176195	          0.43403763	
          0.66007482	         -7.92249488	          0.84351838	          0.90833069	         18.12041278	          6.43626858	         -3.42269509	        -46.01163930	          1.24736638	         -7.34867005	          3.73244899	          0.01903977	          0.14502684	          0.01000154	          0.04318350	          0.26590504	          0.01000103	          0.02700493	          0.03888122	          0.19196324	          0.06599921	          0.01002695	          0.11530927	          0.01000182	          0.01000517	          0.12865426	          0.04456391	          0.01002067	          0.41107101	
          0.67055220	         -7.95734688	          0.85581716	          0.91027087	         17.24073764	          8.05669199	         -3.25443005	        -47.42091118	          1.50414641	         -6.59162449	          3.67876645	          0.01621011	          0.17055961	          0.01000177	          0.04464130	          0.25099341	          0.01000121	          0.02299076	          0.03310112	          0.17488010	          0.06362269	          0.01002313	          0.10608185	          0.01000182	          0.01000576	          0.12356957	          0.05649805	          0.01000327	          0.39612131	
          0.68102958	         -7.99018261	          0.86799418	          0.91203153	         16.33308689	          9.67457596	         -3.01874433	        -48.57955719	          1.71618777	         -5.76995770	          3.61037142	          0.01380107	          0.19708363	          0.01000166	          0.04699228	          0.23063436	          0.01000142	          0.01957328	          0.02818030	          0.15988385	          0.06013474	          0.01002009	          0.09763550	          0.01000188	          0.01000693	          0.12148452	          0.07035714	          0.01000226	          0.38250924	
          0.69150696	         -8.02007428	          0.88006142	          0.91357792	         15.40330212	         11.29446121	         -2.73153262	        -49.52649709	          1.90489176	         -4.88852696	          3.52746369	          0.01175033	          0.22271327	          0.01000157	          0.04944694	          0.20712791	          0.01000164	          0.01666383	          0.02399102	          0.14740058	          0.05582553	          0.01001622	          0.08955839	          0.01000197	          0.01001039	          0.12176554	          0.08469294	          0.01014609	          0.36995760	
          0.70198434	         -8.04641485	          0.89202876	          0.91489356	         14.45372245	         12.91984653	         -2.39987585	        -50.29707629	          2.07512854	         -3.95153838	          3.43041045	          0.01000593	          0.24472589	          0.01000154	          0.05128146	          0.18265388	          0.01000192	          0.01418694	          0.02042454	          0.13701338	          0.05126188	          0.01001609	          0.08218857	          0.01000206	          0.01001261	          0.11679681	          0.09817131	          0.01673858	          0.36465447	
          0.71246171	         -8.06889711	          0.90390323	          0.91597484	         13.48737602	         14.55250692	         -2.02869701	        -50.92064241	          2.21263614	         -2.96390179	          3.31957997	          0.01000269	          0.26146666	          0.01000145	          0.05368429	          0.15867433	          0.01000223	          0.01207838	          0.01738827	          0.12823007	          0.04632471	          0.01001585	          0.07427077	          0.01000225	          0.01001860	          0.11040655	          0.11210639	          0.02845833	          0.36132415	
          0.72293909	         -8.08740404	          0.91569079	          0.91683039	         12.50836116	         16.19194983	         -1.62892441	        -51.41947159	          2.33902082	         -1.93565455	          3.19543174	          0.01000215	          0.27027456	          0.01000140	          0.05583737	          0.13639834	          0.01000264	          0.01028369	          0.01480340	          0.12141535	          0.04123402	          0.01001514	          0.06790360	          0.01000242	          0.01003617	          0.09817729	          0.12637707	          0.04148572	          0.35828332	
          0.73341647	         -8.10199201	          0.92739715	          0.91747932	         11.52388954	         17.83432819	         -1.21826288	        -51.80519043	          2.48084991	         -0.87991729	          3.05857771	          0.01000174	          0.26877264	          0.01000136	          0.05753510	          0.11657008	          0.01000315	          0.01000216	          0.01260284	          0.11820838	          0.03658101	          0.01001542	          0.06168082	          0.01000269	          0.01015322	          0.08358685	          0.14097271	          0.05379442	          0.35480173	
          0.74389385	         -8.11282849	          0.93903126	          0.91794592	         10.54133105	         19.47134395	         -0.81246182	        -52.07631568	          2.64672601	          0.18069346	          2.91013481	          0.01000151	          0.24915125	          0.01000138	          0.05916681	          0.09979820	          0.01000386	          0.01000312	          0.01072958	          0.11596404	          0.03287209	          0.01001744	          0.05393146	          0.01000299	          0.01014974	          0.07116217	          0.15580295	          0.06567924	          0.35094804	
          0.75437123	         -8.12018553	          0.95061014	          0.91825585	          9.56331002	         21.08770509	         -0.41760135	        -52.21321601	          2.83342047	          1.22725614	          2.75233832	          0.01000133	          0.21213376	          0.01000137	          0.06164998	          0.08606417	          0.01000458	          0.01000261	          0.01000089	          0.11866333	          0.03010825	          0.01002307	          0.04593328	          0.01000368	          0.01006322	          0.06058387	          0.17072570	          0.07747446	          0.34697701	
          0.76484860	         -8.12438420	          0.96215786	          0.91843294	          8.58744177	         22.66230663	         -0.03091982	        -52.18084399	          3.03403336	          2.23733761	          2.58833955	          0.01000126	          0.18060329	          0.01000148	          0.06436411	          0.07574504	          0.01000586	          0.01000221	          0.01000102	          0.12290741	          0.02847291	          0.01003290	          0.03911522	          0.01000417	          0.01002463	          0.05157791	          0.18560514	          0.08921082	          0.34342463	
          0.77532598	         -8.12579707	          0.97369989	          0.91849399	          7.60791139	         24.17478230	          0.35673101	        -51.94688546	          3.23999942	          3.19459601	          2.42149376	          0.01000109	          0.15375755	          0.01000141	          0.06747574	          0.06699730	          0.01000712	          0.01000226	          0.01000105	          0.12612631	          0.02817843	          0.01012931	          0.03330711	          0.01000716	          0.01001983	          0.04391071	          0.20033245	          0.10107219	          0.34055948	
          0.78580336	         -8.12471951	          0.98525812	          0.91844718	          6.62080906	         25.60807996	          0.74997400	        -51.48817325	          3.44816329	          4.08949899	          2.25457321	          0.01000110	          0.13090183	          0.01000173	          0.06999239	          0.06106898	          0.01001525	          0.01000225	          0.01000111	          0.12888078	          0.02908747	          0.07979797	          0.03080399	          0.01000557	          0.01001468	          0.03738331	          0.21519403	          0.11346379	          0.33703655	
          0.79628074	         -8.12154310	          0.99684275	          0.91829359	          5.63626678	         26.94953487	          1.12791133	        -50.79006428	          3.66445372	          4.91161669	          2.08893810	          0.01000105	          0.11144360	          0.01000186	          0.07360240	          0.05560749	          0.01004379	          0.01000232	          0.01000121	          0.13074211	          0.03054729	          0.14957814	          0.02945157	          0.01000627	          0.01001381	          0.03182626	          0.22995391	          0.12594073	          0.33345386	
          0.80675812	         -8.11659387	          1.00846077	          0.91803085	          4.66532923	         28.18926137	          1.46964416	        -49.84442258	          3.89196203	          5.64827744	          1.92545182	          0.01000104	          0.09487808	          0.01000210	          0.07842583	          0.05064930	          0.01012320	          0.01000246	          0.01000136	          0.13152148	          0.03259633	          0.21724879	          0.02924056	          0.01000657	          0.01001182	          0.02709530	          0.24451551	          0.13875174	          0.32929069	
          0.81723549	         -8.11022957	          1.02011859	          0.91765510	          3.71640754	         29.31993014	          1.75906367	        -48.64898814	          4.13539111	          6.28516104	          1.76494765	          0.01000105	          0.08077553	          0.01000236	          0.08471482	          0.04414870	          0.01003527	          0.01000276	          0.01000160	          0.13103229	          0.03521637	          0.28298513	          0.02947349	          0.01000710	          0.01001004	          0.02306764	          0.25877094	          0.15199265	          0.32417128	
          0.82771287	         -8.10283903	          1.03182191	          0.91716206	          2.79595625	         30.33693533	          1.98383628	        -47.20737940	          4.39916529	          6.80875582	          1.60819807	          0.01000110	          0.06877032	          0.01000267	          0.09170284	          0.03760727	          0.01001164	          0.01000334	          0.01000204	          0.12944426	          0.03883070	          0.34606506	          0.02945982	          0.01000769	          0.01000814	          0.01963872	          0.27264762	          0.16583636	          0.31749099	
          0.83819025	         -8.09483675	          1.04357603	          0.91654826	          1.90889233	         31.23779999	          2.13472061	        -45.52685676	          4.68636976	          7.20950265	          1.45595796	          0.01000122	          0.05855207	          0.01000298	          0.09830068	          0.03202418	          0.01000570	          0.01000449	          0.01000285	          0.12720798	          0.04354029	          0.40540361	          0.02863962	          0.01000862	          0.01000650	          0.01671954	          0.28607760	          0.18045328	          0.30858220	
          0.84866763	         -8.08664784	          1.05538651	          0.91581176	          1.05863963	         32.02142227	          2.20552101	        -43.61610466	          4.99787042	          7.48535296	          1.30902273	          0.01000138	          0.04986168	          0.01000319	          0.10336989	          0.02726793	          0.01000347	          0.01000703	          0.01000440	          0.12495242	          0.04901112	          0.45971713	          0.02626638	          0.01001064	          0.01000527	          0.01423437	          0.29899302	          0.19599062	          0.29635595	
          0.85914501	         -8.07868765	          1.06725989	          0.91495268	          0.24697239	         32.68740924	          2.19338594	        -41.48430509	          5.33153180	          7.64392840	          1.16829901	          0.01000209	          0.04256661	          0.01000475	          0.10617107	          0.02321765	          0.01000257	          0.01001154	          0.01000692	          0.12325259	          0.05408926	          0.50762495	          0.02242502	          0.01000775	          0.01000395	          0.01211874	          0.31132416	          0.21252148	          0.28018785	
          0.86962239	         -8.07138677	          1.07920392	          0.91397256	         -0.52690108	         33.23794264	          2.10076753	        -39.14766467	          5.68047222	          7.70172473	          1.03488086	          0.01000239	          0.06014108	          0.01000526	          0.10645312	          0.01976953	          0.01000227	          0.01001635	          0.01001035	          0.12180361	          0.05799164	          0.54830315	          0.01909522	          0.01001032	          0.01000343	          0.01031791	          0.32293948	          0.23005695	          0.25489040	
          0.88009976	         -8.06491386	          1.09122674	          0.91287341	         -1.26920686	         33.68491277	          1.94099472	        -36.65108045	          6.02794099	          7.67877250	          0.90962995	          0.01000235	          0.07910090	          0.01000496	          0.10186627	          0.01683411	          0.01000213	          0.01005481	          0.01002946	          0.12107202	          0.06191450	          0.58005436	          0.01625912	          0.01488696	          0.01000305	          0.01000179	          0.33359689	          0.24829940	          0.21700134	
          0.89057714	         -8.05930676	          1.10334118	          0.91166464	         -1.99153869	         34.03940868	          1.73692322	        -34.04045337	          6.35345554	          7.59629305	          0.79386240	          0.01000326	          0.06754321	          0.01000765	          0.08768574	          0.01433480	          0.01000186	          0.01117401	          0.01002053	          0.12302646	          0.06447316	          0.60086409	          0.01384696	          0.03005044	          0.01000264	          0.01000193	          0.34319503	          0.26676640	          0.18474214	
          0.90105452	         -8.05470668	          1.11556600	          0.91036452	         -2.70289574	         34.29721503	          1.50349892	        -31.32320589	          6.65248231	          7.47285386	          0.68977349	          0.01075800	          0.05751563	          0.01002181	          0.07465369	          0.01220747	          0.01000172	          0.01212440	          0.01001553	          0.12468837	          0.06649036	          0.60827105	          0.01180500	          0.04778148	          0.01000232	          0.01000169	          0.35176845	          0.28526778	          0.15727824	
          0.91153190	         -8.05113880	          1.12791920	          0.90899049	         -3.40684509	         34.45309818	          1.24485056	        -28.50792689	          6.92414459	          7.32605233	          0.59937963	          0.02233121	          0.04897039	          0.01002329	          0.06355753	          0.01040088	          0.01000183	          0.01209788	          0.01003042	          0.12449615	          0.06671482	          0.59992589	          0.01007551	          0.09051564	          0.01000239	          0.01000166	          0.35937851	          0.30359754	          0.13389705	
          0.92200928	         -8.04831914	          1.14041085	          0.90756026	         -4.09328985	         34.51123503	          0.93958694	        -25.63950210	          7.17428809	          7.17143189	          0.52337243	          0.03272247	          0.04169390	          0.01537270	          0.05411065	          0.01002535	          0.01000199	          0.01118816	          0.01007664	          0.12438848	          0.06407159	          0.57460235	          0.01005670	          0.13281640	          0.01000250	          0.01000170	          0.36577120	          0.32136287	          0.11399170	
          0.93248665	         -8.04595174	          1.15305516	          0.90610040	         -4.75135305	         34.47447256	          0.56562366	        -22.76451674	          7.40018518	          7.02130875	          0.46299374	          0.04157651	          0.03549862	          0.02481247	          0.04606795	          0.01003570	          0.01000210	          0.01035227	          0.01011647	          0.12598743	          0.06020758	          0.53053571	          0.01003009	          0.17227504	          0.01000263	          0.01000169	          0.37058922	          0.33855762	          0.09704549	
          0.94296403	         -8.04369958	          1.16587617	          0.90464869	         -5.37569753	         34.34142480	          0.11136338	        -19.92100347	          7.58756288	          6.88612775	          0.42072251	          0.05202144	          0.03022403	          0.03120636	          0.03922078	          0.01003918	          0.01000232	          0.01004305	          0.01006500	          0.12856219	          0.05419395	          0.45879464	          0.01002174	          0.20718841	          0.01000278	          0.01000169	          0.37339907	          0.35464665	          0.08261853	
          0.95344141	         -8.04116737	          1.17890418	          0.90324701	         -5.96696280	         34.11316608	         -0.42329181	        -17.15361141	          7.71508411	          6.77347776	          0.39982530	          0.06716977	          0.02573345	          0.03076452	          0.03339150	          0.01009570	          0.01000290	          0.01002151	          0.01009176	          0.13098202	          0.04614479	          0.39059460	          0.01001276	          0.23774379	          0.01000316	          0.01000177	          0.37380916	          0.36886371	          0.07033631	
          0.96391879	         -8.03786319	          1.19216722	          0.90193344	         -6.52430665	         33.79737796	         -1.04145296	        -14.52033032	          7.76486782	          6.68546296	          0.40324541	          0.07921307	          0.02191079	          0.02624724	          0.02842890	          0.01006514	          0.01000407	          0.01001438	          0.01008378	          0.13333908	          0.03928684	          0.33253007	          0.01045038	          0.25427437	          0.01000342	          0.01000203	          0.37144621	          0.38032065	          0.05987998	
          0.97439617	         -8.03336151	          1.20569244	          0.90073979	         -7.04520228	         33.40212919	         -1.74904913	        -12.07012005	          7.72088191	          6.61816878	          0.43399970	          0.08615330	          0.01865776	          0.02234855	          0.02420483	          0.01016232	          0.01000492	          0.01001569	          0.01005128	          0.13608766	          0.03344748	          0.28309668	          0.01004822	          0.25787697	          0.01000414	          0.01000225	          0.36599810	          0.38848213	          0.05097812	
          0.98487355	         -8.02711836	          1.21950889	          0.89968956	         -7.52712514	         32.93012430	         -2.55202361	         -9.82781392	          7.56797102	          6.56115064	          0.49535834	          0.08986399	          0.01589179	          0.01902803	          0.02061115	          0.01009967	          0.01000527	          0.01001820	          0.01002632	          0.13909579	          0.02847588	          0.24101180	          0.01007117	          0.25283299	          0.01000478	          0.01000252	          0.35719828	          0.39265758	          0.04339962	
          0.99535092	         -8.01857747	          1.23364441	          0.89879432	         -7.96470314	         32.38083891	         -3.46148309	         -7.80246372	          7.29534915	          6.49934015	          0.59059052	          0.09906074	          0.01354732	          0.01620068	          0.01767387	          0.01448324	          0.01000769	          0.01003608	          0.01005933	          0.14150549	          0.02424320	          0.20518315	          0.01002514	          0.25231764	          0.01001031	          0.01000443	          0.34489755	          0.39242441	          0.03694776	
          1.00582830	         -8.00707139	          1.24811963	          0.89805227	         -8.34452193	         31.75502584	         -4.50316903	         -6.00328498	          6.89975619	          6.41242321	          0.72205974	          0.09278200	          0.01159113	          0.01379375	          0.02273145	          0.01635924	          0.01000721	          0.01008431	          0.01069759	          0.14607520	          0.02063970	          0.17468076	          0.01003374	          0.21487688	          0.01000985	          0.01000412	          0.32897086	          0.38734402	          0.03145505	
          1.01630568	         -7.99206024	          1.26295407	          0.89744423	         -8.66080461	         31.05752934	         -5.68736332	         -4.43871683	          6.37324408	          6.27712571	          0.89231577	          0.09043670	          0.01809810	          0.01174467	          0.02233638	          0.02618494	          0.01000766	          0.01271962	          0.01180159	          0.15420315	          0.01757190	          0.14871285	          0.01000777	          0.18293658	          0.01002114	          0.01000413	          0.30908925	          0.37741367	          0.02677890	
          1.02678306	         -7.97290168	          1.27816101	          0.89693677	         -8.90638230	         30.29433791	         -7.02661134	         -3.11701137	          5.71057472	          6.06480332	          1.10311283	          0.08917400	          0.01557007	          0.01000261	          0.01901864	          0.02230574	          0.01000581	          0.01214160	          0.01634226	          0.16412407	          0.01496029	          0.12660533	          0.01000248	          0.15574179	          0.01907270	          0.01000304	          0.28667111	          0.36247212	          0.02279792	
          1.03726044	         -7.94890596	          1.29374097	          0.89648699	         -9.06420702	         29.47166810	         -8.55070103	         -2.05592591	          4.91089575	          5.74062290	          1.35455047	          0.08555797	          0.01327009	          0.01087352	          0.01619197	          0.01899284	          0.01001738	          0.01132082	          0.02186030	          0.18040806	          0.01273774	          0.10778431	          0.01002084	          0.13258928	          0.01624357	          0.01001036	          0.25679207	          0.34243512	          0.01940877	
          1.04773781	         -7.92019337	          1.30967227	          0.89604408	         -9.10152533	         28.59968341	        -10.31503422	         -1.29586720	          3.97718215	          5.26962893	          1.64480084	          0.07284413	          0.01131436	          0.02450579	          0.01378549	          0.01617228	          0.01999792	          0.01175294	          0.02627726	          0.20116480	          0.01084708	          0.09176125	          0.01302567	          0.11287860	          0.01383440	          0.01107381	          0.21861731	          0.31507312	          0.01652346	
          1.05821519	         -7.88697801	          1.32592106	          0.89556015	         -8.98597403	         27.67744842	        -12.36810611	         -0.88107490	          2.89393745	          4.62503206	          1.97057497	          0.06578111	          0.01001989	          0.05277342	          0.01173695	          0.01377056	          0.03872090	          0.01000661	          0.02237273	          0.25220033	          0.01000656	          0.07812022	          0.01109813	          0.09609804	          0.01178166	          0.01833444	          0.18611718	          0.26823426	          0.01406710	
          1.06869257	         -7.85041562	          1.34239499	          0.89504169	         -8.68552054	         26.72268691	        -14.74226029	         -0.92566407	          1.61166316	          3.73671008	          2.32208305	          0.07001132	          0.01001798	          0.04507420	          0.01000366	          0.01172628	          0.03296575	          0.01809826	          0.01904752	          0.30494319	          0.02074292	          0.06650711	          0.05001950	          0.08181209	          0.01003774	          0.01563849	          0.15844853	          0.22835789	          0.01197593	
          1.07916995	         -7.81504090	          1.35885532	          0.89463889	         -8.14629674	         25.76360610	        -17.46502687	         -1.08253904	          0.00222107	          2.69412507	          2.67455734	          0.06595873	          0.02735920	          0.10203025	          0.01000144	          0.01000148	          0.02806554	          0.01540797	          0.01621598	          0.44836819	          0.01767355	          0.05662047	          0.04258498	          0.06964995	          0.01000305	          0.02258065	          0.13489315	          0.19440959	          0.01019571	
          1.08964733	         -7.78633817	          1.37500912	          0.89458555	         -7.31511477	         24.87323078	        -20.52792949	         -1.28755493	         -2.13242710	          1.48956556	          2.99758227	          0.06558664	          0.02329483	          0.12722538	          0.01000158	          0.01000340	          0.07292586	          0.01311831	          0.01380576	          0.50780109	          0.01504820	          0.04820372	          0.03625448	          0.05929594	          0.01035792	          0.01922445	          0.11483959	          0.16550812	          0.01000152	
          1.10012470	         -7.76657838	          1.39066037	          0.89499222	         -6.17348704	         24.08142546	        -23.90422860	         -1.63386381	         -4.82378458	          0.57770949	          3.26968660	          0.07138743	          0.01983443	          0.15451535	          0.01000177	          0.01000382	          0.13666380	          0.01117356	          0.01175537	          0.57752338	          0.01281314	          0.04103850	          0.03086497	          0.05048136	          0.04832101	          0.01636677	          0.09776725	          0.14090323	          0.23940517	
          1.11060208	         -7.75758791	          1.40569134	          0.89576726	         -4.79446985	         23.35164939	        -27.46000362	         -2.04662492	         -7.46038417	          0.03143007	          3.47862021	          0.06586961	          0.01688868	          0.16888830	          0.01000117	          0.01000288	          0.16727319	          0.01000348	          0.01000923	          0.61592987	          0.01093455	          0.03493982	          0.02627663	          0.04297783	          0.10843660	          0.01393377	          0.08323305	          0.11995621	          0.20381460	
          1.12107946	         -7.75999315	          1.42010072	          0.89686211	         -3.29142367	         22.64914226	        -30.95815986	         -2.45445513	         -8.71424515	         -0.20053927	          3.62555421	          0.06389202	          0.01438213	          0.16237699	          0.01000169	          0.01000401	          0.17191947	          0.01001298	          0.01004632	          0.60601162	          0.01002133	          0.02975416	          0.02237039	          0.03659514	          0.14545569	          0.01186247	          0.07085958	          0.10212325	          0.22075906	
          1.13155684	         -7.77238538	          1.43397733	          0.89831286	         -1.71814968	         21.95374911	        -34.24223559	         -2.82375084	         -9.21830368	         -0.19107051	          3.72089098	          0.06439807	          0.01225067	          0.15444251	          0.01000202	          0.01000463	          0.16807141	          0.01001515	          0.01309998	          0.58111655	          0.02764437	          0.05329766	          0.01904486	          0.04038557	          0.19348121	          0.01009916	          0.06032606	          0.08694146	          0.25835957	
          1.14203422	         -7.79304497	          1.44741159	          0.90006992	         -0.10138083	         21.25211957	        -37.25209032	         -3.13410212	         -9.27835071	         -0.01136136	          3.77440857	          0.06460069	          0.01044329	          0.14743111	          0.01000195	          0.01000453	          0.15914450	          0.01001966	          0.01618243	          0.54276903	          0.03380639	          0.05841303	          0.01621374	          0.04378201	          0.23086788	          0.01000061	          0.05135969	          0.07401664	          0.25857464	
          1.15251160	         -7.82019898	          1.46049660	          0.90204526	          1.53470836	         20.52754357	        -39.94428354	         -3.36091008	         -9.03416825	          0.27325960	          3.79584379	          0.06603382	          0.01003766	          0.14109395	          0.01000192	          0.01000441	          0.14967410	          0.01414703	          0.01621461	          0.50195435	          0.03084816	          0.08306226	          0.01380354	          0.04345141	          0.25681001	          0.01000074	          0.04375833	          0.06301326	          0.25086951	
          1.16298897	         -7.85214901	          1.47331149	          0.90414133	          3.17472065	         19.76686207	        -42.29809391	         -3.48618621	         -8.60463543	          0.60769489	          3.79304266	          0.06722064	          0.01004220	          0.13356599	          0.01000189	          0.01000448	          0.14128094	          0.02330584	          0.01381183	          0.46428956	          0.02626632	          0.09894953	          0.01175174	          0.04306433	          0.27065009	          0.01000080	          0.03725760	          0.05364566	          0.23039135	
          1.17346635	         -7.88688324	          1.48591662	          0.90626431	          4.80938493	         18.96427173	        -44.31434130	         -3.50485820	         -8.02625515	          0.94391718	          3.77097853	          0.06701528	          0.01003372	          0.12524600	          0.01000178	          0.01000450	          0.13402982	          0.03319290	          0.01176195	          0.43403763	          0.02236327	          0.12149526	          0.01000534	          0.04219373	          0.27344596	          0.01000089	          0.03171987	          0.04567065	          0.21162890	
          1.18394373	         -7.92249488	          1.49835452	          0.90833069	          6.43626858	         18.12041278	        -46.01163930	         -3.42269509	         -7.34867005	          1.24736638	          3.73244899	          0.06599921	          0.01002695	          0.11530927	          0.01000182	          0.01000517	          0.12865426	          0.04456391	          0.01002067	          0.41107101	          0.01903977	          0.14502684	          0.01000154	          0.04318350	          0.26590504	          0.01000103	          0.02700493	          0.03888122	          0.19196324	
          1.19442111	         -7.95734688	          1.51065329	          0.91027087	          8.05669199	         17.24073764	        -47.42091118	         -3.25443005	         -6.59162449	          1.50414641	          3.67876645	          0.06362269	          0.01002313	          0.10608185	          0.01000182	          0.01000576	          0.12356957	          0.05649805	          0.01000327	          0.39612131	          0.01621011	          0.17055961	          0.01000177	          0.04464130	          0.25099341	          0.01000121	          0.02299076	          0.03310112	          0.17488010	
          1.20489849	         -7.99018261	          1.52283032	          0.91203153	          9.67457596	         16.33308689	        -48.57955719	         -3.01874433	         -5.76995770	          1.71618777	          3.61037142	          0.06013474	          0.01002009	          0.09763550	          0.01000188	          0.01000693	          0.12148452	          0.07035714	          0.01000226	          0.38250924	          0.01380107	          0.19708363	          0.01000166	          0.04699228	          0.23063436	          0.01000142	          0.01957328	          0.02818030	          0.15988385	
          1.21537586	         -8.02007428	          1.53489755	          0.91357792	         11.29446121	         15.40330212	        -49.52649709	         -2.73153262	         -4.88852696	          1.90489176	          3.52746369	          0.05582553	          0.01001622	          0.08955839	          0.01000197	          0.01001039	          0.12176554	          0.08469294	          0.01014609	          0.36995760	          0.01175033	          0.22271327	          0.01000157	          0.04944694	          0.20712791	          0.01000164	          0.01666383	          0.02399102	          0.14740058	
          1.22585324	         -8.04641485	          1.54686489	          0.91489356	         12.91984653	         14.45372245	        -50.29707629	         -2.39987585	         -3.95153838	          2.07512854	          3.43041045	          0.05126188	          0.01001609	          0.08218857	          0.01000206	          0.01001261	          0.11679681	          0.09817131	          0.01673858	          0.36465447	          0.01000593	          0.24472589	          0.01000154	          0.05128146	          0.18265388	          0.01000192	          0.01418694	          0.02042454	          0.13701338	
          1.23633062	         -8.06889711	          1.55873936	          0.91597484	         14.55250692	         13.48737602	        -50.92064241	         -2.02869701	         -2.96390179	          2.21263614	          3.31957997	          0.04632471	          0.01001585	          0.07427077	          0.01000225	          0.01001860	          0.11040655	          0.11210639	          0.02845833	          0.36132415	          0.01000269	          0.26146666	          0.01000145	          0.05368429	          0.15867433	          0.01000223	          0.01207838	          0.01738827	          0.12823007	
          1.24680800	         -8.08740404	          1.57052692	          0.91683039	         16.19194983	         12.50836116	        -51.41947159	         -1.62892441	         -1.93565455	          2.33902082	          3.19543174	          0.04123402	          0.01001514	          0.06790360	          0.01000242	          0.01003617	          0.09817729	          0.12637707	          0.04148572	          0.35828332	          0.01000215	          0.27027456	          0.01000140	          0.05583737	          0.13639834	          0.01000264	          0.01028369	          0.01480340	          0.12141535	
          1.25728538	         -8.10199201	          1.58223329	          0.91747932	         17.83432819	         11.52388954	        -51.80519043	         -1.21826288	         -0.87991729	          2.48084991	          3.05857771	          0.03658101	          0.01001542	          0.06168082	          0.01000269	          0.01015322	          0.08358685	          0.14097271	          0.05379442	          0.35480173	          0.01000174	          0.26877264	          0.01000136	          0.05753510	          0.11657008	          0.01000315	          0.01000216	          0.01260284	          0.11820838	
          1.26776275	         -8.11282849	          1.59386739	          0.91794592	         19.47134395	         10.54133105	        -52.07631568	         -0.81246182	          0.18069346	          2.64672601	          2.91013481	          0.03287209	          0.01001744	          0.05393146	          0.01000299	          0.01014974	          0.07116217	          0.15580295	          0.06567924	          0.35094804	          0.01000151	          0.24915125	          0.01000138	          0.05916681	          0.09979820	          0.01000386	          0.01000312	          0.01072958	          0.11596404	
          1.27824013	         -8.12018553	          1.60544628	          0.91825585	         21.08770509	          9.56331002	        -52.21321601	         -0.41760135	          1.22725614	          2.83342047	          2.75233832	          0.03010825	          0.01002307	          0.04593328	          0.01000368	          0.01006322	          0.06058387	          0.17072570	          0.07747446	          0.34697701	          0.01000133	          0.21213376	          0.01000137	          0.06164998	          0.08606417	          0.01000458	          0.01000261	          0.01000089	          0.11866333	
          1.28871751	         -8.12438420	          1.61699400	          0.91843294	         22.66230663	          8.58744177	        -52.18084399	         -0.03091982	          2.23733761	          3.03403336	          2.58833955	          0.02847291	          0.01003290	          0.03911522	          0.01000417	          0.01002463	          0.05157791	          0.18560514	          0.08921082	          0.34342463	          0.01000126	          0.18060329	          0.01000148	          0.06436411	          0.07574504	          0.01000586	          0.01000221	          0.01000102	          0.12290741	
          1.29919489	         -8.12579707	          1.62853603	          0.91849399	         24.17478230	          7.60791139	        -51.94688546	          0.35673101	          3.19459601	          3.23999942	          2.42149376	          0.02817843	          0.01012931	          0.03330711	          0.01000716	          0.01001983	          0.04391071	          0.20033245	          0.10107219	          0.34055948	          0.01000109	          0.15375755	          0.01000141	          0.06747574	          0.06699730	          0.01000712	          0.01000226	          0.01000105	          0.12612631	
          1.30967227	         -8.12471951	          1.64009425	          0.91844718	         25.60807996	          6.62080906	        -51.48817325	          0.74997400	          4.08949899	          3.44816329	          2.25457321	          0.02908747	          0.07979797	          0.03080399	          0.01000557	          0.01001468	          0.03738331	          0.21519403	          0.11346379	          0.33703655	          0.01000110	          0.13090183	          0.01000173	          0.06999239	          0.06106898	          0.01001525	          0.01000225	          0.01000111	          0.12888078	
          1.32014965	         -8.12154310	          1.65167888	          0.91829359	         26.94953487	          5.63626678	        -50.79006428	          1.12791133	          4.91161669	          3.66445372	          2.08893810	          0.03054729	          0.14957814	          0.02945157	          0.01000627	          0.01001381	          0.03182626	          0.22995391	          0.12594073	          0.33345386	          0.01000105	          0.11144360	          0.01000186	          0.07360240	          0.05560749	          0.01004379	          0.01000232	          0.01000121	          0.13074211	
          1.33062702	         -8.11659387	          1.66329690	          0.91803085	         28.18926137	          4.66532923	        -49.84442258	          1.46964416	          5.64827744	          3.89196203	          1.92545182	          0.03259633	          0.21724879	          0.02924056	          0.01000657	          0.01001182	          0.02709530	          0.24451551	          0.13875174	          0.32929069	          0.01000104	          0.09487808	          0.01000210	          0.07842583	          0.05064930	          0.01012320	          0.01000246	          0.01000136	          0.13152148	
          1.34110440	         -8.11022957	          1.67495473	          0.91765510	         29.31993014	          3.71640754	        -48.64898814	          1.75906367	          6.28516104	          4.13539111	          1.76494765	          0.03521637	          0.28298513	          0.02947349	          0.01000710	          0.01001004	          0.02306764	          0.25877094	          0.15199265	          0.32417128	          0.01000105	          0.08077553	          0.01000236	          0.08471482	          0.04414870	          0.01003527	          0.01000276	          0.01000160	          0.13103229	
          1.35158178	         -8.10283903	          1.68665804	          0.91716206	         30.33693533	          2.79595625	        -47.20737940	          1.98383628	          6.80875582	          4.39916529	          1.60819807	          0.03883070	          0.34606506	          0.02945982	          0.01000769	          0.01000814	          0.01963872	          0.27264762	          0.16583636	          0.31749099	          0.01000110	          0.06877032	          0.01000267	          0.09170284	          0.03760727	          0.01001164	          0.01000334	          0.01000204	          0.12944426	
          1.36205916	         -8.09483675	          1.69841216	          0.91654826	         31.23779999	          1.90889233	        -45.52685676	          2.13472061	          7.20950265	          4.68636976	          1.45595796	          0.04354029	          0.40540361	          0.02863962	          0.01000862	          0.01000650	          0.01671954	          0.28607760	          0.18045328	          0.30858220	          0.01000122	          0.05855207	          0.01000298	          0.09830068	          0.03202418	          0.01000570	          0.01000449	          0.01000285	          0.12720798	
          1.37253654	         -8.08664784	          1.71022265	          0.91581176	         32.02142227	          1.05863963	        -43.61610466	          2.20552101	          7.48535296	          4.99787042	          1.30902273	          0.04901112	          0.45971713	          0.02626638	          0.01001064	          0.01000527	          0.01423437	          0.29899302	          0.19599062	          0.29635595	          0.01000138	          0.04986168	          0.01000319	          0.10336989	          0.02726793	          0.01000347	          0.01000703	          0.01000440	          0.12495242	
          1.38301391	         -8.07868765	          1.72209602	          0.91495268	         32.68740924	          0.24697239	        -41.48430509	          2.19338594	          7.64392840	          5.33153180	          1.16829901	          0.05408926	          0.50762495	          0.02242502	          0.01000775	          0.01000395	          0.01211874	          0.31132416	          0.21252148	          0.28018785	          0.01000209	          0.04256661	          0.01000475	          0.10617107	          0.02321765	          0.01000257	          0.01001154	          0.01000692	          0.12325259	
          1.39349129	         -8.07138677	          1.73404005	          0.91397256	         33.23794264	         -0.52690108	        -39.14766467	          2.10076753	          7.70172473	          5.68047222	          1.03488086	          0.05799164	          0.54830315	          0.01909522	          0.01001032	          0.01000343	          0.01031791	          0.32293948	          0.23005695	          0.25489040	          0.01000239	          0.06014108	          0.01000526	          0.10645312	          0.01976953	          0.01000227	          0.01001635	          0.01001035	          0.12180361	
          1.40396867	         -8.06491386	          1.74606287	          0.91287341	         33.68491277	         -1.26920686	        -36.65108045	          1.94099472	          7.67877250	          6.02794099	          0.90962995	          0.06191450	          0.58005436	          0.01625912	          0.01488696	          0.01000305	          0.01000179	          0.33359689	          0.24829940	          0.21700134	          0.01000235	          0.07910090	          0.01000496	          0.10186627	          0.01683411	          0.01000213	          0.01005481	          0.01002946	          0.12107202	
          1.41444605	         -8.05930676	          1.75817732	          0.91166464	         34.03940868	         -1.99153869	        -34.04045337	          1.73692322	          7.59629305	          6.35345554	          0.79386240	          0.06447316	          0.60086409	          0.01384696	          0.03005044	          0.01000264	          0.01000193	          0.34319503	          0.26676640	          0.18474214	          0.01000326	          0.06754321	          0.01000765	          0.08768574	          0.01433480	          0.01000186	          0.01117401	          0.01002053	          0.12302646	
          1.42492343	         -8.05470668	          1.77040213	          0.91036452	         34.29721503	         -2.70289574	        -31.32320589	          1.50349892	          7.47285386	          6.65248231	          0.68977349	          0.06649036	          0.60827105	          0.01180500	          0.04778148	          0.01000232	          0.01000169	          0.35176845	          0.28526778	          0.15727824	          0.01075800	          0.05751563	          0.01002181	          0.07465369	          0.01220747	          0.01000172	          0.01212440	          0.01001553	          0.12468837	
          1.43540081	         -8.05113880	          1.78275533	          0.90899049	         34.45309818	         -3.40684509	        -28.50792689	          1.24485056	          7.32605233	          6.92414459	          0.59937963	          0.06671482	          0.59992589	          0.01007551	          0.09051564	          0.01000239	          0.01000166	          0.35937851	          0.30359754	          0.13389705	          0.02233121	          0.04897039	          0.01002329	          0.06355753	          0.01040088	          0.01000183	          0.01209788	          0.01003042	          0.12449615	
          1.44587818	         -8.04831914	          1.79524698	          0.90756026	         34.51123503	         -4.09328985	        -25.63950210	          0.93958694	          7.17143189	          7.17428809	          0.52337243	          0.06407159	          0.57460235	          0.01005670	          0.13281640	          0.01000250	          0.01000170	          0.36577120	          0.32136287	          0.11399170	          0.03272247	          0.04169390	          0.01537270	          0.05411065	          0.01002535	          0.01000199	          0.01118816	          0.01007664	          0.12438848	
          1.45635556	         -8.04595174	          1.80789130	          0.90610040	         34.47447256	         -4.75135305	        -22.76451674	          0.56562366	          7.02130875	          7.40018518	          0.46299374	          0.06020758	          0.53053571	          0.01003009	          0.17227504	          0.01000263	          0.01000169	          0.37058922	          0.33855762	          0.09704549	          0.04157651	          0.03549862	          0.02481247	          0.04606795	          0.01003570	          0.01000210	          0.01035227	          0.01011647	          0.12598743	
          1.46683294	         -8.04369958	          1.82071230	          0.90464869	         34.34142480	         -5.37569753	        -19.92100347	          0.11136338	          6.88612775	          7.58756288	          0.42072251	          0.05419395	          0.45879464	          0.01002174	          0.20718841	          0.01000278	          0.01000169	          0.37339907	          0.35464665	          0.08261853	          0.05202144	          0.03022403	          0.03120636	          0.03922078	          0.01003918	          0.01000232	          0.01004305	          0.01006500	          0.12856219	
          1.47731032	         -8.04116737	          1.83374031	          0.90324701	         34.11316608	         -5.96696280	        -17.15361141	         -0.42329181	          6.77347776	          7.71508411	          0.39982530	          0.04614479	          0.39059460	          0.01001276	          0.23774379	          0.01000316	          0.01000177	          0.37380916	          0.36886371	          0.07033631	          0.06716977	          0.02573345	          0.03076452	          0.03339150	          0.01009570	          0.01000290	          0.01002151	          0.01009176	          0.13098202	
          1.48778770	         -8.03786319	          1.84700336	          0.90193344	         33.79737796	         -6.52430665	        -14.52033032	         -1.04145296	          6.68546296	          7.76486782	          0.40324541	          0.03928684	          0.33253007	          0.01045038	          0.25427437	          0.01000342	          0.01000203	          0.37144621	          0.38032065	          0.05987998	          0.07921307	          0.02191079	          0.02624724	          0.02842890	          0.01006514	          0.01000407	          0.01001438	          0.01008378	          0.13333908	
          1.49826507	         -8.03336151	          1.86052858	          0.90073979	         33.40212919	         -7.04520228	        -12.07012005	         -1.74904913	          6.61816878	          7.72088191	          0.43399970	          0.03344748	          0.28309668	          0.01004822	          0.25787697	          0.01000414	          0.01000225	          0.36599810	          0.38848213	          0.05097812	          0.08615330	          0.01865776	          0.02234855	          0.02420483	          0.01016232	          0.01000492	          0.01001569	          0.01005128	          0.13608766	
          1.50874245	         -8.02711836	          1.87434502	          0.89968956	         32.93012430	         -7.52712514	         -9.82781392	         -2.55202361	          6.56115064	          7.56797102	          0.49535834	          0.02847588	          0.24101180	          0.01007117	          0.25283299	          0.01000478	          0.01000252	          0.35719828	          0.39265758	          0.04339962	          0.08986399	          0.01589179	          0.01902803	          0.02061115	          0.01009967	          0.01000527	          0.01001820	          0.01002632	          0.13909579	
          1.51921983	         -8.01857747	          1.88848055	          0.89879432	         32.38083891	         -7.96470314	         -7.80246372	         -3.46148309	          6.49934015	          7.29534915	          0.59059052	          0.02424320	          0.20518315	          0.01002514	          0.25231764	          0.01001031	          0.01000443	          0.34489755	          0.39242441	          0.03694776	          0.09906074	          0.01354732	          0.01620068	          0.01767387	          0.01448324	          0.01000769	          0.01003608	          0.01005933	          0.14150549	
          1.52969721	         -8.00707139	          1.90295576	          0.89805227	         31.75502584	         -8.34452193	         -6.00328498	         -4.50316903	          6.41242321	          6.89975619	          0.72205974	          0.02063970	          0.17468076	          0.01003374	          0.21487688	          0.01000985	          0.01000412	          0.32897086	          0.38734402	          0.03145505	          0.09278200	          0.01159113	          0.01379375	          0.02273145	          0.01635924	          0.01000721	          0.01008431	          0.01069759	          0.14607520	
          1.54017459	         -7.99206024	          1.91779020	          0.89744423	         31.05752934	         -8.66080461	         -4.43871683	         -5.68736332	          6.27712571	          6.37324408	          0.89231577	          0.01757190	          0.14871285	          0.01000777	          0.18293658	          0.01002114	          0.01000413	          0.30908925	          0.37741367	          0.02677890	          0.09043670	          0.01809810	          0.01174467	          0.02233638	          0.02618494	          0.01000766	          0.01271962	          0.01180159	          0.15420315	
          1.55065196	         -7.97290168	          1.93299715	          0.89693677	         30.29433791	         -8.90638230	         -3.11701137	         -7.02661134	          6.06480332	          5.71057472	          1.10311283	          0.01496029	          0.12660533	          0.01000248	          0.15574179	          0.01907270	          0.01000304	          0.28667111	          0.36247212	          0.02279792	          0.08917400	          0.01557007	          0.01000261	          0.01901864	          0.02230574	          0.01000581	          0.01214160	          0.01634226	          0.16412407	
          1.56112934	         -7.94890596	          1.94857710	          0.89648699	         29.47166810	         -9.06420702	         -2.05592591	         -8.55070103	          5.74062290	          4.91089575	          1.35455047	          0.01273774	          0.10778431	          0.01002084	          0.13258928	          0.01624357	          0.01001036	          0.25679207	          0.34243512	          0.01940877	          0.08555797	          0.01327009	          0.01087352	          0.01619197	          0.01899284	          0.01001738	          0.01132082	          0.02186030	          0.18040806	
          1.57160672	         -7.92019337	          1.96450840	          0.89604408	         28.59968341	         -9.10152533	         -1.29586720	        -10.31503422	          5.26962893	          3.97718215	          1.64480084	          0.01084708	          0.09176125	          0.01302567	          0.11287860	          0.01383440	          0.01107381	          0.21861731	          0.31507312	          0.01652346	          0.07284413	          0.01131436	          0.02450579	          0.01378549	          0.01617228	          0.01999792	          0.01175294	          0.02627726	          0.20116480	
          1.58208410	         -7.88697801	          1.98075719	          0.89556015	         27.67744842	         -8.98597403	         -0.88107490	        -12.36810611	          4.62503206	          2.89393745	          1.97057497	          0.01000656	          0.07812022	          0.01109813	          0.09609804	          0.01178166	          0.01833444	          0.18611718	          0.26823426	          0.01406710	          0.06578111	          0.01001989	          0.05277342	          0.01173695	          0.01377056	          0.03872090	          0.01000661	          0.02237273	          0.25220033	
          1.59256148	         -7.85041562	          1.99723113	          0.89504169	         26.72268691	         -8.68552054	         -0.92566407	        -14.74226029	          3.73671008	          1.61166316	          2.32208305	          0.02074292	          0.06650711	          0.05001950	          0.08181209	          0.01003774	          0.01563849	          0.15844853	          0.22835789	          0.01197593	          0.07001132	          0.01001798	          0.04507420	          0.01000366	          0.01172628	          0.03296575	          0.01809826	          0.01904752	          0.30494319	
          1.60303886	         -7.81504090	          2.01369145	          0.89463889	         25.76360610	         -8.14629674	         -1.08253904	        -17.46502687	          2.69412507	          0.00222107	          2.67455734	          0.01767355	          0.05662047	          0.04258498	          0.06964995	          0.01000305	          0.02258065	          0.13489315	          0.19440959	          0.01019571	          0.06595873	          0.02735920	          0.10203025	          0.01000144	          0.01000148	          0.02806554	          0.01540797	          0.01621598	          0.44836819	
          1.61351623	         -7.78633817	          2.02984526	          0.89458555	         24.87323078	         -7.31511477	         -1.28755493	        -20.52792949	          1.48956556	         -2.13242710	          2.99758227	          0.01504820	          0.04820372	          0.03625448	          0.05929594	          0.01035792	          0.01922445	          0.11483959	          0.16550812	          0.01000152	          0.06558664	          0.02329483	          0.12722538	          0.01000158	          0.01000340	          0.07292586	          0.01311831	          0.01380576	          0.50780109	
          1.62399361	         -7.76657838	          2.04549650	          0.89499222	         24.08142546	         -6.17348704	         -1.63386381	        -23.90422860	          0.57770949	         -4.82378458	          3.26968660	          0.01281314	          0.04103850	          0.03086497	          0.05048136	          0.04832101	          0.01636677	          0.09776725	          0.14090323	          0.23940517	          0.07138743	          0.01983443	          0.15451535	          0.01000177	          0.01000382	          0.13666380	          0.01117356	          0.01175537	          0.57752338	
          1.63447099	         -7.75758791	          2.06052748	          0.89576726	         23.35164939	         -4.79446985	         -2.04662492	        -27.46000362	          0.03143007	         -7.46038417	          3.47862021	          0.01093455	          0.03493982	          0.02627663	          0.04297783	          0.10843660	          0.01393377	          0.08323305	          0.11995621	          0.20381460	          0.06586961	          0.01688868	          0.16888830	          0.01000117	          0.01000288	          0.16727319	          0.01000348	          0.01000923	          0.61592987	
          1.64494837	         -7.75999315	          2.07493685	          0.89686211	         22.64914226	         -3.29142367	         -2.45445513	        -30.95815986	         -0.20053927	         -8.71424515	          3.62555421	          0.01002133	          0.02975416	          0.02237039	          0.03659514	          0.14545569	          0.01186247	          0.07085958	          0.10212325	          0.22075906	          0.06389202	          0.01438213	          0.16237699	          0.01000169	          0.01000401	          0.17191947	          0.01001298	          0.01004632	          0.60601162	
          1.65542575	         -7.77238538	          2.08881346	          0.89831286	         21.95374911	         -1.71814968	         -2.82375084	        -34.24223559	         -0.19107051	         -9.21830368	          3.72089098	          0.02764437	          0.05329766	          0.01904486	          0.04038557	          0.19348121	          0.01009916	          0.06032606	          0.08694146	          0.25835957	          0.06439807	          0.01225067	          0.15444251	          0.01000202	          0.01000463	          0.16807141	          0.01001515	          0.01309998	          0.58111655	
          1.66590312	         -7.79304497	          2.10224772	          0.90006992	         21.25211957	         -0.10138083	         -3.13410212	        -37.25209032	         -0.01136136	         -9.27835071	          3.77440857	          0.03380639	          0.05841303	          0.01621374	          0.04378201	          0.23086788	          0.01000061	          0.05135969	          0.07401664	          0.25857464	          0.06460069	          0.01044329	          0.14743111	          0.01000195	          0.01000453	          0.15914450	          0.01001966	          0.01618243	          0.54276903	
          1.67638050	         -7.82019898	          2.11533273	          0.90204526	         20.52754357	          1.53470836	         -3.36091008	        -39.94428354	          0.27325960	         -9.03416825	          3.79584379	          0.03084816	          0.08306226	          0.01380354	          0.04345141	          0.25681001	          0.01000074	          0.04375833	          0.06301326	          0.25086951	          0.06603382	          0.01003766	          0.14109395	          0.01000192	          0.01000441	          0.14967410	          0.01414703	          0.01621461	          0.50195435	
          1.68685788	         -7.85214901	          2.12814762	          0.90414133	         19.76686207	          3.17472065	         -3.48618621	        -42.29809391	          0.60769489	         -8.60463543	          3.79304266	          0.02626632	          0.09894953	          0.01175174	          0.04306433	          0.27065009	          0.01000080	          0.03725760	          0.05364566	          0.23039135	          0.06722064	          0.01004220	          0.13356599	          0.01000189	          0.01000448	          0.14128094	          0.02330584	          0.01381183	          0.46428956	
          1.69733526	         -7.88688324	          2.14075276	          0.90626431	         18.96427173	          4.80938493	         -3.50485820	        -44.31434130	          0.94391718	         -8.02625515	          3.77097853	          0.02236327	          0.12149526	          0.01000534	          0.04219373	          0.27344596	          0.01000089	          0.03171987	          0.04567065	          0.21162890	          0.06701528	          0.01003372	          0.12524600	          0.01000178	          0.01000450	          0.13402982	          0.03319290	          0.01176195	          0.43403763	
          1.70781264	         -7.92249488	          2.15319065	          0.90833069	         18.12041278	          6.43626858	         -3.42269509	        -46.01163930	          1.24736638	         -7.34867005	          3.73244899	          0.01903977	          0.14502684	          0.01000154	          0.04318350	          0.26590504	          0.01000103	          0.02700493	          0.03888122	          0.19196324	          0.06599921	          0.01002695	          0.11530927	          0.01000182	          0.01000517	          0.12865426	          0.04456391	          0.01002067	          0.41107101	
          1.71829001	         -7.95734688	          2.16548942	          0.91027087	         17.24073764	          8.05669199	         -3.25443005	        -47.42091118	          1.50414641	         -6.59162449	          3.67876645	          0.01621011	          0.17055961	          0.01000177	          0.04464130	          0.25099341	          0.01000121	          0.02299076	          0.03310112	          0.17488010	          0.06362269	          0.01002313	          0.10608185	          0.01000182	          0.01000576	          0.12356957	          0.05649805	          0.01000327	          0.39612131	
          1.72876739	         -7.99018261	          2.17766645	          0.91203153	         16.33308689	          9.67457596	         -3.01874433	        -48.57955719	          1.71618777	         -5.76995770	          3.61037142	          0.01380107	          0.19708363	          0.01000166	          0.04699228	          0.23063436	          0.01000142	          0.01957328	          0.02818030	          0.15988385	          0.06013474	          0.01002009	          0.09763550	          0.01000188	          0.01000693	          0.12148452	          0.07035714	          0.01000226	          0.38250924	
          1.73924477	         -8.02007428	          2.18973368	          0.91357792	         15.40330212	         11.29446121	         -2.73153262	        -49.52649709	          1.90489176	         -4.88852696	          3.52746369	          0.01175033	          0.22271327	          0.01000157	          0.04944694	          0.20712791	          0.01000164	          0.01666383	          0.02399102	          0.14740058	          0.05582553	          0.01001622	          0.08955839	          0.01000197	          0.01001039	          0.12176554	          0.08469294	          0.01014609	          0.36995760	
          1.74972215	         -8.04641485	          2.20170103	          0.91489356	         14.45372245	         12.91984653	         -2.39987585	        -50.29707629	          2.07512854	         -3.95153838	          3.43041045	          0.01000593	          0.24472589	          0.01000154	          0.05128146	          0.18265388	          0.01000192	          0.01418694	          0.02042454	          0.13701338	          0.05126188	          0.01001609	          0.08218857	          0.01000206	          0.01001261	          0.11679681	          0.09817131	          0.01673858	          0.36465447	
          1.76019953	         -8.06889711	          2.21357550	          0.91597484	         13.48737602	         14.55250692	         -2.02869701	        -50.92064241	          2.21263614	         -2.96390179	          3.31957997	          0.01000269	          0.26146666	          0.01000145	          0.05368429	          0.15867433	          0.01000223	          0.01207838	          0.01738827	          0.12823007	          0.04632471	          0.01001585	          0.07427077	          0.01000225	          0.01001860	          0.11040655	          0.11210639	          0.02845833	          0.36132415	
          1.77067691	         -8.08740404	          2.22536306	          0.91683039	         12.50836116	         16.19194983	         -1.62892441	        -51.41947159	          2.33902082	         -1.93565455	          3.19543174	          0.01000215	          0.27027456	          0.01000140	          0.05583737	          0.13639834	          0.01000264	          0.01028369	          0.01480340	          0.12141535	          0.04123402	          0.01001514	          0.06790360	          0.01000242	          0.01003617	          0.09817729	          0.12637707	          0.04148572	          0.35828332	
          1.78115428	         -8.10199201	          2.23706942	          0.91747932	         11.52388954	         17.83432819	         -1.21826288	        -51.80519043	          2.48084991	         -0.87991729	          3.05857771	          0.01000174	          0.26877264	          0.01000136	          0.05753510	          0.11657008	          0.01000315	          0.01000216	          0.01260284	          0.11820838	          0.03658101	          0.01001542	          0.06168082	          0.01000269	          0.01015322	          0.08358685	          0.14097271	          0.05379442	          0.35480173	
          1.79163166	         -8.11282849	          2.24870353	          0.91794592	         10.54133105	         19.47134395	         -0.81246182	        -52.07631568	          2.64672601	          0.18069346	          2.91013481	          0.01000151	          0.24915125	          0.01000138	          0.05916681	          0.09979820	          0.01000386	          0.01000312	          0.01072958	          0.11596404	          0.03287209	          0.01001744	          0.05393146	          0.01000299	          0.01014974	          0.07116217	          0.15580295	          0.06567924	          0.35094804	
          1.80210904	         -8.12018553	          2.26028241	          0.91825585	          9.56331002	         21.08770509	         -0.41760135	        -52.21321601	          2.83342047	          1.22725614	          2.75233832	          0.01000133	          0.21213376	          0.01000137	          0.06164998	          0.08606417	          0.01000458	          0.01000261	          0.01000089	          0.11866333	          0.03010825	          0.01002307	          0.04593328	          0.01000368	          0.01006322	          0.06058387	          0.17072570	          0.07747446	          0.34697701	
          1.81258642	         -8.12438420	          2.27183013	          0.91843294	          8.58744177	         22.66230663	         -0.03091982	        -52.18084399	          3.03403336	          2.23733761	          2.58833955	          0.01000126	          0.18060329	          0.01000148	          0.06436411	          0.07574504	          0.01000586	          0.01000221	          0.01000102	          0.12290741	          0.02847291	          0.01003290	          0.03911522	          0.01000417	          0.01002463	          0.05157791	          0.18560514	          0.08921082	          0.34342463	
          1.82306380	         -8.12579707	          2.28337216	          0.91849399	          7.60791139	         24.17478230	          0.35673101	        -51.94688546	          3.23999942	          3.19459601	          2.42149376	          0.01000109	          0.15375755	          0.01000141	          0.06747574	          0.06699730	          0.01000712	          0.01000226	          0.01000105	          0.12612631	          0.02817843	          0.01012931	          0.03330711	          0.01000716	          0.01001983	          0.04391071	          0.20033245	          0.10107219	          0.34055948	
          1.83354117	         -8.12471951	          2.29493039	          0.91844718	          6.62080906	         25.60807996	          0.74997400	        -51.48817325	          3.44816329	          4.08949899	          2.25457321	          0.01000110	          0.13090183	          0.01000173	          0.06999239	          0.06106898	          0.01001525	          0.01000225	          0.01000111	          0.12888078	          0.02908747	          0.07979797	          0.03080399	          0.01000557	          0.01001468	          0.03738331	          0.21519403	          0.11346379	          0.33703655	
          1.84401855	         -8.12154310	          2.30651502	          0.91829359	          5.63626678	         26.94953487	          1.12791133	        -50.79006428	          3.66445372	          4.91161669	          2.08893810	          0.01000105	          0.11144360	          0.01000186	          0.07360240	          0.05560749	          0.01004379	          0.01000232	          0.01000121	          0.13074211	          0.03054729	          0.14957814	          0.02945157	          0.01000627	          0.01001381	          0.03182626	          0.22995391	          0.12594073	          0.33345386	
          1.85449593	         -8.11659387	          2.31813303	          0.91803085	          4.66532923	         28.18926137	          1.46964416	        -49.84442258	          3.89196203	          5.64827744	          1.92545182	          0.01000104	          0.09487808	          0.01000210	          0.07842583	          0.05064930	          0.01012320	          0.01000246	          0.01000136	          0.13152148	          0.03259633	          0.21724879	          0.02924056	          0.01000657	          0.01001182	          0.02709530	          0.24451551	          0.13875174	          0.32929069	
          1.86497331	         -8.11022957	          2.32979086	          0.91765510	          3.71640754	         29.31993014	          1.75906367	        -48.64898814	          4.13539111	          6.28516104	          1.76494765	          0.01000105	          0.08077553	          0.01000236	          0.08471482	          0.04414870	          0.01003527	          0.01000276	          0.01000160	          0.13103229	          0.03521637	          0.28298513	          0.02947349	          0.01000710	          0.01001004	          0.02306764	          0.25877094	          0.15199265	          0.32417128	
          1.87545069	         -8.10283903	          2.34149418	          0.91716206	          2.79595625	         30.33693533	          1.98383628	        -47.20737940	          4.39916529	          6.80875582	          1.60819807	          0.01000110	          0.06877032	          0.01000267	          0.09170284	          0.03760727	          0.01001164	          0.01000334	          0.01000204	          0.12944426	          0.03883070	          0.34606506	          0.02945982	          0.01000769	          0.01000814	          0.01963872	          0.27264762	          0.16583636	          0.31749099	
          1.88592807	         -8.09483675	          2.35324830	          0.91654826	          1.90889233	         31.23779999	          2.13472061	        -45.52685676	          4.68636976	          7.20950265	          1.45595796	          0.01000122	          0.05855207	          0.01000298	          0.09830068	          0.03202418	          0.01000570	          0.01000449	          0.01000285	          0.12720798	          0.04354029	          0.40540361	          0.02863962	          0.01000862	          0.01000650	          0.01671954	          0.28607760	          0.18045328	          0.30858220	
          1.89640544	         -8.08664784	          2.36505878	          0.91581176	          1.05863963	         32.02142227	          2.20552101	        -43.61610466	          4.99787042	          7.48535296	          1.30902273	          0.01000138	          0.04986168	          0.01000319	          0.10336989	          0.02726793	          0.01000347	          0.01000703	          0.01000440	          0.12495242	          0.04901112	          0.45971713	          0.02626638	          0.01001064	          0.01000527	          0.01423437	          0.29899302	          0.19599062	          0.29635595	
          1.90688282	         -8.07868765	          2.37693216	          0.91495268	          0.24697239	         32.68740924	          2.19338594	        -41.48430509	          5.33153180	          7.64392840	          1.16829901	          0.01000209	          0.04256661	          0.01000475	          0.10617107	          0.02321765	          0.01000257	          0.01001154	          0.01000692	          0.12325259	          0.05408926	          0.50762495	          0.02242502	          0.01000775	          0.01000395	          0.01211874	          0.31132416	          0.21252148	          0.28018785	
          1.91736020	         -8.07138677	          2.38887618	          0.91397256	         -0.52690108	         33.23794264	          2.10076753	        -39.14766467	          5.68047222	          7.70172473	          1.03488086	          0.01000239	          0.06014108	          0.01000526	          0.10645312	          0.01976953	          0.01000227	          0.01001635	          0.01001035	          0.12180361	          0.05799164	          0.54830315	          0.01909522	          0.01001032	          0.01000343	          0.01031791	          0.32293948	          0.23005695	          0.25489040	
          1.92783758	         -8.06491386	          2.40089901	          0.91287341	         -1.26920686	         33.68491277	          1.94099472	        -36.65108045	          6.02794099	          7.67877250	          0.90962995	          0.01000235	          0.07910090	          0.01000496	          0.10186627	          0.01683411	          0.01000213	          0.01005481	          0.01002946	          0.12107202	          0.06191450	          0.58005436	          0.01625912	          0.01488696	          0.01000305	          0.01000179	          0.33359689	          0.24829940	          0.21700134	
          1.93831496	         -8.05930676	          2.41301345	          0.91166464	         -1.99153869	         34.03940868	          1.73692322	        -34.04045337	          6.35345554	          7.59629305	          0.79386240	          0.01000326	          0.06754321	          0.01000765	          0.08768574	          0.01433480	          0.01000186	          0.01117401	          0.01002053	          0.12302646	          0.06447316	          0.60086409	          0.01384696	          0.03005044	          0.01000264	          0.01000193	          0.34319503	          0.26676640	          0.18474214	
          1.94879233	         -8.05470668	          2.42523827	          0.91036452	         -2.70289574	         34.29721503	          1.50349892	        -31.32320589	          6.65248231	          7.47285386	          0.68977349	          0.01075800	          0.05751563	          0.01002181	          0.07465369	          0.01220747	          0.01000172	          0.01212440	          0.01001553	          0.12468837	          0.06649036	          0.60827105	          0.01180500	          0.04778148	          0.01000232	          0.01000169	          0.35176845	          0.28526778	          0.15727824	
          1.95926971	         -8.05113880	          2.43759147	          0.90899049	         -3.40684509	         34.45309818	          1.24485056	        -28.50792689	          6.92414459	          7.32605233	          0.59937963	          0.02233121	          0.04897039	          0.01002329	          0.06355753	          0.01040088	          0.01000183	          0.01209788	          0.01003042	          0.12449615	          0.06671482	          0.59992589	          0.01007551	          0.09051564	          0.01000239	          0.01000166	          0.35937851	          0.30359754	          0.13389705	
          1.96974709	         -8.04831914	          2.45008311	          0.90756026	         -4.09328985	         34.51123503	          0.93958694	        -25.63950210	          7.17428809	          7.17143189	          0.52337243	          0.03272247	          0.04169390	          0.01537270	          0.05411065	          0.01002535	          0.01000199	          0.01118816	          0.01007664	          0.12438848	          0.06407159	          0.57460235	          0.01005670	          0.13281640	          0.01000250	          0.01000170	          0.36577120	          0.32136287	          0.11399170	
          1.98022447	         -8.04595174	          2.46272743	          0.90610040	         -4.75135305	         34.47447256	          0.56562366	        -22.76451674	          7.40018518	          7.02130875	          0.46299374	          0.04157651	          0.03549862	          0.02481247	          0.04606795	          0.01003570	          0.01000210	          0.01035227	          0.01011647	          0.12598743	          0.06020758	          0.53053571	          0.01003009	          0.17227504	          0.01000263	          0.01000169	          0.37058922	          0.33855762	          0.09704549	
          1.99070185	         -8.04369958	          2.47554844	          0.90464869	         -5.37569753	         34.34142480	          0.11136338	        -19.92100347	          7.58756288	          6.88612775	          0.42072251	          0.05202144	          0.03022403	          0.03120636	          0.03922078	          0.01003918	          0.01000232	          0.01004305	          0.01006500	          0.12856219	          0.05419395	          0.45879464	          0.01002174	          0.20718841	          0.01000278	          0.01000169	          0.37339907	          0.35464665	          0.08261853	
          2.00117922	         -8.04116737	          2.48857644	          0.90324701	         -5.96696280	         34.11316608	         -0.42329181	        -17.15361141	          7.71508411	          6.77347776	          0.39982530	          0.06716977	          0.02573345	          0.03076452	          0.03339150	          0.01009570	          0.01000290	          0.01002151	          0.01009176	          0.13098202	          0.04614479	          0.39059460	          0.01001276	          0.23774379	          0.01000316	          0.01000177	          0.37380916	          0.36886371	          0.07033631	
          2.01165660	         -8.03786319	          2.50183949	          0.90193344	         -6.52430665	         33.79737796	         -1.04145296	        -14.52033032	          7.76486782	          6.68546296	          0.40324541	          0.07921307	          0.02191079	          0.02624724	          0.02842890	          0.01006514	          0.01000407	          0.01001438	          0.01008378	          0.13333908	          0.03928684	          0.33253007	          0.01045038	          0.25427437	          0.01000342	          0.01000203	          0.37144621	          0.38032065	          0.05987998	
          2.02213398	         -8.03336151	          2.51536471	          0.90073979	         -7.04520228	         33.40212919	         -1.74904913	        -12.07012005	          7.72088191	          6.61816878	          0.43399970	          0.08615330	          0.01865776	          0.02234855	          0.02420483	          0.01016232	          0.01000492	          0.01001569	          0.01005128	          0.13608766	          0.03344748	          0.28309668	          0.01004822	          0.25787697	          0.01000414	          0.01000225	          0.36599810	          0.38848213	          0.05097812	
          2.03261136	         -8.02711836	          2.52918116	          0.89968956	         -7.52712514	         32.93012430	         -2.55202361	         -9.82781392	          7.56797102	          6.56115064	          0.49535834	          0.08986399	          0.01589179	          0.01902803	          0.02061115	          0.01009967	          0.01000527	          0.01001820	          0.01002632	          0.13909579	          0.02847588	          0.24101180	          0.01007117	          0.25283299	          0.01000478	          0.01000252	          0.35719828	          0.39265758	          0.04339962	
          2.04308874	         -8.01857747	          2.54331668	          0.89879432	         -7.96470314	         32.38083891	         -3.46148309	         -7.80246372	          7.29534915	          6.49934015	          0.59059052	          0.09906074	          0.01354732	          0.01620068	          0.01767387	          0.01448324	          0.01000769	          0.01003608	          0.01005933	          0.14150549	          0.02424320	          0.20518315	          0.01002514	          0.25231764	          0.01001031	          0.01000443	          0.34489755	          0.39242441	          0.03694776	
          2.05356612	         -8.00707139	          2.55779189	          0.89805227	         -8.34452193	         31.75502584	         -4.50316903	         -6.00328498	          6.89975619	          6.41242321	          0.72205974	          0.09278200	          0.01159113	          0.01379375	          0.02273145	          0.01635924	          0.01000721	          0.01008431	          0.01069759	          0.14607520	          0.02063970	          0.17468076	          0.01003374	          0.21487688	          0.01000985	          0.01000412	          0.32897086	          0.38734402	          0.03145505	
          2.06404349	         -7.99206024	          2.57262634	          0.89744423	         -8.66080461	         31.05752934	         -5.68736332	         -4.43871683	          6.37324408	          6.27712571	          0.89231577	          0.09043670	          0.01809810	          0.01174467	          0.02233638	          0.02618494	          0.01000766	          0.01271962	          0.01180159	          0.15420315	          0.01757190	          0.14871285	          0.01000777	          0.18293658	          0.01002114	          0.01000413	          0.30908925	          0.37741367	          0.02677890	
          2.07452087	         -7.97290168	          2.58783328	          0.89693677	         -8.90638230	         30.29433791	         -7.02661134	         -3.11701137	          5.71057472	          6.06480332	          1.10311283	          0.08917400	          0.01557007	          0.01000261	          0.01901864	          0.02230574	          0.01000581	          0.01214160	          0.01634226	          0.16412407	          0.01496029	          0.12660533	          0.01000248	          0.15574179	          0.01907270	          0.01000304	          0.28667111	          0.36247212	          0.02279792	
          2.08499825	         -7.94890596	          2.60341324	          0.89648699	         -9.06420702	         29.47166810	         -8.55070103	         -2.05592591	          4.91089575	          5.74062290	          1.35455047	          0.08555797	          0.01327009	          0.01087352	          0.01619197	          0.01899284	          0.01001738	          0.01132082	          0.02186030	          0.18040806	          0.01273774	          0.10778431	          0.01002084	          0.13258928	          0.01624357	          0.01001036	          0.25679207	          0.34243512	          0.01940877	
