[2026-08-04 18:13:54.134] [info] Loaded model 2D_gait from file C:\GBW_MyPrograms\PredSim\Subjects\gait1018\gait1018.osim
[2026-08-04 18:13:54.135] [warning] Couldn't find file 'r_pelvis.vtp'.
[2026-08-04 18:13:54.135] [warning] Couldn't find file 'l_pelvis.vtp'.
[2026-08-04 18:13:54.136] [warning] Couldn't find file 'sacrum.vtp'.
[2026-08-04 18:13:54.136] [warning] Couldn't find file 'femur_l.vtp'.
[2026-08-04 18:13:54.136] [warning] Couldn't find file 'femur_r.vtp'.
[2026-08-04 18:13:54.137] [warning] Couldn't find file 'tibia_l.vtp'.
[2026-08-04 18:13:54.137] [warning] Couldn't find file 'l_fibula.vtp'.
[2026-08-04 18:13:54.137] [warning] Couldn't find file 'tibia_r.vtp'.
[2026-08-04 18:13:54.137] [warning] Couldn't find file 'r_fibula.vtp'.
[2026-08-04 18:13:54.138] [warning] Couldn't find file 'l_talus.vtp'.
[2026-08-04 18:13:54.138] [warning] Couldn't find file 'r_talus.vtp'.
[2026-08-04 18:13:54.138] [warning] Couldn't find file 'l_foot.vtp'.
[2026-08-04 18:13:54.139] [warning] Couldn't find file 'r_foot.vtp'.
[2026-08-04 18:13:54.139] [warning] Couldn't find file 'l_bofoot.vtp'.
[2026-08-04 18:13:54.139] [warning] Couldn't find file 'r_bofoot.vtp'.
[2026-08-04 18:13:54.139] [warning] Couldn't find file 'hat_spine.vtp'.
[2026-08-04 18:13:54.139] [warning] Couldn't find file 'hat_jaw.vtp'.
[2026-08-04 18:13:54.140] [warning] Couldn't find file 'hat_skull.vtp'.
[2026-08-04 18:13:54.140] [warning] Couldn't find file 'hat_ribs_scap.vtp'.
[2026-08-04 18:13:54.758] [info] Loaded model 2D_gait from file C:\GBW_MyPrograms\PredSim\Subjects\gait1018\gait1018.osim
[2026-08-04 18:13:54.759] [warning] Couldn't find file 'r_pelvis.vtp'.
[2026-08-04 18:13:54.759] [warning] Couldn't find file 'l_pelvis.vtp'.
[2026-08-04 18:13:54.759] [warning] Couldn't find file 'sacrum.vtp'.
[2026-08-04 18:13:54.759] [warning] Couldn't find file 'femur_l.vtp'.
[2026-08-04 18:13:54.759] [warning] Couldn't find file 'femur_r.vtp'.
[2026-08-04 18:13:54.759] [warning] Couldn't find file 'tibia_l.vtp'.
[2026-08-04 18:13:54.759] [warning] Couldn't find file 'l_fibula.vtp'.
[2026-08-04 18:13:54.759] [warning] Couldn't find file 'tibia_r.vtp'.
[2026-08-04 18:13:54.759] [warning] Couldn't find file 'r_fibula.vtp'.
[2026-08-04 18:13:54.759] [warning] Couldn't find file 'l_talus.vtp'.
[2026-08-04 18:13:54.759] [warning] Couldn't find file 'r_talus.vtp'.
[2026-08-04 18:13:54.760] [warning] Couldn't find file 'l_foot.vtp'.
[2026-08-04 18:13:54.760] [warning] Couldn't find file 'r_foot.vtp'.
[2026-08-04 18:13:54.760] [warning] Couldn't find file 'l_bofoot.vtp'.
[2026-08-04 18:13:54.760] [warning] Couldn't find file 'r_bofoot.vtp'.
[2026-08-04 18:13:54.760] [warning] Couldn't find file 'hat_spine.vtp'.
[2026-08-04 18:13:54.760] [warning] Couldn't find file 'hat_jaw.vtp'.
[2026-08-04 18:13:54.760] [warning] Couldn't find file 'hat_skull.vtp'.
[2026-08-04 18:13:54.760] [warning] Couldn't find file 'hat_ribs_scap.vtp'.
[2026-08-04 18:14:39.942] [info] Loaded model 2D_gait from file C:\GBW_MyPrograms\PredSim\Subjects\gait1018\gait1018.osim
[2026-08-04 18:14:39.942] [warning] Couldn't find file 'r_pelvis.vtp'.
[2026-08-04 18:14:39.943] [warning] Couldn't find file 'l_pelvis.vtp'.
[2026-08-04 18:14:39.943] [warning] Couldn't find file 'sacrum.vtp'.
[2026-08-04 18:14:39.943] [warning] Couldn't find file 'femur_l.vtp'.
[2026-08-04 18:14:39.943] [warning] Couldn't find file 'femur_r.vtp'.
[2026-08-04 18:14:39.943] [warning] Couldn't find file 'tibia_l.vtp'.
[2026-08-04 18:14:39.943] [warning] Couldn't find file 'l_fibula.vtp'.
[2026-08-04 18:14:39.943] [warning] Couldn't find file 'tibia_r.vtp'.
[2026-08-04 18:14:39.943] [warning] Couldn't find file 'r_fibula.vtp'.
[2026-08-04 18:14:39.943] [warning] Couldn't find file 'l_talus.vtp'.
[2026-08-04 18:14:39.943] [warning] Couldn't find file 'r_talus.vtp'.
[2026-08-04 18:14:39.943] [warning] Couldn't find file 'l_foot.vtp'.
[2026-08-04 18:14:39.943] [warning] Couldn't find file 'r_foot.vtp'.
[2026-08-04 18:14:39.943] [warning] Couldn't find file 'l_bofoot.vtp'.
[2026-08-04 18:14:39.943] [warning] Couldn't find file 'r_bofoot.vtp'.
[2026-08-04 18:14:39.943] [warning] Couldn't find file 'hat_spine.vtp'.
[2026-08-04 18:14:39.944] [warning] Couldn't find file 'hat_jaw.vtp'.
[2026-08-04 18:14:39.944] [warning] Couldn't find file 'hat_skull.vtp'.
[2026-08-04 18:14:39.944] [warning] Couldn't find file 'hat_ribs_scap.vtp'.
[2026-08-04 18:14:39.965] [info] Loaded model 2D_gait from file C:\GBW_MyPrograms\PredSim\Subjects\gait1018\gait1018.osim
[2026-08-04 18:14:39.966] [warning] Couldn't find file 'r_pelvis.vtp'.
[2026-08-04 18:14:39.966] [warning] Couldn't find file 'l_pelvis.vtp'.
[2026-08-04 18:14:39.966] [warning] Couldn't find file 'sacrum.vtp'.
[2026-08-04 18:14:39.966] [warning] Couldn't find file 'femur_l.vtp'.
[2026-08-04 18:14:39.966] [warning] Couldn't find file 'femur_r.vtp'.
[2026-08-04 18:14:39.966] [warning] Couldn't find file 'tibia_l.vtp'.
[2026-08-04 18:14:39.966] [warning] Couldn't find file 'l_fibula.vtp'.
[2026-08-04 18:14:39.966] [warning] Couldn't find file 'tibia_r.vtp'.
[2026-08-04 18:14:39.966] [warning] Couldn't find file 'r_fibula.vtp'.
[2026-08-04 18:14:39.966] [warning] Couldn't find file 'l_talus.vtp'.
[2026-08-04 18:14:39.966] [warning] Couldn't find file 'r_talus.vtp'.
[2026-08-04 18:14:39.966] [warning] Couldn't find file 'l_foot.vtp'.
[2026-08-04 18:14:39.966] [warning] Couldn't find file 'r_foot.vtp'.
[2026-08-04 18:14:39.967] [warning] Couldn't find file 'l_bofoot.vtp'.
[2026-08-04 18:14:39.967] [warning] Couldn't find file 'r_bofoot.vtp'.
[2026-08-04 18:14:39.967] [warning] Couldn't find file 'hat_spine.vtp'.
[2026-08-04 18:14:39.967] [warning] Couldn't find file 'hat_jaw.vtp'.
[2026-08-04 18:14:39.967] [warning] Couldn't find file 'hat_skull.vtp'.
[2026-08-04 18:14:39.967] [warning] Couldn't find file 'hat_ribs_scap.vtp'.
[2026-08-04 18:14:39.995] [info] Loaded model 2D_gait from file C:\GBW_MyPrograms\PredSim\Subjects\gait1018\gait1018.osim
[2026-08-04 18:14:39.995] [warning] Couldn't find file 'r_pelvis.vtp'.
[2026-08-04 18:14:39.995] [warning] Couldn't find file 'l_pelvis.vtp'.
[2026-08-04 18:14:39.995] [warning] Couldn't find file 'sacrum.vtp'.
[2026-08-04 18:14:39.995] [warning] Couldn't find file 'femur_l.vtp'.
[2026-08-04 18:14:39.995] [warning] Couldn't find file 'femur_r.vtp'.
[2026-08-04 18:14:39.995] [warning] Couldn't find file 'tibia_l.vtp'.
[2026-08-04 18:14:39.995] [warning] Couldn't find file 'l_fibula.vtp'.
[2026-08-04 18:14:39.995] [warning] Couldn't find file 'tibia_r.vtp'.
[2026-08-04 18:14:39.996] [warning] Couldn't find file 'r_fibula.vtp'.
[2026-08-04 18:14:39.996] [warning] Couldn't find file 'l_talus.vtp'.
[2026-08-04 18:14:39.996] [warning] Couldn't find file 'r_talus.vtp'.
[2026-08-04 18:14:39.996] [warning] Couldn't find file 'l_foot.vtp'.
[2026-08-04 18:14:39.996] [warning] Couldn't find file 'r_foot.vtp'.
[2026-08-04 18:14:39.996] [warning] Couldn't find file 'l_bofoot.vtp'.
[2026-08-04 18:14:39.996] [warning] Couldn't find file 'r_bofoot.vtp'.
[2026-08-04 18:14:39.996] [warning] Couldn't find file 'hat_spine.vtp'.
[2026-08-04 18:14:39.996] [warning] Couldn't find file 'hat_jaw.vtp'.
[2026-08-04 18:14:39.996] [warning] Couldn't find file 'hat_skull.vtp'.
[2026-08-04 18:14:39.996] [warning] Couldn't find file 'hat_ribs_scap.vtp'.
[2026-08-04 18:14:40.037] [info] Loaded model 2D_gait from file C:\GBW_MyPrograms\PredSim\Subjects\gait1018\gait1018.osim
[2026-08-04 18:14:40.037] [warning] Couldn't find file 'r_pelvis.vtp'.
[2026-08-04 18:14:40.037] [warning] Couldn't find file 'l_pelvis.vtp'.
[2026-08-04 18:14:40.037] [warning] Couldn't find file 'sacrum.vtp'.
[2026-08-04 18:14:40.037] [warning] Couldn't find file 'femur_l.vtp'.
[2026-08-04 18:14:40.037] [warning] Couldn't find file 'femur_r.vtp'.
[2026-08-04 18:14:40.038] [warning] Couldn't find file 'tibia_l.vtp'.
[2026-08-04 18:14:40.038] [warning] Couldn't find file 'l_fibula.vtp'.
[2026-08-04 18:14:40.038] [warning] Couldn't find file 'tibia_r.vtp'.
[2026-08-04 18:14:40.038] [warning] Couldn't find file 'r_fibula.vtp'.
[2026-08-04 18:14:40.038] [warning] Couldn't find file 'l_talus.vtp'.
[2026-08-04 18:14:40.038] [warning] Couldn't find file 'r_talus.vtp'.
[2026-08-04 18:14:40.038] [warning] Couldn't find file 'l_foot.vtp'.
[2026-08-04 18:14:40.038] [warning] Couldn't find file 'r_foot.vtp'.
[2026-08-04 18:14:40.038] [warning] Couldn't find file 'l_bofoot.vtp'.
[2026-08-04 18:14:40.038] [warning] Couldn't find file 'r_bofoot.vtp'.
[2026-08-04 18:14:40.038] [warning] Couldn't find file 'hat_spine.vtp'.
[2026-08-04 18:14:40.038] [warning] Couldn't find file 'hat_jaw.vtp'.
[2026-08-04 18:14:40.038] [warning] Couldn't find file 'hat_skull.vtp'.
[2026-08-04 18:14:40.038] [warning] Couldn't find file 'hat_ribs_scap.vtp'.
[2026-08-04 18:18:46.931] [info] Loaded model 2D_gait from file C:\GBW_MyPrograms\PredSim\Subjects\gait1018\gait1018.osim
[2026-08-04 18:18:46.932] [warning] Couldn't find file 'r_pelvis.vtp'.
[2026-08-04 18:18:46.932] [warning] Couldn't find file 'l_pelvis.vtp'.
[2026-08-04 18:18:46.933] [warning] Couldn't find file 'sacrum.vtp'.
[2026-08-04 18:18:46.933] [warning] Couldn't find file 'femur_l.vtp'.
[2026-08-04 18:18:46.933] [warning] Couldn't find file 'femur_r.vtp'.
[2026-08-04 18:18:46.933] [warning] Couldn't find file 'tibia_l.vtp'.
[2026-08-04 18:18:46.933] [warning] Couldn't find file 'l_fibula.vtp'.
[2026-08-04 18:18:46.933] [warning] Couldn't find file 'tibia_r.vtp'.
[2026-08-04 18:18:46.933] [warning] Couldn't find file 'r_fibula.vtp'.
[2026-08-04 18:18:46.934] [warning] Couldn't find file 'l_talus.vtp'.
[2026-08-04 18:18:46.934] [warning] Couldn't find file 'r_talus.vtp'.
[2026-08-04 18:18:46.934] [warning] Couldn't find file 'l_foot.vtp'.
[2026-08-04 18:18:46.934] [warning] Couldn't find file 'r_foot.vtp'.
[2026-08-04 18:18:46.934] [warning] Couldn't find file 'l_bofoot.vtp'.
[2026-08-04 18:18:46.934] [warning] Couldn't find file 'r_bofoot.vtp'.
[2026-08-04 18:18:46.934] [warning] Couldn't find file 'hat_spine.vtp'.
[2026-08-04 18:18:46.934] [warning] Couldn't find file 'hat_jaw.vtp'.
[2026-08-04 18:18:46.934] [warning] Couldn't find file 'hat_skull.vtp'.
[2026-08-04 18:18:46.934] [warning] Couldn't find file 'hat_ribs_scap.vtp'.
[2026-08-04 18:18:46.990] [info] Loaded model 2D_gait from file C:\GBW_MyPrograms\PredSim\Subjects\gait1018\gait1018.osim
[2026-08-04 18:18:46.990] [warning] Couldn't find file 'r_pelvis.vtp'.
[2026-08-04 18:18:46.990] [warning] Couldn't find file 'l_pelvis.vtp'.
[2026-08-04 18:18:46.991] [warning] Couldn't find file 'sacrum.vtp'.
[2026-08-04 18:18:46.991] [warning] Couldn't find file 'femur_l.vtp'.
[2026-08-04 18:18:46.991] [warning] Couldn't find file 'femur_r.vtp'.
[2026-08-04 18:18:46.991] [warning] Couldn't find file 'tibia_l.vtp'.
[2026-08-04 18:18:46.991] [warning] Couldn't find file 'l_fibula.vtp'.
[2026-08-04 18:18:46.991] [warning] Couldn't find file 'tibia_r.vtp'.
[2026-08-04 18:18:46.991] [warning] Couldn't find file 'r_fibula.vtp'.
[2026-08-04 18:18:46.991] [warning] Couldn't find file 'l_talus.vtp'.
[2026-08-04 18:18:46.991] [warning] Couldn't find file 'r_talus.vtp'.
[2026-08-04 18:18:46.991] [warning] Couldn't find file 'l_foot.vtp'.
[2026-08-04 18:18:46.992] [warning] Couldn't find file 'r_foot.vtp'.
[2026-08-04 18:18:46.992] [warning] Couldn't find file 'l_bofoot.vtp'.
[2026-08-04 18:18:46.992] [warning] Couldn't find file 'r_bofoot.vtp'.
[2026-08-04 18:18:46.992] [warning] Couldn't find file 'hat_spine.vtp'.
[2026-08-04 18:18:46.992] [warning] Couldn't find file 'hat_jaw.vtp'.
[2026-08-04 18:18:46.992] [warning] Couldn't find file 'hat_skull.vtp'.
[2026-08-04 18:18:46.992] [warning] Couldn't find file 'hat_ribs_scap.vtp'.
[2026-08-04 18:18:47.007] [info] Loaded model 2D_gait from file C:\GBW_MyPrograms\PredSim\Subjects\gait1018\gait1018.osim
[2026-08-04 18:18:47.007] [warning] Couldn't find file 'r_pelvis.vtp'.
[2026-08-04 18:18:47.008] [warning] Couldn't find file 'l_pelvis.vtp'.
[2026-08-04 18:18:47.008] [warning] Couldn't find file 'sacrum.vtp'.
[2026-08-04 18:18:47.008] [warning] Couldn't find file 'femur_l.vtp'.
[2026-08-04 18:18:47.008] [warning] Couldn't find file 'femur_r.vtp'.
[2026-08-04 18:18:47.008] [warning] Couldn't find file 'tibia_l.vtp'.
[2026-08-04 18:18:47.008] [warning] Couldn't find file 'l_fibula.vtp'.
[2026-08-04 18:18:47.008] [warning] Couldn't find file 'tibia_r.vtp'.
[2026-08-04 18:18:47.008] [warning] Couldn't find file 'r_fibula.vtp'.
[2026-08-04 18:18:47.008] [warning] Couldn't find file 'l_talus.vtp'.
[2026-08-04 18:18:47.008] [warning] Couldn't find file 'r_talus.vtp'.
[2026-08-04 18:18:47.008] [warning] Couldn't find file 'l_foot.vtp'.
[2026-08-04 18:18:47.008] [warning] Couldn't find file 'r_foot.vtp'.
[2026-08-04 18:18:47.008] [warning] Couldn't find file 'l_bofoot.vtp'.
[2026-08-04 18:18:47.008] [warning] Couldn't find file 'r_bofoot.vtp'.
[2026-08-04 18:18:47.009] [warning] Couldn't find file 'hat_spine.vtp'.
[2026-08-04 18:18:47.009] [warning] Couldn't find file 'hat_jaw.vtp'.
[2026-08-04 18:18:47.009] [warning] Couldn't find file 'hat_skull.vtp'.
[2026-08-04 18:18:47.009] [warning] Couldn't find file 'hat_ribs_scap.vtp'.
[2026-08-04 18:18:47.029] [info] Loaded model 2D_gait from file C:\GBW_MyPrograms\PredSim\Subjects\gait1018\gait1018.osim
[2026-08-04 18:18:47.029] [warning] Couldn't find file 'r_pelvis.vtp'.
[2026-08-04 18:18:47.029] [warning] Couldn't find file 'l_pelvis.vtp'.
[2026-08-04 18:18:47.029] [warning] Couldn't find file 'sacrum.vtp'.
[2026-08-04 18:18:47.029] [warning] Couldn't find file 'femur_l.vtp'.
[2026-08-04 18:18:47.029] [warning] Couldn't find file 'femur_r.vtp'.
[2026-08-04 18:18:47.029] [warning] Couldn't find file 'tibia_l.vtp'.
[2026-08-04 18:18:47.030] [warning] Couldn't find file 'l_fibula.vtp'.
[2026-08-04 18:18:47.030] [warning] Couldn't find file 'tibia_r.vtp'.
[2026-08-04 18:18:47.030] [warning] Couldn't find file 'r_fibula.vtp'.
[2026-08-04 18:18:47.030] [warning] Couldn't find file 'l_talus.vtp'.
[2026-08-04 18:18:47.030] [warning] Couldn't find file 'r_talus.vtp'.
[2026-08-04 18:18:47.030] [warning] Couldn't find file 'l_foot.vtp'.
[2026-08-04 18:18:47.031] [warning] Couldn't find file 'r_foot.vtp'.
[2026-08-04 18:18:47.031] [warning] Couldn't find file 'l_bofoot.vtp'.
[2026-08-04 18:18:47.031] [warning] Couldn't find file 'r_bofoot.vtp'.
[2026-08-04 18:18:47.031] [warning] Couldn't find file 'hat_spine.vtp'.
[2026-08-04 18:18:47.031] [warning] Couldn't find file 'hat_jaw.vtp'.
[2026-08-04 18:18:47.031] [warning] Couldn't find file 'hat_skull.vtp'.
[2026-08-04 18:18:47.031] [warning] Couldn't find file 'hat_ribs_scap.vtp'.
[2026-08-04 18:18:47.048] [info] Loaded model 2D_gait from file C:\GBW_MyPrograms\PredSim\Subjects\gait1018\gait1018.osim
[2026-08-04 18:18:47.049] [warning] Couldn't find file 'r_pelvis.vtp'.
[2026-08-04 18:18:47.049] [warning] Couldn't find file 'l_pelvis.vtp'.
[2026-08-04 18:18:47.049] [warning] Couldn't find file 'sacrum.vtp'.
[2026-08-04 18:18:47.049] [warning] Couldn't find file 'femur_l.vtp'.
[2026-08-04 18:18:47.049] [warning] Couldn't find file 'femur_r.vtp'.
[2026-08-04 18:18:47.049] [warning] Couldn't find file 'tibia_l.vtp'.
[2026-08-04 18:18:47.049] [warning] Couldn't find file 'l_fibula.vtp'.
[2026-08-04 18:18:47.049] [warning] Couldn't find file 'tibia_r.vtp'.
[2026-08-04 18:18:47.049] [warning] Couldn't find file 'r_fibula.vtp'.
[2026-08-04 18:18:47.049] [warning] Couldn't find file 'l_talus.vtp'.
[2026-08-04 18:18:47.049] [warning] Couldn't find file 'r_talus.vtp'.
[2026-08-04 18:18:47.049] [warning] Couldn't find file 'l_foot.vtp'.
[2026-08-04 18:18:47.049] [warning] Couldn't find file 'r_foot.vtp'.
[2026-08-04 18:18:47.049] [warning] Couldn't find file 'l_bofoot.vtp'.
[2026-08-04 18:18:47.049] [warning] Couldn't find file 'r_bofoot.vtp'.
[2026-08-04 18:18:47.050] [warning] Couldn't find file 'hat_spine.vtp'.
[2026-08-04 18:18:47.050] [warning] Couldn't find file 'hat_jaw.vtp'.
[2026-08-04 18:18:47.050] [warning] Couldn't find file 'hat_skull.vtp'.
[2026-08-04 18:18:47.050] [warning] Couldn't find file 'hat_ribs_scap.vtp'.
[2026-08-04 18:18:47.292] [info] Loaded model 2D_gait from file C:\GBW_MyPrograms\PredSim\Subjects\gait1018\gait1018.osim
[2026-08-04 18:18:47.293] [warning] Couldn't find file 'r_pelvis.vtp'.
[2026-08-04 18:18:47.293] [warning] Couldn't find file 'l_pelvis.vtp'.
[2026-08-04 18:18:47.293] [warning] Couldn't find file 'sacrum.vtp'.
[2026-08-04 18:18:47.293] [warning] Couldn't find file 'femur_l.vtp'.
[2026-08-04 18:18:47.293] [warning] Couldn't find file 'femur_r.vtp'.
[2026-08-04 18:18:47.293] [warning] Couldn't find file 'tibia_l.vtp'.
[2026-08-04 18:18:47.293] [warning] Couldn't find file 'l_fibula.vtp'.
[2026-08-04 18:18:47.293] [warning] Couldn't find file 'tibia_r.vtp'.
[2026-08-04 18:18:47.293] [warning] Couldn't find file 'r_fibula.vtp'.
[2026-08-04 18:18:47.293] [warning] Couldn't find file 'l_talus.vtp'.
[2026-08-04 18:18:47.293] [warning] Couldn't find file 'r_talus.vtp'.
[2026-08-04 18:18:47.293] [warning] Couldn't find file 'l_foot.vtp'.
[2026-08-04 18:18:47.294] [warning] Couldn't find file 'r_foot.vtp'.
[2026-08-04 18:18:47.294] [warning] Couldn't find file 'l_bofoot.vtp'.
[2026-08-04 18:18:47.294] [warning] Couldn't find file 'r_bofoot.vtp'.
[2026-08-04 18:18:47.294] [warning] Couldn't find file 'hat_spine.vtp'.
[2026-08-04 18:18:47.294] [warning] Couldn't find file 'hat_jaw.vtp'.
[2026-08-04 18:18:47.294] [warning] Couldn't find file 'hat_skull.vtp'.
[2026-08-04 18:18:47.294] [warning] Couldn't find file 'hat_ribs_scap.vtp'.
[2026-08-04 18:18:47.377] [info] Loaded model 2D_gait from file C:\GBW_MyPrograms\PredSim\Subjects\gait1018\gait1018.osim
[2026-08-04 18:18:47.377] [warning] Couldn't find file 'r_pelvis.vtp'.
[2026-08-04 18:18:47.377] [warning] Couldn't find file 'l_pelvis.vtp'.
[2026-08-04 18:18:47.377] [warning] Couldn't find file 'sacrum.vtp'.
[2026-08-04 18:18:47.377] [warning] Couldn't find file 'femur_l.vtp'.
[2026-08-04 18:18:47.377] [warning] Couldn't find file 'femur_r.vtp'.
[2026-08-04 18:18:47.377] [warning] Couldn't find file 'tibia_l.vtp'.
[2026-08-04 18:18:47.377] [warning] Couldn't find file 'l_fibula.vtp'.
[2026-08-04 18:18:47.378] [warning] Couldn't find file 'tibia_r.vtp'.
[2026-08-04 18:18:47.378] [warning] Couldn't find file 'r_fibula.vtp'.
[2026-08-04 18:18:47.378] [warning] Couldn't find file 'l_talus.vtp'.
[2026-08-04 18:18:47.378] [warning] Couldn't find file 'r_talus.vtp'.
[2026-08-04 18:18:47.378] [warning] Couldn't find file 'l_foot.vtp'.
[2026-08-04 18:18:47.378] [warning] Couldn't find file 'r_foot.vtp'.
[2026-08-04 18:18:47.379] [warning] Couldn't find file 'l_bofoot.vtp'.
[2026-08-04 18:18:47.379] [warning] Couldn't find file 'r_bofoot.vtp'.
[2026-08-04 18:18:47.379] [warning] Couldn't find file 'hat_spine.vtp'.
[2026-08-04 18:18:47.379] [warning] Couldn't find file 'hat_jaw.vtp'.
[2026-08-04 18:18:47.379] [warning] Couldn't find file 'hat_skull.vtp'.
[2026-08-04 18:18:47.379] [warning] Couldn't find file 'hat_ribs_scap.vtp'.
[2026-08-04 18:18:51.720] [info] Loaded model 2D_gait from file C:\GBW_MyPrograms\PredSim\Subjects\gait1018\gait1018.osim
[2026-08-04 18:18:51.720] [warning] Couldn't find file 'r_pelvis.vtp'.
[2026-08-04 18:18:51.720] [warning] Couldn't find file 'l_pelvis.vtp'.
[2026-08-04 18:18:51.720] [warning] Couldn't find file 'sacrum.vtp'.
[2026-08-04 18:18:51.720] [warning] Couldn't find file 'femur_l.vtp'.
[2026-08-04 18:18:51.721] [warning] Couldn't find file 'femur_r.vtp'.
[2026-08-04 18:18:51.721] [warning] Couldn't find file 'tibia_l.vtp'.
[2026-08-04 18:18:51.721] [warning] Couldn't find file 'l_fibula.vtp'.
[2026-08-04 18:18:51.721] [warning] Couldn't find file 'tibia_r.vtp'.
[2026-08-04 18:18:51.721] [warning] Couldn't find file 'r_fibula.vtp'.
[2026-08-04 18:18:51.721] [warning] Couldn't find file 'l_talus.vtp'.
[2026-08-04 18:18:51.721] [warning] Couldn't find file 'r_talus.vtp'.
[2026-08-04 18:18:51.721] [warning] Couldn't find file 'l_foot.vtp'.
[2026-08-04 18:18:51.721] [warning] Couldn't find file 'r_foot.vtp'.
[2026-08-04 18:18:51.721] [warning] Couldn't find file 'l_bofoot.vtp'.
[2026-08-04 18:18:51.721] [warning] Couldn't find file 'r_bofoot.vtp'.
[2026-08-04 18:18:51.721] [warning] Couldn't find file 'hat_spine.vtp'.
[2026-08-04 18:18:51.721] [warning] Couldn't find file 'hat_jaw.vtp'.
[2026-08-04 18:18:51.721] [warning] Couldn't find file 'hat_skull.vtp'.
[2026-08-04 18:18:51.721] [warning] Couldn't find file 'hat_ribs_scap.vtp'.
[2026-08-04 18:18:52.159] [info] Loaded model 2D_gait from file C:\GBW_MyPrograms\PredSim\Subjects\gait1018\gait1018.osim
[2026-08-04 18:18:52.159] [warning] Couldn't find file 'r_pelvis.vtp'.
[2026-08-04 18:18:52.159] [warning] Couldn't find file 'l_pelvis.vtp'.
[2026-08-04 18:18:52.159] [warning] Couldn't find file 'sacrum.vtp'.
[2026-08-04 18:18:52.160] [warning] Couldn't find file 'femur_l.vtp'.
[2026-08-04 18:18:52.160] [warning] Couldn't find file 'femur_r.vtp'.
[2026-08-04 18:18:52.160] [warning] Couldn't find file 'tibia_l.vtp'.
[2026-08-04 18:18:52.160] [warning] Couldn't find file 'l_fibula.vtp'.
[2026-08-04 18:18:52.160] [warning] Couldn't find file 'tibia_r.vtp'.
[2026-08-04 18:18:52.160] [warning] Couldn't find file 'r_fibula.vtp'.
[2026-08-04 18:18:52.160] [warning] Couldn't find file 'l_talus.vtp'.
[2026-08-04 18:18:52.160] [warning] Couldn't find file 'r_talus.vtp'.
[2026-08-04 18:18:52.160] [warning] Couldn't find file 'l_foot.vtp'.
[2026-08-04 18:18:52.160] [warning] Couldn't find file 'r_foot.vtp'.
[2026-08-04 18:18:52.160] [warning] Couldn't find file 'l_bofoot.vtp'.
[2026-08-04 18:18:52.160] [warning] Couldn't find file 'r_bofoot.vtp'.
[2026-08-04 18:18:52.160] [warning] Couldn't find file 'hat_spine.vtp'.
[2026-08-04 18:18:52.160] [warning] Couldn't find file 'hat_jaw.vtp'.
[2026-08-04 18:18:52.160] [warning] Couldn't find file 'hat_skull.vtp'.
[2026-08-04 18:18:52.160] [warning] Couldn't find file 'hat_ribs_scap.vtp'.
[2026-08-04 18:18:52.831] [info] Loaded model 2D_gait from file C:\GBW_MyPrograms\PredSim\Subjects\gait1018\gait1018.osim
[2026-08-04 18:18:52.831] [warning] Couldn't find file 'r_pelvis.vtp'.
[2026-08-04 18:18:52.831] [warning] Couldn't find file 'l_pelvis.vtp'.
[2026-08-04 18:18:52.831] [warning] Couldn't find file 'sacrum.vtp'.
[2026-08-04 18:18:52.831] [warning] Couldn't find file 'femur_l.vtp'.
[2026-08-04 18:18:52.831] [warning] Couldn't find file 'femur_r.vtp'.
[2026-08-04 18:18:52.831] [warning] Couldn't find file 'tibia_l.vtp'.
[2026-08-04 18:18:52.831] [warning] Couldn't find file 'l_fibula.vtp'.
[2026-08-04 18:18:52.832] [warning] Couldn't find file 'tibia_r.vtp'.
[2026-08-04 18:18:52.832] [warning] Couldn't find file 'r_fibula.vtp'.
[2026-08-04 18:18:52.832] [warning] Couldn't find file 'l_talus.vtp'.
[2026-08-04 18:18:52.832] [warning] Couldn't find file 'r_talus.vtp'.
[2026-08-04 18:18:52.832] [warning] Couldn't find file 'l_foot.vtp'.
[2026-08-04 18:18:52.832] [warning] Couldn't find file 'r_foot.vtp'.
[2026-08-04 18:18:52.832] [warning] Couldn't find file 'l_bofoot.vtp'.
[2026-08-04 18:18:52.832] [warning] Couldn't find file 'r_bofoot.vtp'.
[2026-08-04 18:18:52.832] [warning] Couldn't find file 'hat_spine.vtp'.
[2026-08-04 18:18:52.832] [warning] Couldn't find file 'hat_jaw.vtp'.
[2026-08-04 18:18:52.832] [warning] Couldn't find file 'hat_skull.vtp'.
[2026-08-04 18:18:52.832] [warning] Couldn't find file 'hat_ribs_scap.vtp'.
[2026-08-04 18:18:53.220] [info] Loaded model 2D_gait from file C:\GBW_MyPrograms\PredSim\Subjects\gait1018\gait1018.osim
[2026-08-04 18:18:53.221] [warning] Couldn't find file 'r_pelvis.vtp'.
[2026-08-04 18:18:53.221] [warning] Couldn't find file 'l_pelvis.vtp'.
[2026-08-04 18:18:53.221] [warning] Couldn't find file 'sacrum.vtp'.
[2026-08-04 18:18:53.221] [warning] Couldn't find file 'femur_l.vtp'.
[2026-08-04 18:18:53.221] [warning] Couldn't find file 'femur_r.vtp'.
[2026-08-04 18:18:53.221] [warning] Couldn't find file 'tibia_l.vtp'.
[2026-08-04 18:18:53.221] [warning] Couldn't find file 'l_fibula.vtp'.
[2026-08-04 18:18:53.221] [warning] Couldn't find file 'tibia_r.vtp'.
[2026-08-04 18:18:53.221] [warning] Couldn't find file 'r_fibula.vtp'.
[2026-08-04 18:18:53.221] [warning] Couldn't find file 'l_talus.vtp'.
[2026-08-04 18:18:53.221] [warning] Couldn't find file 'r_talus.vtp'.
[2026-08-04 18:18:53.221] [warning] Couldn't find file 'l_foot.vtp'.
[2026-08-04 18:18:53.221] [warning] Couldn't find file 'r_foot.vtp'.
[2026-08-04 18:18:53.221] [warning] Couldn't find file 'l_bofoot.vtp'.
[2026-08-04 18:18:53.222] [warning] Couldn't find file 'r_bofoot.vtp'.
[2026-08-04 18:18:53.222] [warning] Couldn't find file 'hat_spine.vtp'.
[2026-08-04 18:18:53.222] [warning] Couldn't find file 'hat_jaw.vtp'.
[2026-08-04 18:18:53.222] [warning] Couldn't find file 'hat_skull.vtp'.
[2026-08-04 18:18:53.222] [warning] Couldn't find file 'hat_ribs_scap.vtp'.
[2026-08-04 18:22:50.806] [info] Loaded model 2D_gait from file C:\GBW_MyPrograms\PredSim\Subjects\gait1018\gait1018.osim
[2026-08-04 18:22:50.806] [warning] Couldn't find file 'r_pelvis.vtp'.
[2026-08-04 18:22:50.807] [warning] Couldn't find file 'l_pelvis.vtp'.
[2026-08-04 18:22:50.807] [warning] Couldn't find file 'sacrum.vtp'.
[2026-08-04 18:22:50.807] [warning] Couldn't find file 'femur_l.vtp'.
[2026-08-04 18:22:50.807] [warning] Couldn't find file 'femur_r.vtp'.
[2026-08-04 18:22:50.807] [warning] Couldn't find file 'tibia_l.vtp'.
[2026-08-04 18:22:50.807] [warning] Couldn't find file 'l_fibula.vtp'.
[2026-08-04 18:22:50.807] [warning] Couldn't find file 'tibia_r.vtp'.
[2026-08-04 18:22:50.807] [warning] Couldn't find file 'r_fibula.vtp'.
[2026-08-04 18:22:50.807] [warning] Couldn't find file 'l_talus.vtp'.
[2026-08-04 18:22:50.807] [warning] Couldn't find file 'r_talus.vtp'.
[2026-08-04 18:22:50.807] [warning] Couldn't find file 'l_foot.vtp'.
[2026-08-04 18:22:50.807] [warning] Couldn't find file 'r_foot.vtp'.
[2026-08-04 18:22:50.807] [warning] Couldn't find file 'l_bofoot.vtp'.
[2026-08-04 18:22:50.807] [warning] Couldn't find file 'r_bofoot.vtp'.
[2026-08-04 18:22:50.808] [warning] Couldn't find file 'hat_spine.vtp'.
[2026-08-04 18:22:50.808] [warning] Couldn't find file 'hat_jaw.vtp'.
[2026-08-04 18:22:50.808] [warning] Couldn't find file 'hat_skull.vtp'.
[2026-08-04 18:22:50.808] [warning] Couldn't find file 'hat_ribs_scap.vtp'.
[2026-08-04 18:22:50.836] [info] Loaded model 2D_gait from file C:\GBW_MyPrograms\PredSim\Subjects\gait1018\gait1018.osim
[2026-08-04 18:22:50.836] [warning] Couldn't find file 'r_pelvis.vtp'.
[2026-08-04 18:22:50.836] [warning] Couldn't find file 'l_pelvis.vtp'.
[2026-08-04 18:22:50.836] [warning] Couldn't find file 'sacrum.vtp'.
[2026-08-04 18:22:50.836] [warning] Couldn't find file 'femur_l.vtp'.
[2026-08-04 18:22:50.837] [warning] Couldn't find file 'femur_r.vtp'.
[2026-08-04 18:22:50.837] [warning] Couldn't find file 'tibia_l.vtp'.
[2026-08-04 18:22:50.837] [warning] Couldn't find file 'l_fibula.vtp'.
[2026-08-04 18:22:50.837] [warning] Couldn't find file 'tibia_r.vtp'.
[2026-08-04 18:22:50.837] [warning] Couldn't find file 'r_fibula.vtp'.
[2026-08-04 18:22:50.837] [warning] Couldn't find file 'l_talus.vtp'.
[2026-08-04 18:22:50.837] [warning] Couldn't find file 'r_talus.vtp'.
[2026-08-04 18:22:50.837] [warning] Couldn't find file 'l_foot.vtp'.
[2026-08-04 18:22:50.837] [warning] Couldn't find file 'r_foot.vtp'.
[2026-08-04 18:22:50.837] [warning] Couldn't find file 'l_bofoot.vtp'.
[2026-08-04 18:22:50.837] [warning] Couldn't find file 'r_bofoot.vtp'.
[2026-08-04 18:22:50.837] [warning] Couldn't find file 'hat_spine.vtp'.
[2026-08-04 18:22:50.837] [warning] Couldn't find file 'hat_jaw.vtp'.
[2026-08-04 18:22:50.837] [warning] Couldn't find file 'hat_skull.vtp'.
[2026-08-04 18:22:50.837] [warning] Couldn't find file 'hat_ribs_scap.vtp'.
[2026-08-04 18:22:50.856] [info] Loaded model 2D_gait from file C:\GBW_MyPrograms\PredSim\Subjects\gait1018\gait1018.osim
[2026-08-04 18:22:50.856] [warning] Couldn't find file 'r_pelvis.vtp'.
[2026-08-04 18:22:50.856] [warning] Couldn't find file 'l_pelvis.vtp'.
[2026-08-04 18:22:50.856] [warning] Couldn't find file 'sacrum.vtp'.
[2026-08-04 18:22:50.856] [warning] Couldn't find file 'femur_l.vtp'.
[2026-08-04 18:22:50.856] [warning] Couldn't find file 'femur_r.vtp'.
[2026-08-04 18:22:50.856] [warning] Couldn't find file 'tibia_l.vtp'.
[2026-08-04 18:22:50.856] [warning] Couldn't find file 'l_fibula.vtp'.
[2026-08-04 18:22:50.856] [warning] Couldn't find file 'tibia_r.vtp'.
[2026-08-04 18:22:50.856] [warning] Couldn't find file 'r_fibula.vtp'.
[2026-08-04 18:22:50.856] [warning] Couldn't find file 'l_talus.vtp'.
[2026-08-04 18:22:50.857] [warning] Couldn't find file 'r_talus.vtp'.
[2026-08-04 18:22:50.857] [warning] Couldn't find file 'l_foot.vtp'.
[2026-08-04 18:22:50.857] [warning] Couldn't find file 'r_foot.vtp'.
[2026-08-04 18:22:50.857] [warning] Couldn't find file 'l_bofoot.vtp'.
[2026-08-04 18:22:50.857] [warning] Couldn't find file 'r_bofoot.vtp'.
[2026-08-04 18:22:50.857] [warning] Couldn't find file 'hat_spine.vtp'.
[2026-08-04 18:22:50.857] [warning] Couldn't find file 'hat_jaw.vtp'.
[2026-08-04 18:22:50.857] [warning] Couldn't find file 'hat_skull.vtp'.
[2026-08-04 18:22:50.857] [warning] Couldn't find file 'hat_ribs_scap.vtp'.
[2026-08-04 18:22:50.876] [info] Loaded model 2D_gait from file C:\GBW_MyPrograms\PredSim\Subjects\gait1018\gait1018.osim
[2026-08-04 18:22:50.876] [warning] Couldn't find file 'r_pelvis.vtp'.
[2026-08-04 18:22:50.876] [warning] Couldn't find file 'l_pelvis.vtp'.
[2026-08-04 18:22:50.877] [warning] Couldn't find file 'sacrum.vtp'.
[2026-08-04 18:22:50.877] [warning] Couldn't find file 'femur_l.vtp'.
[2026-08-04 18:22:50.877] [warning] Couldn't find file 'femur_r.vtp'.
[2026-08-04 18:22:50.877] [warning] Couldn't find file 'tibia_l.vtp'.
[2026-08-04 18:22:50.877] [warning] Couldn't find file 'l_fibula.vtp'.
[2026-08-04 18:22:50.877] [warning] Couldn't find file 'tibia_r.vtp'.
[2026-08-04 18:22:50.877] [warning] Couldn't find file 'r_fibula.vtp'.
[2026-08-04 18:22:50.877] [warning] Couldn't find file 'l_talus.vtp'.
[2026-08-04 18:22:50.877] [warning] Couldn't find file 'r_talus.vtp'.
[2026-08-04 18:22:50.877] [warning] Couldn't find file 'l_foot.vtp'.
[2026-08-04 18:22:50.877] [warning] Couldn't find file 'r_foot.vtp'.
[2026-08-04 18:22:50.877] [warning] Couldn't find file 'l_bofoot.vtp'.
[2026-08-04 18:22:50.877] [warning] Couldn't find file 'r_bofoot.vtp'.
[2026-08-04 18:22:50.877] [warning] Couldn't find file 'hat_spine.vtp'.
[2026-08-04 18:22:50.878] [warning] Couldn't find file 'hat_jaw.vtp'.
[2026-08-04 18:22:50.878] [warning] Couldn't find file 'hat_skull.vtp'.
[2026-08-04 18:22:50.878] [warning] Couldn't find file 'hat_ribs_scap.vtp'.
[2026-08-04 18:22:50.893] [info] Loaded model 2D_gait from file C:\GBW_MyPrograms\PredSim\Subjects\gait1018\gait1018.osim
[2026-08-04 18:22:50.893] [warning] Couldn't find file 'r_pelvis.vtp'.
[2026-08-04 18:22:50.893] [warning] Couldn't find file 'l_pelvis.vtp'.
[2026-08-04 18:22:50.893] [warning] Couldn't find file 'sacrum.vtp'.
[2026-08-04 18:22:50.894] [warning] Couldn't find file 'femur_l.vtp'.
[2026-08-04 18:22:50.894] [warning] Couldn't find file 'femur_r.vtp'.
[2026-08-04 18:22:50.894] [warning] Couldn't find file 'tibia_l.vtp'.
[2026-08-04 18:22:50.894] [warning] Couldn't find file 'l_fibula.vtp'.
[2026-08-04 18:22:50.894] [warning] Couldn't find file 'tibia_r.vtp'.
[2026-08-04 18:22:50.894] [warning] Couldn't find file 'r_fibula.vtp'.
[2026-08-04 18:22:50.894] [warning] Couldn't find file 'l_talus.vtp'.
[2026-08-04 18:22:50.894] [warning] Couldn't find file 'r_talus.vtp'.
[2026-08-04 18:22:50.894] [warning] Couldn't find file 'l_foot.vtp'.
[2026-08-04 18:22:50.895] [warning] Couldn't find file 'r_foot.vtp'.
[2026-08-04 18:22:50.895] [warning] Couldn't find file 'l_bofoot.vtp'.
[2026-08-04 18:22:50.895] [warning] Couldn't find file 'r_bofoot.vtp'.
[2026-08-04 18:22:50.895] [warning] Couldn't find file 'hat_spine.vtp'.
[2026-08-04 18:22:50.895] [warning] Couldn't find file 'hat_jaw.vtp'.
[2026-08-04 18:22:50.895] [warning] Couldn't find file 'hat_skull.vtp'.
[2026-08-04 18:22:50.895] [warning] Couldn't find file 'hat_ribs_scap.vtp'.
[2026-08-04 18:22:51.032] [info] Loaded model 2D_gait from file C:\GBW_MyPrograms\PredSim\Subjects\gait1018\gait1018.osim
[2026-08-04 18:22:51.032] [warning] Couldn't find file 'r_pelvis.vtp'.
[2026-08-04 18:22:51.032] [warning] Couldn't find file 'l_pelvis.vtp'.
[2026-08-04 18:22:51.032] [warning] Couldn't find file 'sacrum.vtp'.
[2026-08-04 18:22:51.032] [warning] Couldn't find file 'femur_l.vtp'.
[2026-08-04 18:22:51.032] [warning] Couldn't find file 'femur_r.vtp'.
[2026-08-04 18:22:51.033] [warning] Couldn't find file 'tibia_l.vtp'.
[2026-08-04 18:22:51.033] [warning] Couldn't find file 'l_fibula.vtp'.
[2026-08-04 18:22:51.033] [warning] Couldn't find file 'tibia_r.vtp'.
[2026-08-04 18:22:51.033] [warning] Couldn't find file 'r_fibula.vtp'.
[2026-08-04 18:22:51.033] [warning] Couldn't find file 'l_talus.vtp'.
[2026-08-04 18:22:51.033] [warning] Couldn't find file 'r_talus.vtp'.
[2026-08-04 18:22:51.033] [warning] Couldn't find file 'l_foot.vtp'.
[2026-08-04 18:22:51.033] [warning] Couldn't find file 'r_foot.vtp'.
[2026-08-04 18:22:51.033] [warning] Couldn't find file 'l_bofoot.vtp'.
[2026-08-04 18:22:51.033] [warning] Couldn't find file 'r_bofoot.vtp'.
[2026-08-04 18:22:51.033] [warning] Couldn't find file 'hat_spine.vtp'.
[2026-08-04 18:22:51.033] [warning] Couldn't find file 'hat_jaw.vtp'.
[2026-08-04 18:22:51.033] [warning] Couldn't find file 'hat_skull.vtp'.
[2026-08-04 18:22:51.033] [warning] Couldn't find file 'hat_ribs_scap.vtp'.
[2026-08-04 18:22:51.059] [info] Loaded model 2D_gait from file C:\GBW_MyPrograms\PredSim\Subjects\gait1018\gait1018.osim
[2026-08-04 18:22:51.059] [warning] Couldn't find file 'r_pelvis.vtp'.
[2026-08-04 18:22:51.059] [warning] Couldn't find file 'l_pelvis.vtp'.
[2026-08-04 18:22:51.059] [warning] Couldn't find file 'sacrum.vtp'.
[2026-08-04 18:22:51.059] [warning] Couldn't find file 'femur_l.vtp'.
[2026-08-04 18:22:51.059] [warning] Couldn't find file 'femur_r.vtp'.
[2026-08-04 18:22:51.059] [warning] Couldn't find file 'tibia_l.vtp'.
[2026-08-04 18:22:51.059] [warning] Couldn't find file 'l_fibula.vtp'.
[2026-08-04 18:22:51.059] [warning] Couldn't find file 'tibia_r.vtp'.
[2026-08-04 18:22:51.059] [warning] Couldn't find file 'r_fibula.vtp'.
[2026-08-04 18:22:51.059] [warning] Couldn't find file 'l_talus.vtp'.
[2026-08-04 18:22:51.060] [warning] Couldn't find file 'r_talus.vtp'.
[2026-08-04 18:22:51.060] [warning] Couldn't find file 'l_foot.vtp'.
[2026-08-04 18:22:51.060] [warning] Couldn't find file 'r_foot.vtp'.
[2026-08-04 18:22:51.060] [warning] Couldn't find file 'l_bofoot.vtp'.
[2026-08-04 18:22:51.060] [warning] Couldn't find file 'r_bofoot.vtp'.
[2026-08-04 18:22:51.060] [warning] Couldn't find file 'hat_spine.vtp'.
[2026-08-04 18:22:51.060] [warning] Couldn't find file 'hat_jaw.vtp'.
[2026-08-04 18:22:51.060] [warning] Couldn't find file 'hat_skull.vtp'.
[2026-08-04 18:22:51.060] [warning] Couldn't find file 'hat_ribs_scap.vtp'.
[2026-08-04 18:22:51.237] [info] Loaded model 2D_gait from file C:\GBW_MyPrograms\PredSim\Subjects\gait1018\gait1018.osim
[2026-08-04 18:22:51.237] [warning] Couldn't find file 'r_pelvis.vtp'.
[2026-08-04 18:22:51.237] [warning] Couldn't find file 'l_pelvis.vtp'.
[2026-08-04 18:22:51.237] [warning] Couldn't find file 'sacrum.vtp'.
[2026-08-04 18:22:51.237] [warning] Couldn't find file 'femur_l.vtp'.
[2026-08-04 18:22:51.237] [warning] Couldn't find file 'femur_r.vtp'.
[2026-08-04 18:22:51.237] [warning] Couldn't find file 'tibia_l.vtp'.
[2026-08-04 18:22:51.237] [warning] Couldn't find file 'l_fibula.vtp'.
[2026-08-04 18:22:51.237] [warning] Couldn't find file 'tibia_r.vtp'.
[2026-08-04 18:22:51.237] [warning] Couldn't find file 'r_fibula.vtp'.
[2026-08-04 18:22:51.238] [warning] Couldn't find file 'l_talus.vtp'.
[2026-08-04 18:22:51.238] [warning] Couldn't find file 'r_talus.vtp'.
[2026-08-04 18:22:51.238] [warning] Couldn't find file 'l_foot.vtp'.
[2026-08-04 18:22:51.238] [warning] Couldn't find file 'r_foot.vtp'.
[2026-08-04 18:22:51.238] [warning] Couldn't find file 'l_bofoot.vtp'.
[2026-08-04 18:22:51.238] [warning] Couldn't find file 'r_bofoot.vtp'.
[2026-08-04 18:22:51.238] [warning] Couldn't find file 'hat_spine.vtp'.
[2026-08-04 18:22:51.238] [warning] Couldn't find file 'hat_jaw.vtp'.
[2026-08-04 18:22:51.238] [warning] Couldn't find file 'hat_skull.vtp'.
[2026-08-04 18:22:51.238] [warning] Couldn't find file 'hat_ribs_scap.vtp'.
[2026-08-04 18:22:51.266] [info] Loaded model 2D_gait from file C:\GBW_MyPrograms\PredSim\Subjects\gait1018\gait1018.osim
[2026-08-04 18:22:51.267] [warning] Couldn't find file 'r_pelvis.vtp'.
[2026-08-04 18:22:51.267] [warning] Couldn't find file 'l_pelvis.vtp'.
[2026-08-04 18:22:51.267] [warning] Couldn't find file 'sacrum.vtp'.
[2026-08-04 18:22:51.267] [warning] Couldn't find file 'femur_l.vtp'.
[2026-08-04 18:22:51.267] [warning] Couldn't find file 'femur_r.vtp'.
[2026-08-04 18:22:51.267] [warning] Couldn't find file 'tibia_l.vtp'.
[2026-08-04 18:22:51.267] [warning] Couldn't find file 'l_fibula.vtp'.
[2026-08-04 18:22:51.267] [warning] Couldn't find file 'tibia_r.vtp'.
[2026-08-04 18:22:51.267] [warning] Couldn't find file 'r_fibula.vtp'.
[2026-08-04 18:22:51.268] [warning] Couldn't find file 'l_talus.vtp'.
[2026-08-04 18:22:51.268] [warning] Couldn't find file 'r_talus.vtp'.
[2026-08-04 18:22:51.268] [warning] Couldn't find file 'l_foot.vtp'.
[2026-08-04 18:22:51.268] [warning] Couldn't find file 'r_foot.vtp'.
[2026-08-04 18:22:51.268] [warning] Couldn't find file 'l_bofoot.vtp'.
[2026-08-04 18:22:51.268] [warning] Couldn't find file 'r_bofoot.vtp'.
[2026-08-04 18:22:51.268] [warning] Couldn't find file 'hat_spine.vtp'.
[2026-08-04 18:22:51.268] [warning] Couldn't find file 'hat_jaw.vtp'.
[2026-08-04 18:22:51.268] [warning] Couldn't find file 'hat_skull.vtp'.
[2026-08-04 18:22:51.268] [warning] Couldn't find file 'hat_ribs_scap.vtp'.
[2026-08-04 18:22:51.543] [info] Loaded model 2D_gait from file C:\GBW_MyPrograms\PredSim\Subjects\gait1018\gait1018.osim
[2026-08-04 18:22:51.543] [warning] Couldn't find file 'r_pelvis.vtp'.
[2026-08-04 18:22:51.544] [warning] Couldn't find file 'l_pelvis.vtp'.
[2026-08-04 18:22:51.544] [warning] Couldn't find file 'sacrum.vtp'.
[2026-08-04 18:22:51.544] [warning] Couldn't find file 'femur_l.vtp'.
[2026-08-04 18:22:51.544] [warning] Couldn't find file 'femur_r.vtp'.
[2026-08-04 18:22:51.544] [warning] Couldn't find file 'tibia_l.vtp'.
[2026-08-04 18:22:51.544] [warning] Couldn't find file 'l_fibula.vtp'.
[2026-08-04 18:22:51.544] [warning] Couldn't find file 'tibia_r.vtp'.
[2026-08-04 18:22:51.544] [warning] Couldn't find file 'r_fibula.vtp'.
[2026-08-04 18:22:51.544] [warning] Couldn't find file 'l_talus.vtp'.
[2026-08-04 18:22:51.544] [warning] Couldn't find file 'r_talus.vtp'.
[2026-08-04 18:22:51.544] [warning] Couldn't find file 'l_foot.vtp'.
[2026-08-04 18:22:51.544] [warning] Couldn't find file 'r_foot.vtp'.
[2026-08-04 18:22:51.544] [warning] Couldn't find file 'l_bofoot.vtp'.
[2026-08-04 18:22:51.544] [warning] Couldn't find file 'r_bofoot.vtp'.
[2026-08-04 18:22:51.544] [warning] Couldn't find file 'hat_spine.vtp'.
[2026-08-04 18:22:51.545] [warning] Couldn't find file 'hat_jaw.vtp'.
[2026-08-04 18:22:51.545] [warning] Couldn't find file 'hat_skull.vtp'.
[2026-08-04 18:22:51.545] [warning] Couldn't find file 'hat_ribs_scap.vtp'.
[2026-08-04 18:22:51.587] [info] Loaded model 2D_gait from file C:\GBW_MyPrograms\PredSim\Subjects\gait1018\gait1018.osim
[2026-08-04 18:22:51.587] [warning] Couldn't find file 'r_pelvis.vtp'.
[2026-08-04 18:22:51.587] [warning] Couldn't find file 'l_pelvis.vtp'.
[2026-08-04 18:22:51.587] [warning] Couldn't find file 'sacrum.vtp'.
[2026-08-04 18:22:51.587] [warning] Couldn't find file 'femur_l.vtp'.
[2026-08-04 18:22:51.587] [warning] Couldn't find file 'femur_r.vtp'.
[2026-08-04 18:22:51.587] [warning] Couldn't find file 'tibia_l.vtp'.
[2026-08-04 18:22:51.588] [warning] Couldn't find file 'l_fibula.vtp'.
[2026-08-04 18:22:51.588] [warning] Couldn't find file 'tibia_r.vtp'.
[2026-08-04 18:22:51.588] [warning] Couldn't find file 'r_fibula.vtp'.
[2026-08-04 18:22:51.588] [warning] Couldn't find file 'l_talus.vtp'.
[2026-08-04 18:22:51.588] [warning] Couldn't find file 'r_talus.vtp'.
[2026-08-04 18:22:51.588] [warning] Couldn't find file 'l_foot.vtp'.
[2026-08-04 18:22:51.588] [warning] Couldn't find file 'r_foot.vtp'.
[2026-08-04 18:22:51.588] [warning] Couldn't find file 'l_bofoot.vtp'.
[2026-08-04 18:22:51.588] [warning] Couldn't find file 'r_bofoot.vtp'.
[2026-08-04 18:22:51.588] [warning] Couldn't find file 'hat_spine.vtp'.
[2026-08-04 18:22:51.588] [warning] Couldn't find file 'hat_jaw.vtp'.
[2026-08-04 18:22:51.588] [warning] Couldn't find file 'hat_skull.vtp'.
[2026-08-04 18:22:51.588] [warning] Couldn't find file 'hat_ribs_scap.vtp'.
[2026-08-04 18:23:17.794] [info] Loaded model 2D_gait from file C:\GBW_MyPrograms\PredSim\Subjects\gait1018\gait1018.osim
[2026-08-04 18:23:17.794] [warning] Couldn't find file 'r_pelvis.vtp'.
[2026-08-04 18:23:17.794] [warning] Couldn't find file 'l_pelvis.vtp'.
[2026-08-04 18:23:17.794] [warning] Couldn't find file 'sacrum.vtp'.
[2026-08-04 18:23:17.795] [warning] Couldn't find file 'femur_l.vtp'.
[2026-08-04 18:23:17.795] [warning] Couldn't find file 'femur_r.vtp'.
[2026-08-04 18:23:17.795] [warning] Couldn't find file 'tibia_l.vtp'.
[2026-08-04 18:23:17.795] [warning] Couldn't find file 'l_fibula.vtp'.
[2026-08-04 18:23:17.795] [warning] Couldn't find file 'tibia_r.vtp'.
[2026-08-04 18:23:17.795] [warning] Couldn't find file 'r_fibula.vtp'.
[2026-08-04 18:23:17.795] [warning] Couldn't find file 'l_talus.vtp'.
[2026-08-04 18:23:17.795] [warning] Couldn't find file 'r_talus.vtp'.
[2026-08-04 18:23:17.795] [warning] Couldn't find file 'l_foot.vtp'.
[2026-08-04 18:23:17.795] [warning] Couldn't find file 'r_foot.vtp'.
[2026-08-04 18:23:17.795] [warning] Couldn't find file 'l_bofoot.vtp'.
[2026-08-04 18:23:17.795] [warning] Couldn't find file 'r_bofoot.vtp'.
[2026-08-04 18:23:17.795] [warning] Couldn't find file 'hat_spine.vtp'.
[2026-08-04 18:23:17.796] [warning] Couldn't find file 'hat_jaw.vtp'.
[2026-08-04 18:23:17.796] [warning] Couldn't find file 'hat_skull.vtp'.
[2026-08-04 18:23:17.796] [warning] Couldn't find file 'hat_ribs_scap.vtp'.
[2026-08-04 18:23:17.810] [info] Loaded model 2D_gait from file C:\GBW_MyPrograms\PredSim\Subjects\gait1018\gait1018.osim
[2026-08-04 18:23:17.811] [warning] Couldn't find file 'r_pelvis.vtp'.
[2026-08-04 18:23:17.811] [warning] Couldn't find file 'l_pelvis.vtp'.
[2026-08-04 18:23:17.811] [warning] Couldn't find file 'sacrum.vtp'.
[2026-08-04 18:23:17.811] [warning] Couldn't find file 'femur_l.vtp'.
[2026-08-04 18:23:17.811] [warning] Couldn't find file 'femur_r.vtp'.
[2026-08-04 18:23:17.811] [warning] Couldn't find file 'tibia_l.vtp'.
[2026-08-04 18:23:17.811] [warning] Couldn't find file 'l_fibula.vtp'.
[2026-08-04 18:23:17.811] [warning] Couldn't find file 'tibia_r.vtp'.
[2026-08-04 18:23:17.811] [warning] Couldn't find file 'r_fibula.vtp'.
[2026-08-04 18:23:17.811] [warning] Couldn't find file 'l_talus.vtp'.
[2026-08-04 18:23:17.811] [warning] Couldn't find file 'r_talus.vtp'.
[2026-08-04 18:23:17.811] [warning] Couldn't find file 'l_foot.vtp'.
[2026-08-04 18:23:17.811] [warning] Couldn't find file 'r_foot.vtp'.
[2026-08-04 18:23:17.811] [warning] Couldn't find file 'l_bofoot.vtp'.
[2026-08-04 18:23:17.811] [warning] Couldn't find file 'r_bofoot.vtp'.
[2026-08-04 18:23:17.812] [warning] Couldn't find file 'hat_spine.vtp'.
[2026-08-04 18:23:17.812] [warning] Couldn't find file 'hat_jaw.vtp'.
[2026-08-04 18:23:17.812] [warning] Couldn't find file 'hat_skull.vtp'.
[2026-08-04 18:23:17.812] [warning] Couldn't find file 'hat_ribs_scap.vtp'.
[2026-08-04 18:23:17.825] [info] Loaded model 2D_gait from file C:\GBW_MyPrograms\PredSim\Subjects\gait1018\gait1018.osim
[2026-08-04 18:23:17.825] [warning] Couldn't find file 'r_pelvis.vtp'.
[2026-08-04 18:23:17.825] [warning] Couldn't find file 'l_pelvis.vtp'.
[2026-08-04 18:23:17.826] [warning] Couldn't find file 'sacrum.vtp'.
[2026-08-04 18:23:17.826] [warning] Couldn't find file 'femur_l.vtp'.
[2026-08-04 18:23:17.826] [warning] Couldn't find file 'femur_r.vtp'.
[2026-08-04 18:23:17.826] [warning] Couldn't find file 'tibia_l.vtp'.
[2026-08-04 18:23:17.826] [warning] Couldn't find file 'l_fibula.vtp'.
[2026-08-04 18:23:17.826] [warning] Couldn't find file 'tibia_r.vtp'.
[2026-08-04 18:23:17.826] [warning] Couldn't find file 'r_fibula.vtp'.
[2026-08-04 18:23:17.826] [warning] Couldn't find file 'l_talus.vtp'.
[2026-08-04 18:23:17.826] [warning] Couldn't find file 'r_talus.vtp'.
[2026-08-04 18:23:17.826] [warning] Couldn't find file 'l_foot.vtp'.
[2026-08-04 18:23:17.826] [warning] Couldn't find file 'r_foot.vtp'.
[2026-08-04 18:23:17.826] [warning] Couldn't find file 'l_bofoot.vtp'.
[2026-08-04 18:23:17.826] [warning] Couldn't find file 'r_bofoot.vtp'.
[2026-08-04 18:23:17.827] [warning] Couldn't find file 'hat_spine.vtp'.
[2026-08-04 18:23:17.827] [warning] Couldn't find file 'hat_jaw.vtp'.
[2026-08-04 18:23:17.827] [warning] Couldn't find file 'hat_skull.vtp'.
[2026-08-04 18:23:17.827] [warning] Couldn't find file 'hat_ribs_scap.vtp'.
[2026-08-04 18:23:17.842] [info] Loaded model 2D_gait from file C:\GBW_MyPrograms\PredSim\Subjects\gait1018\gait1018.osim
[2026-08-04 18:23:17.843] [warning] Couldn't find file 'r_pelvis.vtp'.
[2026-08-04 18:23:17.843] [warning] Couldn't find file 'l_pelvis.vtp'.
[2026-08-04 18:23:17.843] [warning] Couldn't find file 'sacrum.vtp'.
[2026-08-04 18:23:17.843] [warning] Couldn't find file 'femur_l.vtp'.
[2026-08-04 18:23:17.843] [warning] Couldn't find file 'femur_r.vtp'.
[2026-08-04 18:23:17.843] [warning] Couldn't find file 'tibia_l.vtp'.
[2026-08-04 18:23:17.843] [warning] Couldn't find file 'l_fibula.vtp'.
[2026-08-04 18:23:17.843] [warning] Couldn't find file 'tibia_r.vtp'.
[2026-08-04 18:23:17.843] [warning] Couldn't find file 'r_fibula.vtp'.
[2026-08-04 18:23:17.843] [warning] Couldn't find file 'l_talus.vtp'.
[2026-08-04 18:23:17.843] [warning] Couldn't find file 'r_talus.vtp'.
[2026-08-04 18:23:17.843] [warning] Couldn't find file 'l_foot.vtp'.
[2026-08-04 18:23:17.843] [warning] Couldn't find file 'r_foot.vtp'.
[2026-08-04 18:23:17.843] [warning] Couldn't find file 'l_bofoot.vtp'.
[2026-08-04 18:23:17.844] [warning] Couldn't find file 'r_bofoot.vtp'.
[2026-08-04 18:23:17.844] [warning] Couldn't find file 'hat_spine.vtp'.
[2026-08-04 18:23:17.844] [warning] Couldn't find file 'hat_jaw.vtp'.
[2026-08-04 18:23:17.844] [warning] Couldn't find file 'hat_skull.vtp'.
[2026-08-04 18:23:17.844] [warning] Couldn't find file 'hat_ribs_scap.vtp'.
[2026-08-04 18:23:17.856] [info] Loaded model 2D_gait from file C:\GBW_MyPrograms\PredSim\Subjects\gait1018\gait1018.osim
[2026-08-04 18:23:17.857] [warning] Couldn't find file 'r_pelvis.vtp'.
[2026-08-04 18:23:17.857] [warning] Couldn't find file 'l_pelvis.vtp'.
[2026-08-04 18:23:17.857] [warning] Couldn't find file 'sacrum.vtp'.
[2026-08-04 18:23:17.857] [warning] Couldn't find file 'femur_l.vtp'.
[2026-08-04 18:23:17.857] [warning] Couldn't find file 'femur_r.vtp'.
[2026-08-04 18:23:17.857] [warning] Couldn't find file 'tibia_l.vtp'.
[2026-08-04 18:23:17.857] [warning] Couldn't find file 'l_fibula.vtp'.
[2026-08-04 18:23:17.857] [warning] Couldn't find file 'tibia_r.vtp'.
[2026-08-04 18:23:17.857] [warning] Couldn't find file 'r_fibula.vtp'.
[2026-08-04 18:23:17.857] [warning] Couldn't find file 'l_talus.vtp'.
[2026-08-04 18:23:17.857] [warning] Couldn't find file 'r_talus.vtp'.
[2026-08-04 18:23:17.857] [warning] Couldn't find file 'l_foot.vtp'.
[2026-08-04 18:23:17.858] [warning] Couldn't find file 'r_foot.vtp'.
[2026-08-04 18:23:17.858] [warning] Couldn't find file 'l_bofoot.vtp'.
[2026-08-04 18:23:17.858] [warning] Couldn't find file 'r_bofoot.vtp'.
[2026-08-04 18:23:17.858] [warning] Couldn't find file 'hat_spine.vtp'.
[2026-08-04 18:23:17.858] [warning] Couldn't find file 'hat_jaw.vtp'.
[2026-08-04 18:23:17.858] [warning] Couldn't find file 'hat_skull.vtp'.
[2026-08-04 18:23:17.858] [warning] Couldn't find file 'hat_ribs_scap.vtp'.
[2026-08-04 18:23:17.900] [info] Loaded model 2D_gait from file C:\GBW_MyPrograms\PredSim\Subjects\gait1018\gait1018.osim
[2026-08-04 18:23:17.901] [warning] Couldn't find file 'r_pelvis.vtp'.
[2026-08-04 18:23:17.901] [warning] Couldn't find file 'l_pelvis.vtp'.
[2026-08-04 18:23:17.901] [warning] Couldn't find file 'sacrum.vtp'.
[2026-08-04 18:23:17.901] [warning] Couldn't find file 'femur_l.vtp'.
[2026-08-04 18:23:17.901] [warning] Couldn't find file 'femur_r.vtp'.
[2026-08-04 18:23:17.901] [warning] Couldn't find file 'tibia_l.vtp'.
[2026-08-04 18:23:17.901] [warning] Couldn't find file 'l_fibula.vtp'.
[2026-08-04 18:23:17.901] [warning] Couldn't find file 'tibia_r.vtp'.
[2026-08-04 18:23:17.901] [warning] Couldn't find file 'r_fibula.vtp'.
[2026-08-04 18:23:17.901] [warning] Couldn't find file 'l_talus.vtp'.
[2026-08-04 18:23:17.901] [warning] Couldn't find file 'r_talus.vtp'.
[2026-08-04 18:23:17.901] [warning] Couldn't find file 'l_foot.vtp'.
[2026-08-04 18:23:17.902] [warning] Couldn't find file 'r_foot.vtp'.
[2026-08-04 18:23:17.902] [warning] Couldn't find file 'l_bofoot.vtp'.
[2026-08-04 18:23:17.902] [warning] Couldn't find file 'r_bofoot.vtp'.
[2026-08-04 18:23:17.902] [warning] Couldn't find file 'hat_spine.vtp'.
[2026-08-04 18:23:17.902] [warning] Couldn't find file 'hat_jaw.vtp'.
[2026-08-04 18:23:17.902] [warning] Couldn't find file 'hat_skull.vtp'.
[2026-08-04 18:23:17.902] [warning] Couldn't find file 'hat_ribs_scap.vtp'.
[2026-08-04 18:23:17.919] [info] Loaded model 2D_gait from file C:\GBW_MyPrograms\PredSim\Subjects\gait1018\gait1018.osim
[2026-08-04 18:23:17.919] [warning] Couldn't find file 'r_pelvis.vtp'.
[2026-08-04 18:23:17.919] [warning] Couldn't find file 'l_pelvis.vtp'.
[2026-08-04 18:23:17.919] [warning] Couldn't find file 'sacrum.vtp'.
[2026-08-04 18:23:17.919] [warning] Couldn't find file 'femur_l.vtp'.
[2026-08-04 18:23:17.919] [warning] Couldn't find file 'femur_r.vtp'.
[2026-08-04 18:23:17.919] [warning] Couldn't find file 'tibia_l.vtp'.
[2026-08-04 18:23:17.919] [warning] Couldn't find file 'l_fibula.vtp'.
[2026-08-04 18:23:17.919] [warning] Couldn't find file 'tibia_r.vtp'.
[2026-08-04 18:23:17.919] [warning] Couldn't find file 'r_fibula.vtp'.
[2026-08-04 18:23:17.919] [warning] Couldn't find file 'l_talus.vtp'.
[2026-08-04 18:23:17.920] [warning] Couldn't find file 'r_talus.vtp'.
[2026-08-04 18:23:17.920] [warning] Couldn't find file 'l_foot.vtp'.
[2026-08-04 18:23:17.920] [warning] Couldn't find file 'r_foot.vtp'.
[2026-08-04 18:23:17.920] [warning] Couldn't find file 'l_bofoot.vtp'.
[2026-08-04 18:23:17.920] [warning] Couldn't find file 'r_bofoot.vtp'.
[2026-08-04 18:23:17.920] [warning] Couldn't find file 'hat_spine.vtp'.
[2026-08-04 18:23:17.920] [warning] Couldn't find file 'hat_jaw.vtp'.
[2026-08-04 18:23:17.920] [warning] Couldn't find file 'hat_skull.vtp'.
[2026-08-04 18:23:17.920] [warning] Couldn't find file 'hat_ribs_scap.vtp'.
[2026-08-04 18:23:18.178] [info] Loaded model 2D_gait from file C:\GBW_MyPrograms\PredSim\Subjects\gait1018\gait1018.osim
[2026-08-04 18:23:18.178] [warning] Couldn't find file 'r_pelvis.vtp'.
[2026-08-04 18:23:18.178] [warning] Couldn't find file 'l_pelvis.vtp'.
[2026-08-04 18:23:18.178] [warning] Couldn't find file 'sacrum.vtp'.
[2026-08-04 18:23:18.178] [warning] Couldn't find file 'femur_l.vtp'.
[2026-08-04 18:23:18.178] [warning] Couldn't find file 'femur_r.vtp'.
[2026-08-04 18:23:18.178] [warning] Couldn't find file 'tibia_l.vtp'.
[2026-08-04 18:23:18.178] [warning] Couldn't find file 'l_fibula.vtp'.
[2026-08-04 18:23:18.178] [warning] Couldn't find file 'tibia_r.vtp'.
[2026-08-04 18:23:18.179] [warning] Couldn't find file 'r_fibula.vtp'.
[2026-08-04 18:23:18.179] [warning] Couldn't find file 'l_talus.vtp'.
[2026-08-04 18:23:18.179] [warning] Couldn't find file 'r_talus.vtp'.
[2026-08-04 18:23:18.179] [warning] Couldn't find file 'l_foot.vtp'.
[2026-08-04 18:23:18.179] [warning] Couldn't find file 'r_foot.vtp'.
[2026-08-04 18:23:18.179] [warning] Couldn't find file 'l_bofoot.vtp'.
[2026-08-04 18:23:18.179] [warning] Couldn't find file 'r_bofoot.vtp'.
[2026-08-04 18:23:18.179] [warning] Couldn't find file 'hat_spine.vtp'.
[2026-08-04 18:23:18.179] [warning] Couldn't find file 'hat_jaw.vtp'.
[2026-08-04 18:23:18.179] [warning] Couldn't find file 'hat_skull.vtp'.
[2026-08-04 18:23:18.179] [warning] Couldn't find file 'hat_ribs_scap.vtp'.
[2026-08-04 18:23:18.194] [info] Loaded model 2D_gait from file C:\GBW_MyPrograms\PredSim\Subjects\gait1018\gait1018.osim
[2026-08-04 18:23:18.194] [warning] Couldn't find file 'r_pelvis.vtp'.
[2026-08-04 18:23:18.194] [warning] Couldn't find file 'l_pelvis.vtp'.
[2026-08-04 18:23:18.195] [warning] Couldn't find file 'sacrum.vtp'.
[2026-08-04 18:23:18.195] [warning] Couldn't find file 'femur_l.vtp'.
[2026-08-04 18:23:18.195] [warning] Couldn't find file 'femur_r.vtp'.
[2026-08-04 18:23:18.195] [warning] Couldn't find file 'tibia_l.vtp'.
[2026-08-04 18:23:18.195] [warning] Couldn't find file 'l_fibula.vtp'.
[2026-08-04 18:23:18.195] [warning] Couldn't find file 'tibia_r.vtp'.
[2026-08-04 18:23:18.195] [warning] Couldn't find file 'r_fibula.vtp'.
[2026-08-04 18:23:18.195] [warning] Couldn't find file 'l_talus.vtp'.
[2026-08-04 18:23:18.195] [warning] Couldn't find file 'r_talus.vtp'.
[2026-08-04 18:23:18.195] [warning] Couldn't find file 'l_foot.vtp'.
[2026-08-04 18:23:18.195] [warning] Couldn't find file 'r_foot.vtp'.
[2026-08-04 18:23:18.195] [warning] Couldn't find file 'l_bofoot.vtp'.
[2026-08-04 18:23:18.195] [warning] Couldn't find file 'r_bofoot.vtp'.
[2026-08-04 18:23:18.195] [warning] Couldn't find file 'hat_spine.vtp'.
[2026-08-04 18:23:18.195] [warning] Couldn't find file 'hat_jaw.vtp'.
[2026-08-04 18:23:18.195] [warning] Couldn't find file 'hat_skull.vtp'.
[2026-08-04 18:23:18.196] [warning] Couldn't find file 'hat_ribs_scap.vtp'.
[2026-08-04 18:23:18.375] [info] Loaded model 2D_gait from file C:\GBW_MyPrograms\PredSim\Subjects\gait1018\gait1018.osim
[2026-08-04 18:23:18.376] [warning] Couldn't find file 'r_pelvis.vtp'.
[2026-08-04 18:23:18.376] [warning] Couldn't find file 'l_pelvis.vtp'.
[2026-08-04 18:23:18.376] [warning] Couldn't find file 'sacrum.vtp'.
[2026-08-04 18:23:18.376] [warning] Couldn't find file 'femur_l.vtp'.
[2026-08-04 18:23:18.376] [warning] Couldn't find file 'femur_r.vtp'.
[2026-08-04 18:23:18.376] [warning] Couldn't find file 'tibia_l.vtp'.
[2026-08-04 18:23:18.376] [warning] Couldn't find file 'l_fibula.vtp'.
[2026-08-04 18:23:18.376] [warning] Couldn't find file 'tibia_r.vtp'.
[2026-08-04 18:23:18.376] [warning] Couldn't find file 'r_fibula.vtp'.
[2026-08-04 18:23:18.376] [warning] Couldn't find file 'l_talus.vtp'.
[2026-08-04 18:23:18.376] [warning] Couldn't find file 'r_talus.vtp'.
[2026-08-04 18:23:18.376] [warning] Couldn't find file 'l_foot.vtp'.
[2026-08-04 18:23:18.376] [warning] Couldn't find file 'r_foot.vtp'.
[2026-08-04 18:23:18.376] [warning] Couldn't find file 'l_bofoot.vtp'.
[2026-08-04 18:23:18.377] [warning] Couldn't find file 'r_bofoot.vtp'.
[2026-08-04 18:23:18.377] [warning] Couldn't find file 'hat_spine.vtp'.
[2026-08-04 18:23:18.377] [warning] Couldn't find file 'hat_jaw.vtp'.
[2026-08-04 18:23:18.377] [warning] Couldn't find file 'hat_skull.vtp'.
[2026-08-04 18:23:18.377] [warning] Couldn't find file 'hat_ribs_scap.vtp'.
[2026-08-04 18:23:18.432] [info] Loaded model 2D_gait from file C:\GBW_MyPrograms\PredSim\Subjects\gait1018\gait1018.osim
[2026-08-04 18:23:18.432] [warning] Couldn't find file 'r_pelvis.vtp'.
[2026-08-04 18:23:18.432] [warning] Couldn't find file 'l_pelvis.vtp'.
[2026-08-04 18:23:18.432] [warning] Couldn't find file 'sacrum.vtp'.
[2026-08-04 18:23:18.432] [warning] Couldn't find file 'femur_l.vtp'.
[2026-08-04 18:23:18.432] [warning] Couldn't find file 'femur_r.vtp'.
[2026-08-04 18:23:18.432] [warning] Couldn't find file 'tibia_l.vtp'.
[2026-08-04 18:23:18.432] [warning] Couldn't find file 'l_fibula.vtp'.
[2026-08-04 18:23:18.433] [warning] Couldn't find file 'tibia_r.vtp'.
[2026-08-04 18:23:18.433] [warning] Couldn't find file 'r_fibula.vtp'.
[2026-08-04 18:23:18.433] [warning] Couldn't find file 'l_talus.vtp'.
[2026-08-04 18:23:18.433] [warning] Couldn't find file 'r_talus.vtp'.
[2026-08-04 18:23:18.433] [warning] Couldn't find file 'l_foot.vtp'.
[2026-08-04 18:23:18.433] [warning] Couldn't find file 'r_foot.vtp'.
[2026-08-04 18:23:18.433] [warning] Couldn't find file 'l_bofoot.vtp'.
[2026-08-04 18:23:18.433] [warning] Couldn't find file 'r_bofoot.vtp'.
[2026-08-04 18:23:18.433] [warning] Couldn't find file 'hat_spine.vtp'.
[2026-08-04 18:23:18.433] [warning] Couldn't find file 'hat_jaw.vtp'.
[2026-08-04 18:23:18.433] [warning] Couldn't find file 'hat_skull.vtp'.
[2026-08-04 18:23:18.433] [warning] Couldn't find file 'hat_ribs_scap.vtp'.
[2026-08-04 18:23:51.862] [info] Loaded model 2D_gait from file C:\GBW_MyPrograms\PredSim\Subjects\gait1018\gait1018.osim
[2026-08-04 18:23:51.863] [warning] Couldn't find file 'r_pelvis.vtp'.
[2026-08-04 18:23:51.863] [warning] Couldn't find file 'l_pelvis.vtp'.
[2026-08-04 18:23:51.863] [warning] Couldn't find file 'sacrum.vtp'.
[2026-08-04 18:23:51.864] [warning] Couldn't find file 'femur_l.vtp'.
[2026-08-04 18:23:51.864] [warning] Couldn't find file 'femur_r.vtp'.
[2026-08-04 18:23:51.864] [warning] Couldn't find file 'tibia_l.vtp'.
[2026-08-04 18:23:51.864] [warning] Couldn't find file 'l_fibula.vtp'.
[2026-08-04 18:23:51.864] [warning] Couldn't find file 'tibia_r.vtp'.
[2026-08-04 18:23:51.865] [warning] Couldn't find file 'r_fibula.vtp'.
[2026-08-04 18:23:51.865] [warning] Couldn't find file 'l_talus.vtp'.
[2026-08-04 18:23:51.865] [warning] Couldn't find file 'r_talus.vtp'.
[2026-08-04 18:23:51.865] [warning] Couldn't find file 'l_foot.vtp'.
[2026-08-04 18:23:51.865] [warning] Couldn't find file 'r_foot.vtp'.
[2026-08-04 18:23:51.866] [warning] Couldn't find file 'l_bofoot.vtp'.
[2026-08-04 18:23:51.866] [warning] Couldn't find file 'r_bofoot.vtp'.
[2026-08-04 18:23:51.866] [warning] Couldn't find file 'hat_spine.vtp'.
[2026-08-04 18:23:51.866] [warning] Couldn't find file 'hat_jaw.vtp'.
[2026-08-04 18:23:51.866] [warning] Couldn't find file 'hat_skull.vtp'.
[2026-08-04 18:23:51.866] [warning] Couldn't find file 'hat_ribs_scap.vtp'.
[2026-08-04 18:23:51.894] [info] Loaded model 2D_gait from file C:\GBW_MyPrograms\PredSim\Subjects\gait1018\gait1018.osim
[2026-08-04 18:23:51.894] [warning] Couldn't find file 'r_pelvis.vtp'.
[2026-08-04 18:23:51.894] [warning] Couldn't find file 'l_pelvis.vtp'.
[2026-08-04 18:23:51.894] [warning] Couldn't find file 'sacrum.vtp'.
[2026-08-04 18:23:51.894] [warning] Couldn't find file 'femur_l.vtp'.
[2026-08-04 18:23:51.894] [warning] Couldn't find file 'femur_r.vtp'.
[2026-08-04 18:23:51.894] [warning] Couldn't find file 'tibia_l.vtp'.
[2026-08-04 18:23:51.895] [warning] Couldn't find file 'l_fibula.vtp'.
[2026-08-04 18:23:51.895] [warning] Couldn't find file 'tibia_r.vtp'.
[2026-08-04 18:23:51.895] [warning] Couldn't find file 'r_fibula.vtp'.
[2026-08-04 18:23:51.895] [warning] Couldn't find file 'l_talus.vtp'.
[2026-08-04 18:23:51.895] [warning] Couldn't find file 'r_talus.vtp'.
[2026-08-04 18:23:51.895] [warning] Couldn't find file 'l_foot.vtp'.
[2026-08-04 18:23:51.895] [warning] Couldn't find file 'r_foot.vtp'.
[2026-08-04 18:23:51.895] [warning] Couldn't find file 'l_bofoot.vtp'.
[2026-08-04 18:23:51.895] [warning] Couldn't find file 'r_bofoot.vtp'.
[2026-08-04 18:23:51.895] [warning] Couldn't find file 'hat_spine.vtp'.
[2026-08-04 18:23:51.895] [warning] Couldn't find file 'hat_jaw.vtp'.
[2026-08-04 18:23:51.895] [warning] Couldn't find file 'hat_skull.vtp'.
[2026-08-04 18:23:51.895] [warning] Couldn't find file 'hat_ribs_scap.vtp'.
[2026-08-04 18:23:51.911] [info] Loaded model 2D_gait from file C:\GBW_MyPrograms\PredSim\Subjects\gait1018\gait1018.osim
[2026-08-04 18:23:51.912] [warning] Couldn't find file 'r_pelvis.vtp'.
[2026-08-04 18:23:51.912] [warning] Couldn't find file 'l_pelvis.vtp'.
[2026-08-04 18:23:51.912] [warning] Couldn't find file 'sacrum.vtp'.
[2026-08-04 18:23:51.912] [warning] Couldn't find file 'femur_l.vtp'.
[2026-08-04 18:23:51.912] [warning] Couldn't find file 'femur_r.vtp'.
[2026-08-04 18:23:51.912] [warning] Couldn't find file 'tibia_l.vtp'.
[2026-08-04 18:23:51.912] [warning] Couldn't find file 'l_fibula.vtp'.
[2026-08-04 18:23:51.912] [warning] Couldn't find file 'tibia_r.vtp'.
[2026-08-04 18:23:51.912] [warning] Couldn't find file 'r_fibula.vtp'.
[2026-08-04 18:23:51.912] [warning] Couldn't find file 'l_talus.vtp'.
[2026-08-04 18:23:51.912] [warning] Couldn't find file 'r_talus.vtp'.
[2026-08-04 18:23:51.913] [warning] Couldn't find file 'l_foot.vtp'.
[2026-08-04 18:23:51.913] [warning] Couldn't find file 'r_foot.vtp'.
[2026-08-04 18:23:51.913] [warning] Couldn't find file 'l_bofoot.vtp'.
[2026-08-04 18:23:51.913] [warning] Couldn't find file 'r_bofoot.vtp'.
[2026-08-04 18:23:51.913] [warning] Couldn't find file 'hat_spine.vtp'.
[2026-08-04 18:23:51.913] [warning] Couldn't find file 'hat_jaw.vtp'.
[2026-08-04 18:23:51.913] [warning] Couldn't find file 'hat_skull.vtp'.
[2026-08-04 18:23:51.913] [warning] Couldn't find file 'hat_ribs_scap.vtp'.
[2026-08-04 18:23:51.934] [info] Loaded model 2D_gait from file C:\GBW_MyPrograms\PredSim\Subjects\gait1018\gait1018.osim
[2026-08-04 18:23:51.934] [warning] Couldn't find file 'r_pelvis.vtp'.
[2026-08-04 18:23:51.934] [warning] Couldn't find file 'l_pelvis.vtp'.
[2026-08-04 18:23:51.934] [warning] Couldn't find file 'sacrum.vtp'.
[2026-08-04 18:23:51.935] [warning] Couldn't find file 'femur_l.vtp'.
[2026-08-04 18:23:51.935] [warning] Couldn't find file 'femur_r.vtp'.
[2026-08-04 18:23:51.935] [warning] Couldn't find file 'tibia_l.vtp'.
[2026-08-04 18:23:51.935] [warning] Couldn't find file 'l_fibula.vtp'.
[2026-08-04 18:23:51.935] [warning] Couldn't find file 'tibia_r.vtp'.
[2026-08-04 18:23:51.935] [warning] Couldn't find file 'r_fibula.vtp'.
[2026-08-04 18:23:51.935] [warning] Couldn't find file 'l_talus.vtp'.
[2026-08-04 18:23:51.935] [warning] Couldn't find file 'r_talus.vtp'.
[2026-08-04 18:23:51.935] [warning] Couldn't find file 'l_foot.vtp'.
[2026-08-04 18:23:51.935] [warning] Couldn't find file 'r_foot.vtp'.
[2026-08-04 18:23:51.935] [warning] Couldn't find file 'l_bofoot.vtp'.
[2026-08-04 18:23:51.935] [warning] Couldn't find file 'r_bofoot.vtp'.
[2026-08-04 18:23:51.935] [warning] Couldn't find file 'hat_spine.vtp'.
[2026-08-04 18:23:51.935] [warning] Couldn't find file 'hat_jaw.vtp'.
[2026-08-04 18:23:51.935] [warning] Couldn't find file 'hat_skull.vtp'.
[2026-08-04 18:23:51.936] [warning] Couldn't find file 'hat_ribs_scap.vtp'.
[2026-08-04 18:23:51.953] [info] Loaded model 2D_gait from file C:\GBW_MyPrograms\PredSim\Subjects\gait1018\gait1018.osim
[2026-08-04 18:23:51.953] [warning] Couldn't find file 'r_pelvis.vtp'.
[2026-08-04 18:23:51.953] [warning] Couldn't find file 'l_pelvis.vtp'.
[2026-08-04 18:23:51.953] [warning] Couldn't find file 'sacrum.vtp'.
[2026-08-04 18:23:51.954] [warning] Couldn't find file 'femur_l.vtp'.
[2026-08-04 18:23:51.954] [warning] Couldn't find file 'femur_r.vtp'.
[2026-08-04 18:23:51.954] [warning] Couldn't find file 'tibia_l.vtp'.
[2026-08-04 18:23:51.954] [warning] Couldn't find file 'l_fibula.vtp'.
[2026-08-04 18:23:51.954] [warning] Couldn't find file 'tibia_r.vtp'.
[2026-08-04 18:23:51.954] [warning] Couldn't find file 'r_fibula.vtp'.
[2026-08-04 18:23:51.954] [warning] Couldn't find file 'l_talus.vtp'.
[2026-08-04 18:23:51.954] [warning] Couldn't find file 'r_talus.vtp'.
[2026-08-04 18:23:51.954] [warning] Couldn't find file 'l_foot.vtp'.
[2026-08-04 18:23:51.955] [warning] Couldn't find file 'r_foot.vtp'.
[2026-08-04 18:23:51.955] [warning] Couldn't find file 'l_bofoot.vtp'.
[2026-08-04 18:23:51.955] [warning] Couldn't find file 'r_bofoot.vtp'.
[2026-08-04 18:23:51.955] [warning] Couldn't find file 'hat_spine.vtp'.
[2026-08-04 18:23:51.955] [warning] Couldn't find file 'hat_jaw.vtp'.
[2026-08-04 18:23:51.955] [warning] Couldn't find file 'hat_skull.vtp'.
[2026-08-04 18:23:51.955] [warning] Couldn't find file 'hat_ribs_scap.vtp'.
[2026-08-04 18:23:52.031] [info] Loaded model 2D_gait from file C:\GBW_MyPrograms\PredSim\Subjects\gait1018\gait1018.osim
[2026-08-04 18:23:52.032] [warning] Couldn't find file 'r_pelvis.vtp'.
[2026-08-04 18:23:52.032] [warning] Couldn't find file 'l_pelvis.vtp'.
[2026-08-04 18:23:52.032] [warning] Couldn't find file 'sacrum.vtp'.
[2026-08-04 18:23:52.032] [warning] Couldn't find file 'femur_l.vtp'.
[2026-08-04 18:23:52.032] [warning] Couldn't find file 'femur_r.vtp'.
[2026-08-04 18:23:52.032] [warning] Couldn't find file 'tibia_l.vtp'.
[2026-08-04 18:23:52.033] [warning] Couldn't find file 'l_fibula.vtp'.
[2026-08-04 18:23:52.033] [warning] Couldn't find file 'tibia_r.vtp'.
[2026-08-04 18:23:52.033] [warning] Couldn't find file 'r_fibula.vtp'.
[2026-08-04 18:23:52.033] [warning] Couldn't find file 'l_talus.vtp'.
[2026-08-04 18:23:52.033] [warning] Couldn't find file 'r_talus.vtp'.
[2026-08-04 18:23:52.033] [warning] Couldn't find file 'l_foot.vtp'.
[2026-08-04 18:23:52.033] [warning] Couldn't find file 'r_foot.vtp'.
[2026-08-04 18:23:52.033] [warning] Couldn't find file 'l_bofoot.vtp'.
[2026-08-04 18:23:52.033] [warning] Couldn't find file 'r_bofoot.vtp'.
[2026-08-04 18:23:52.033] [warning] Couldn't find file 'hat_spine.vtp'.
[2026-08-04 18:23:52.033] [warning] Couldn't find file 'hat_jaw.vtp'.
[2026-08-04 18:23:52.033] [warning] Couldn't find file 'hat_skull.vtp'.
[2026-08-04 18:23:52.033] [warning] Couldn't find file 'hat_ribs_scap.vtp'.
[2026-08-04 18:23:52.052] [info] Loaded model 2D_gait from file C:\GBW_MyPrograms\PredSim\Subjects\gait1018\gait1018.osim
[2026-08-04 18:23:52.052] [warning] Couldn't find file 'r_pelvis.vtp'.
[2026-08-04 18:23:52.052] [warning] Couldn't find file 'l_pelvis.vtp'.
[2026-08-04 18:23:52.052] [warning] Couldn't find file 'sacrum.vtp'.
[2026-08-04 18:23:52.052] [warning] Couldn't find file 'femur_l.vtp'.
[2026-08-04 18:23:52.052] [warning] Couldn't find file 'femur_r.vtp'.
[2026-08-04 18:23:52.052] [warning] Couldn't find file 'tibia_l.vtp'.
[2026-08-04 18:23:52.052] [warning] Couldn't find file 'l_fibula.vtp'.
[2026-08-04 18:23:52.052] [warning] Couldn't find file 'tibia_r.vtp'.
[2026-08-04 18:23:52.052] [warning] Couldn't find file 'r_fibula.vtp'.
[2026-08-04 18:23:52.053] [warning] Couldn't find file 'l_talus.vtp'.
[2026-08-04 18:23:52.053] [warning] Couldn't find file 'r_talus.vtp'.
[2026-08-04 18:23:52.053] [warning] Couldn't find file 'l_foot.vtp'.
[2026-08-04 18:23:52.053] [warning] Couldn't find file 'r_foot.vtp'.
[2026-08-04 18:23:52.053] [warning] Couldn't find file 'l_bofoot.vtp'.
[2026-08-04 18:23:52.053] [warning] Couldn't find file 'r_bofoot.vtp'.
[2026-08-04 18:23:52.053] [warning] Couldn't find file 'hat_spine.vtp'.
[2026-08-04 18:23:52.053] [warning] Couldn't find file 'hat_jaw.vtp'.
[2026-08-04 18:23:52.053] [warning] Couldn't find file 'hat_skull.vtp'.
[2026-08-04 18:23:52.053] [warning] Couldn't find file 'hat_ribs_scap.vtp'.
[2026-08-04 18:23:52.084] [info] Loaded model 2D_gait from file C:\GBW_MyPrograms\PredSim\Subjects\gait1018\gait1018.osim
[2026-08-04 18:23:52.084] [warning] Couldn't find file 'r_pelvis.vtp'.
[2026-08-04 18:23:52.084] [warning] Couldn't find file 'l_pelvis.vtp'.
[2026-08-04 18:23:52.084] [warning] Couldn't find file 'sacrum.vtp'.
[2026-08-04 18:23:52.084] [warning] Couldn't find file 'femur_l.vtp'.
[2026-08-04 18:23:52.085] [warning] Couldn't find file 'femur_r.vtp'.
[2026-08-04 18:23:52.085] [warning] Couldn't find file 'tibia_l.vtp'.
[2026-08-04 18:23:52.085] [warning] Couldn't find file 'l_fibula.vtp'.
[2026-08-04 18:23:52.085] [warning] Couldn't find file 'tibia_r.vtp'.
[2026-08-04 18:23:52.085] [warning] Couldn't find file 'r_fibula.vtp'.
[2026-08-04 18:23:52.085] [warning] Couldn't find file 'l_talus.vtp'.
[2026-08-04 18:23:52.085] [warning] Couldn't find file 'r_talus.vtp'.
[2026-08-04 18:23:52.085] [warning] Couldn't find file 'l_foot.vtp'.
[2026-08-04 18:23:52.085] [warning] Couldn't find file 'r_foot.vtp'.
[2026-08-04 18:23:52.085] [warning] Couldn't find file 'l_bofoot.vtp'.
[2026-08-04 18:23:52.085] [warning] Couldn't find file 'r_bofoot.vtp'.
[2026-08-04 18:23:52.085] [warning] Couldn't find file 'hat_spine.vtp'.
[2026-08-04 18:23:52.085] [warning] Couldn't find file 'hat_jaw.vtp'.
[2026-08-04 18:23:52.085] [warning] Couldn't find file 'hat_skull.vtp'.
[2026-08-04 18:23:52.086] [warning] Couldn't find file 'hat_ribs_scap.vtp'.
[2026-08-04 18:23:52.103] [info] Loaded model 2D_gait from file C:\GBW_MyPrograms\PredSim\Subjects\gait1018\gait1018.osim
[2026-08-04 18:23:52.104] [warning] Couldn't find file 'r_pelvis.vtp'.
[2026-08-04 18:23:52.104] [warning] Couldn't find file 'l_pelvis.vtp'.
[2026-08-04 18:23:52.104] [warning] Couldn't find file 'sacrum.vtp'.
[2026-08-04 18:23:52.104] [warning] Couldn't find file 'femur_l.vtp'.
[2026-08-04 18:23:52.104] [warning] Couldn't find file 'femur_r.vtp'.
[2026-08-04 18:23:52.104] [warning] Couldn't find file 'tibia_l.vtp'.
[2026-08-04 18:23:52.104] [warning] Couldn't find file 'l_fibula.vtp'.
[2026-08-04 18:23:52.104] [warning] Couldn't find file 'tibia_r.vtp'.
[2026-08-04 18:23:52.104] [warning] Couldn't find file 'r_fibula.vtp'.
[2026-08-04 18:23:52.104] [warning] Couldn't find file 'l_talus.vtp'.
[2026-08-04 18:23:52.104] [warning] Couldn't find file 'r_talus.vtp'.
[2026-08-04 18:23:52.104] [warning] Couldn't find file 'l_foot.vtp'.
[2026-08-04 18:23:52.104] [warning] Couldn't find file 'r_foot.vtp'.
[2026-08-04 18:23:52.105] [warning] Couldn't find file 'l_bofoot.vtp'.
[2026-08-04 18:23:52.105] [warning] Couldn't find file 'r_bofoot.vtp'.
[2026-08-04 18:23:52.105] [warning] Couldn't find file 'hat_spine.vtp'.
[2026-08-04 18:23:52.105] [warning] Couldn't find file 'hat_jaw.vtp'.
[2026-08-04 18:23:52.105] [warning] Couldn't find file 'hat_skull.vtp'.
[2026-08-04 18:23:52.105] [warning] Couldn't find file 'hat_ribs_scap.vtp'.
[2026-08-04 18:23:52.282] [info] Loaded model 2D_gait from file C:\GBW_MyPrograms\PredSim\Subjects\gait1018\gait1018.osim
[2026-08-04 18:23:52.282] [warning] Couldn't find file 'r_pelvis.vtp'.
[2026-08-04 18:23:52.282] [warning] Couldn't find file 'l_pelvis.vtp'.
[2026-08-04 18:23:52.282] [warning] Couldn't find file 'sacrum.vtp'.
[2026-08-04 18:23:52.283] [warning] Couldn't find file 'femur_l.vtp'.
[2026-08-04 18:23:52.283] [warning] Couldn't find file 'femur_r.vtp'.
[2026-08-04 18:23:52.283] [warning] Couldn't find file 'tibia_l.vtp'.
[2026-08-04 18:23:52.283] [warning] Couldn't find file 'l_fibula.vtp'.
[2026-08-04 18:23:52.283] [warning] Couldn't find file 'tibia_r.vtp'.
[2026-08-04 18:23:52.283] [warning] Couldn't find file 'r_fibula.vtp'.
[2026-08-04 18:23:52.283] [warning] Couldn't find file 'l_talus.vtp'.
[2026-08-04 18:23:52.283] [warning] Couldn't find file 'r_talus.vtp'.
[2026-08-04 18:23:52.283] [warning] Couldn't find file 'l_foot.vtp'.
[2026-08-04 18:23:52.283] [warning] Couldn't find file 'r_foot.vtp'.
[2026-08-04 18:23:52.283] [warning] Couldn't find file 'l_bofoot.vtp'.
[2026-08-04 18:23:52.283] [warning] Couldn't find file 'r_bofoot.vtp'.
[2026-08-04 18:23:52.283] [warning] Couldn't find file 'hat_spine.vtp'.
[2026-08-04 18:23:52.283] [warning] Couldn't find file 'hat_jaw.vtp'.
[2026-08-04 18:23:52.283] [warning] Couldn't find file 'hat_skull.vtp'.
[2026-08-04 18:23:52.284] [warning] Couldn't find file 'hat_ribs_scap.vtp'.
[2026-08-04 18:23:52.305] [info] Loaded model 2D_gait from file C:\GBW_MyPrograms\PredSim\Subjects\gait1018\gait1018.osim
[2026-08-04 18:23:52.305] [warning] Couldn't find file 'r_pelvis.vtp'.
[2026-08-04 18:23:52.305] [warning] Couldn't find file 'l_pelvis.vtp'.
[2026-08-04 18:23:52.305] [warning] Couldn't find file 'sacrum.vtp'.
[2026-08-04 18:23:52.305] [warning] Couldn't find file 'femur_l.vtp'.
[2026-08-04 18:23:52.305] [warning] Couldn't find file 'femur_r.vtp'.
[2026-08-04 18:23:52.305] [warning] Couldn't find file 'tibia_l.vtp'.
[2026-08-04 18:23:52.306] [warning] Couldn't find file 'l_fibula.vtp'.
[2026-08-04 18:23:52.306] [warning] Couldn't find file 'tibia_r.vtp'.
[2026-08-04 18:23:52.306] [warning] Couldn't find file 'r_fibula.vtp'.
[2026-08-04 18:23:52.306] [warning] Couldn't find file 'l_talus.vtp'.
[2026-08-04 18:23:52.306] [warning] Couldn't find file 'r_talus.vtp'.
[2026-08-04 18:23:52.306] [warning] Couldn't find file 'l_foot.vtp'.
[2026-08-04 18:23:52.306] [warning] Couldn't find file 'r_foot.vtp'.
[2026-08-04 18:23:52.306] [warning] Couldn't find file 'l_bofoot.vtp'.
[2026-08-04 18:23:52.306] [warning] Couldn't find file 'r_bofoot.vtp'.
[2026-08-04 18:23:52.306] [warning] Couldn't find file 'hat_spine.vtp'.
[2026-08-04 18:23:52.306] [warning] Couldn't find file 'hat_jaw.vtp'.
[2026-08-04 18:23:52.306] [warning] Couldn't find file 'hat_skull.vtp'.
[2026-08-04 18:23:52.306] [warning] Couldn't find file 'hat_ribs_scap.vtp'.
[2026-08-04 18:26:24.672] [info] Loaded model 2D_gait from file C:\GBW_MyPrograms\PredSim\Subjects\gait1018\gait1018.osim
[2026-08-04 18:26:24.673] [warning] Couldn't find file 'r_pelvis.vtp'.
[2026-08-04 18:26:24.673] [warning] Couldn't find file 'l_pelvis.vtp'.
[2026-08-04 18:26:24.673] [warning] Couldn't find file 'sacrum.vtp'.
[2026-08-04 18:26:24.673] [warning] Couldn't find file 'femur_l.vtp'.
[2026-08-04 18:26:24.673] [warning] Couldn't find file 'femur_r.vtp'.
[2026-08-04 18:26:24.673] [warning] Couldn't find file 'tibia_l.vtp'.
[2026-08-04 18:26:24.673] [warning] Couldn't find file 'l_fibula.vtp'.
[2026-08-04 18:26:24.673] [warning] Couldn't find file 'tibia_r.vtp'.
[2026-08-04 18:26:24.673] [warning] Couldn't find file 'r_fibula.vtp'.
[2026-08-04 18:26:24.673] [warning] Couldn't find file 'l_talus.vtp'.
[2026-08-04 18:26:24.673] [warning] Couldn't find file 'r_talus.vtp'.
[2026-08-04 18:26:24.673] [warning] Couldn't find file 'l_foot.vtp'.
[2026-08-04 18:26:24.673] [warning] Couldn't find file 'r_foot.vtp'.
[2026-08-04 18:26:24.674] [warning] Couldn't find file 'l_bofoot.vtp'.
[2026-08-04 18:26:24.674] [warning] Couldn't find file 'r_bofoot.vtp'.
[2026-08-04 18:26:24.674] [warning] Couldn't find file 'hat_spine.vtp'.
[2026-08-04 18:26:24.674] [warning] Couldn't find file 'hat_jaw.vtp'.
[2026-08-04 18:26:24.674] [warning] Couldn't find file 'hat_skull.vtp'.
[2026-08-04 18:26:24.674] [warning] Couldn't find file 'hat_ribs_scap.vtp'.
[2026-08-04 18:26:24.727] [info] Loaded model 2D_gait from file C:\GBW_MyPrograms\PredSim\Subjects\gait1018\gait1018.osim
[2026-08-04 18:26:24.728] [warning] Couldn't find file 'r_pelvis.vtp'.
[2026-08-04 18:26:24.728] [warning] Couldn't find file 'l_pelvis.vtp'.
[2026-08-04 18:26:24.728] [warning] Couldn't find file 'sacrum.vtp'.
[2026-08-04 18:26:24.728] [warning] Couldn't find file 'femur_l.vtp'.
[2026-08-04 18:26:24.728] [warning] Couldn't find file 'femur_r.vtp'.
[2026-08-04 18:26:24.728] [warning] Couldn't find file 'tibia_l.vtp'.
[2026-08-04 18:26:24.729] [warning] Couldn't find file 'l_fibula.vtp'.
[2026-08-04 18:26:24.729] [warning] Couldn't find file 'tibia_r.vtp'.
[2026-08-04 18:26:24.729] [warning] Couldn't find file 'r_fibula.vtp'.
[2026-08-04 18:26:24.729] [warning] Couldn't find file 'l_talus.vtp'.
[2026-08-04 18:26:24.729] [warning] Couldn't find file 'r_talus.vtp'.
[2026-08-04 18:26:24.729] [warning] Couldn't find file 'l_foot.vtp'.
[2026-08-04 18:26:24.729] [warning] Couldn't find file 'r_foot.vtp'.
[2026-08-04 18:26:24.730] [warning] Couldn't find file 'l_bofoot.vtp'.
[2026-08-04 18:26:24.730] [warning] Couldn't find file 'r_bofoot.vtp'.
[2026-08-04 18:26:24.730] [warning] Couldn't find file 'hat_spine.vtp'.
[2026-08-04 18:26:24.730] [warning] Couldn't find file 'hat_jaw.vtp'.
[2026-08-04 18:26:24.730] [warning] Couldn't find file 'hat_skull.vtp'.
[2026-08-04 18:26:24.730] [warning] Couldn't find file 'hat_ribs_scap.vtp'.
[2026-08-04 18:26:24.753] [info] Loaded model 2D_gait from file C:\GBW_MyPrograms\PredSim\Subjects\gait1018\gait1018.osim
[2026-08-04 18:26:24.753] [warning] Couldn't find file 'r_pelvis.vtp'.
[2026-08-04 18:26:24.753] [warning] Couldn't find file 'l_pelvis.vtp'.
[2026-08-04 18:26:24.754] [warning] Couldn't find file 'sacrum.vtp'.
[2026-08-04 18:26:24.754] [warning] Couldn't find file 'femur_l.vtp'.
[2026-08-04 18:26:24.754] [warning] Couldn't find file 'femur_r.vtp'.
[2026-08-04 18:26:24.754] [warning] Couldn't find file 'tibia_l.vtp'.
[2026-08-04 18:26:24.754] [warning] Couldn't find file 'l_fibula.vtp'.
[2026-08-04 18:26:24.754] [warning] Couldn't find file 'tibia_r.vtp'.
[2026-08-04 18:26:24.754] [warning] Couldn't find file 'r_fibula.vtp'.
[2026-08-04 18:26:24.754] [warning] Couldn't find file 'l_talus.vtp'.
[2026-08-04 18:26:24.754] [warning] Couldn't find file 'r_talus.vtp'.
[2026-08-04 18:26:24.754] [warning] Couldn't find file 'l_foot.vtp'.
[2026-08-04 18:26:24.754] [warning] Couldn't find file 'r_foot.vtp'.
[2026-08-04 18:26:24.755] [warning] Couldn't find file 'l_bofoot.vtp'.
[2026-08-04 18:26:24.755] [warning] Couldn't find file 'r_bofoot.vtp'.
[2026-08-04 18:26:24.755] [warning] Couldn't find file 'hat_spine.vtp'.
[2026-08-04 18:26:24.755] [warning] Couldn't find file 'hat_jaw.vtp'.
[2026-08-04 18:26:24.755] [warning] Couldn't find file 'hat_skull.vtp'.
[2026-08-04 18:26:24.755] [warning] Couldn't find file 'hat_ribs_scap.vtp'.
[2026-08-04 18:26:24.816] [info] Loaded model 2D_gait from file C:\GBW_MyPrograms\PredSim\Subjects\gait1018\gait1018.osim
[2026-08-04 18:26:24.817] [warning] Couldn't find file 'r_pelvis.vtp'.
[2026-08-04 18:26:24.817] [warning] Couldn't find file 'l_pelvis.vtp'.
[2026-08-04 18:26:24.817] [warning] Couldn't find file 'sacrum.vtp'.
[2026-08-04 18:26:24.818] [warning] Couldn't find file 'femur_l.vtp'.
[2026-08-04 18:26:24.818] [warning] Couldn't find file 'femur_r.vtp'.
[2026-08-04 18:26:24.818] [warning] Couldn't find file 'tibia_l.vtp'.
[2026-08-04 18:26:24.818] [warning] Couldn't find file 'l_fibula.vtp'.
[2026-08-04 18:26:24.819] [warning] Couldn't find file 'tibia_r.vtp'.
[2026-08-04 18:26:24.819] [warning] Couldn't find file 'r_fibula.vtp'.
[2026-08-04 18:26:24.819] [warning] Couldn't find file 'l_talus.vtp'.
[2026-08-04 18:26:24.819] [warning] Couldn't find file 'r_talus.vtp'.
[2026-08-04 18:26:24.819] [warning] Couldn't find file 'l_foot.vtp'.
[2026-08-04 18:26:24.820] [warning] Couldn't find file 'r_foot.vtp'.
[2026-08-04 18:26:24.820] [warning] Couldn't find file 'l_bofoot.vtp'.
[2026-08-04 18:26:24.820] [warning] Couldn't find file 'r_bofoot.vtp'.
[2026-08-04 18:26:24.820] [warning] Couldn't find file 'hat_spine.vtp'.
[2026-08-04 18:26:24.820] [warning] Couldn't find file 'hat_jaw.vtp'.
[2026-08-04 18:26:24.820] [warning] Couldn't find file 'hat_skull.vtp'.
[2026-08-04 18:26:24.821] [warning] Couldn't find file 'hat_ribs_scap.vtp'.
[2026-08-04 18:26:24.858] [info] Loaded model 2D_gait from file C:\GBW_MyPrograms\PredSim\Subjects\gait1018\gait1018.osim
[2026-08-04 18:26:24.859] [warning] Couldn't find file 'r_pelvis.vtp'.
[2026-08-04 18:26:24.859] [warning] Couldn't find file 'l_pelvis.vtp'.
[2026-08-04 18:26:24.859] [warning] Couldn't find file 'sacrum.vtp'.
[2026-08-04 18:26:24.859] [warning] Couldn't find file 'femur_l.vtp'.
[2026-08-04 18:26:24.860] [warning] Couldn't find file 'femur_r.vtp'.
[2026-08-04 18:26:24.860] [warning] Couldn't find file 'tibia_l.vtp'.
[2026-08-04 18:26:24.860] [warning] Couldn't find file 'l_fibula.vtp'.
[2026-08-04 18:26:24.860] [warning] Couldn't find file 'tibia_r.vtp'.
[2026-08-04 18:26:24.860] [warning] Couldn't find file 'r_fibula.vtp'.
[2026-08-04 18:26:24.860] [warning] Couldn't find file 'l_talus.vtp'.
[2026-08-04 18:26:24.861] [warning] Couldn't find file 'r_talus.vtp'.
[2026-08-04 18:26:24.861] [warning] Couldn't find file 'l_foot.vtp'.
[2026-08-04 18:26:24.861] [warning] Couldn't find file 'r_foot.vtp'.
[2026-08-04 18:26:24.861] [warning] Couldn't find file 'l_bofoot.vtp'.
[2026-08-04 18:26:24.861] [warning] Couldn't find file 'r_bofoot.vtp'.
[2026-08-04 18:26:24.861] [warning] Couldn't find file 'hat_spine.vtp'.
[2026-08-04 18:26:24.861] [warning] Couldn't find file 'hat_jaw.vtp'.
[2026-08-04 18:26:24.861] [warning] Couldn't find file 'hat_skull.vtp'.
[2026-08-04 18:26:24.861] [warning] Couldn't find file 'hat_ribs_scap.vtp'.
[2026-08-04 18:26:24.940] [info] Loaded model 2D_gait from file C:\GBW_MyPrograms\PredSim\Subjects\gait1018\gait1018.osim
[2026-08-04 18:26:24.940] [warning] Couldn't find file 'r_pelvis.vtp'.
[2026-08-04 18:26:24.940] [warning] Couldn't find file 'l_pelvis.vtp'.
[2026-08-04 18:26:24.940] [warning] Couldn't find file 'sacrum.vtp'.
[2026-08-04 18:26:24.940] [warning] Couldn't find file 'femur_l.vtp'.
[2026-08-04 18:26:24.940] [warning] Couldn't find file 'femur_r.vtp'.
[2026-08-04 18:26:24.941] [warning] Couldn't find file 'tibia_l.vtp'.
[2026-08-04 18:26:24.941] [warning] Couldn't find file 'l_fibula.vtp'.
[2026-08-04 18:26:24.941] [warning] Couldn't find file 'tibia_r.vtp'.
[2026-08-04 18:26:24.941] [warning] Couldn't find file 'r_fibula.vtp'.
[2026-08-04 18:26:24.941] [warning] Couldn't find file 'l_talus.vtp'.
[2026-08-04 18:26:24.941] [warning] Couldn't find file 'r_talus.vtp'.
[2026-08-04 18:26:24.941] [warning] Couldn't find file 'l_foot.vtp'.
[2026-08-04 18:26:24.941] [warning] Couldn't find file 'r_foot.vtp'.
[2026-08-04 18:26:24.941] [warning] Couldn't find file 'l_bofoot.vtp'.
[2026-08-04 18:26:24.941] [warning] Couldn't find file 'r_bofoot.vtp'.
[2026-08-04 18:26:24.941] [warning] Couldn't find file 'hat_spine.vtp'.
[2026-08-04 18:26:24.941] [warning] Couldn't find file 'hat_jaw.vtp'.
[2026-08-04 18:26:24.941] [warning] Couldn't find file 'hat_skull.vtp'.
[2026-08-04 18:26:24.941] [warning] Couldn't find file 'hat_ribs_scap.vtp'.
[2026-08-04 18:26:24.981] [info] Loaded model 2D_gait from file C:\GBW_MyPrograms\PredSim\Subjects\gait1018\gait1018.osim
[2026-08-04 18:26:24.982] [warning] Couldn't find file 'r_pelvis.vtp'.
[2026-08-04 18:26:24.982] [warning] Couldn't find file 'l_pelvis.vtp'.
[2026-08-04 18:26:24.982] [warning] Couldn't find file 'sacrum.vtp'.
[2026-08-04 18:26:24.982] [warning] Couldn't find file 'femur_l.vtp'.
[2026-08-04 18:26:24.982] [warning] Couldn't find file 'femur_r.vtp'.
[2026-08-04 18:26:24.982] [warning] Couldn't find file 'tibia_l.vtp'.
[2026-08-04 18:26:24.982] [warning] Couldn't find file 'l_fibula.vtp'.
[2026-08-04 18:26:24.982] [warning] Couldn't find file 'tibia_r.vtp'.
[2026-08-04 18:26:24.982] [warning] Couldn't find file 'r_fibula.vtp'.
[2026-08-04 18:26:24.983] [warning] Couldn't find file 'l_talus.vtp'.
[2026-08-04 18:26:24.983] [warning] Couldn't find file 'r_talus.vtp'.
[2026-08-04 18:26:24.983] [warning] Couldn't find file 'l_foot.vtp'.
[2026-08-04 18:26:24.983] [warning] Couldn't find file 'r_foot.vtp'.
[2026-08-04 18:26:24.983] [warning] Couldn't find file 'l_bofoot.vtp'.
[2026-08-04 18:26:24.983] [warning] Couldn't find file 'r_bofoot.vtp'.
[2026-08-04 18:26:24.983] [warning] Couldn't find file 'hat_spine.vtp'.
[2026-08-04 18:26:24.983] [warning] Couldn't find file 'hat_jaw.vtp'.
[2026-08-04 18:26:24.983] [warning] Couldn't find file 'hat_skull.vtp'.
[2026-08-04 18:26:24.983] [warning] Couldn't find file 'hat_ribs_scap.vtp'.
[2026-08-04 18:26:25.093] [info] Loaded model 2D_gait from file C:\GBW_MyPrograms\PredSim\Subjects\gait1018\gait1018.osim
[2026-08-04 18:26:25.094] [warning] Couldn't find file 'r_pelvis.vtp'.
[2026-08-04 18:26:25.094] [warning] Couldn't find file 'l_pelvis.vtp'.
[2026-08-04 18:26:25.094] [warning] Couldn't find file 'sacrum.vtp'.
[2026-08-04 18:26:25.094] [warning] Couldn't find file 'femur_l.vtp'.
[2026-08-04 18:26:25.095] [warning] Couldn't find file 'femur_r.vtp'.
[2026-08-04 18:26:25.095] [warning] Couldn't find file 'tibia_l.vtp'.
[2026-08-04 18:26:25.095] [warning] Couldn't find file 'l_fibula.vtp'.
[2026-08-04 18:26:25.095] [warning] Couldn't find file 'tibia_r.vtp'.
[2026-08-04 18:26:25.095] [warning] Couldn't find file 'r_fibula.vtp'.
[2026-08-04 18:26:25.095] [warning] Couldn't find file 'l_talus.vtp'.
[2026-08-04 18:26:25.096] [warning] Couldn't find file 'r_talus.vtp'.
[2026-08-04 18:26:25.096] [warning] Couldn't find file 'l_foot.vtp'.
[2026-08-04 18:26:25.096] [warning] Couldn't find file 'r_foot.vtp'.
[2026-08-04 18:26:25.096] [warning] Couldn't find file 'l_bofoot.vtp'.
[2026-08-04 18:26:25.096] [warning] Couldn't find file 'r_bofoot.vtp'.
[2026-08-04 18:26:25.096] [warning] Couldn't find file 'hat_spine.vtp'.
[2026-08-04 18:26:25.096] [warning] Couldn't find file 'hat_jaw.vtp'.
[2026-08-04 18:26:25.097] [warning] Couldn't find file 'hat_skull.vtp'.
[2026-08-04 18:26:25.097] [warning] Couldn't find file 'hat_ribs_scap.vtp'.
[2026-08-04 18:26:25.134] [info] Loaded model 2D_gait from file C:\GBW_MyPrograms\PredSim\Subjects\gait1018\gait1018.osim
[2026-08-04 18:26:25.135] [warning] Couldn't find file 'r_pelvis.vtp'.
[2026-08-04 18:26:25.135] [warning] Couldn't find file 'l_pelvis.vtp'.
[2026-08-04 18:26:25.135] [warning] Couldn't find file 'sacrum.vtp'.
[2026-08-04 18:26:25.135] [warning] Couldn't find file 'femur_l.vtp'.
[2026-08-04 18:26:25.135] [warning] Couldn't find file 'femur_r.vtp'.
[2026-08-04 18:26:25.135] [warning] Couldn't find file 'tibia_l.vtp'.
[2026-08-04 18:26:25.135] [warning] Couldn't find file 'l_fibula.vtp'.
[2026-08-04 18:26:25.135] [warning] Couldn't find file 'tibia_r.vtp'.
[2026-08-04 18:26:25.136] [warning] Couldn't find file 'r_fibula.vtp'.
[2026-08-04 18:26:25.136] [warning] Couldn't find file 'l_talus.vtp'.
[2026-08-04 18:26:25.136] [warning] Couldn't find file 'r_talus.vtp'.
[2026-08-04 18:26:25.136] [warning] Couldn't find file 'l_foot.vtp'.
[2026-08-04 18:26:25.136] [warning] Couldn't find file 'r_foot.vtp'.
[2026-08-04 18:26:25.136] [warning] Couldn't find file 'l_bofoot.vtp'.
[2026-08-04 18:26:25.136] [warning] Couldn't find file 'r_bofoot.vtp'.
[2026-08-04 18:26:25.136] [warning] Couldn't find file 'hat_spine.vtp'.
[2026-08-04 18:26:25.136] [warning] Couldn't find file 'hat_jaw.vtp'.
[2026-08-04 18:26:25.136] [warning] Couldn't find file 'hat_skull.vtp'.
[2026-08-04 18:26:25.136] [warning] Couldn't find file 'hat_ribs_scap.vtp'.
[2026-08-04 18:26:25.430] [info] Loaded model 2D_gait from file C:\GBW_MyPrograms\PredSim\Subjects\gait1018\gait1018.osim
[2026-08-04 18:26:25.430] [warning] Couldn't find file 'r_pelvis.vtp'.
[2026-08-04 18:26:25.430] [warning] Couldn't find file 'l_pelvis.vtp'.
[2026-08-04 18:26:25.430] [warning] Couldn't find file 'sacrum.vtp'.
[2026-08-04 18:26:25.430] [warning] Couldn't find file 'femur_l.vtp'.
[2026-08-04 18:26:25.431] [warning] Couldn't find file 'femur_r.vtp'.
[2026-08-04 18:26:25.431] [warning] Couldn't find file 'tibia_l.vtp'.
[2026-08-04 18:26:25.431] [warning] Couldn't find file 'l_fibula.vtp'.
[2026-08-04 18:26:25.431] [warning] Couldn't find file 'tibia_r.vtp'.
[2026-08-04 18:26:25.431] [warning] Couldn't find file 'r_fibula.vtp'.
[2026-08-04 18:26:25.431] [warning] Couldn't find file 'l_talus.vtp'.
[2026-08-04 18:26:25.431] [warning] Couldn't find file 'r_talus.vtp'.
[2026-08-04 18:26:25.431] [warning] Couldn't find file 'l_foot.vtp'.
[2026-08-04 18:26:25.431] [warning] Couldn't find file 'r_foot.vtp'.
[2026-08-04 18:26:25.431] [warning] Couldn't find file 'l_bofoot.vtp'.
[2026-08-04 18:26:25.431] [warning] Couldn't find file 'r_bofoot.vtp'.
[2026-08-04 18:26:25.431] [warning] Couldn't find file 'hat_spine.vtp'.
[2026-08-04 18:26:25.431] [warning] Couldn't find file 'hat_jaw.vtp'.
[2026-08-04 18:26:25.431] [warning] Couldn't find file 'hat_skull.vtp'.
[2026-08-04 18:26:25.431] [warning] Couldn't find file 'hat_ribs_scap.vtp'.
[2026-08-04 18:26:25.475] [info] Loaded model 2D_gait from file C:\GBW_MyPrograms\PredSim\Subjects\gait1018\gait1018.osim
[2026-08-04 18:26:25.475] [warning] Couldn't find file 'r_pelvis.vtp'.
[2026-08-04 18:26:25.475] [warning] Couldn't find file 'l_pelvis.vtp'.
[2026-08-04 18:26:25.475] [warning] Couldn't find file 'sacrum.vtp'.
[2026-08-04 18:26:25.475] [warning] Couldn't find file 'femur_l.vtp'.
[2026-08-04 18:26:25.475] [warning] Couldn't find file 'femur_r.vtp'.
[2026-08-04 18:26:25.475] [warning] Couldn't find file 'tibia_l.vtp'.
[2026-08-04 18:26:25.476] [warning] Couldn't find file 'l_fibula.vtp'.
[2026-08-04 18:26:25.476] [warning] Couldn't find file 'tibia_r.vtp'.
[2026-08-04 18:26:25.476] [warning] Couldn't find file 'r_fibula.vtp'.
[2026-08-04 18:26:25.476] [warning] Couldn't find file 'l_talus.vtp'.
[2026-08-04 18:26:25.476] [warning] Couldn't find file 'r_talus.vtp'.
[2026-08-04 18:26:25.476] [warning] Couldn't find file 'l_foot.vtp'.
[2026-08-04 18:26:25.476] [warning] Couldn't find file 'r_foot.vtp'.
[2026-08-04 18:26:25.476] [warning] Couldn't find file 'l_bofoot.vtp'.
[2026-08-04 18:26:25.476] [warning] Couldn't find file 'r_bofoot.vtp'.
[2026-08-04 18:26:25.476] [warning] Couldn't find file 'hat_spine.vtp'.
[2026-08-04 18:26:25.476] [warning] Couldn't find file 'hat_jaw.vtp'.
[2026-08-04 18:26:25.476] [warning] Couldn't find file 'hat_skull.vtp'.
[2026-08-04 18:26:25.476] [warning] Couldn't find file 'hat_ribs_scap.vtp'.
[2026-08-04 18:27:03.111] [info] Loaded model 2D_gait from file C:\GBW_MyPrograms\PredSim\Subjects\gait1018\gait1018.osim
[2026-08-04 18:27:03.111] [warning] Couldn't find file 'r_pelvis.vtp'.
[2026-08-04 18:27:03.111] [warning] Couldn't find file 'l_pelvis.vtp'.
[2026-08-04 18:27:03.111] [warning] Couldn't find file 'sacrum.vtp'.
[2026-08-04 18:27:03.111] [warning] Couldn't find file 'femur_l.vtp'.
[2026-08-04 18:27:03.112] [warning] Couldn't find file 'femur_r.vtp'.
[2026-08-04 18:27:03.112] [warning] Couldn't find file 'tibia_l.vtp'.
[2026-08-04 18:27:03.112] [warning] Couldn't find file 'l_fibula.vtp'.
[2026-08-04 18:27:03.112] [warning] Couldn't find file 'tibia_r.vtp'.
[2026-08-04 18:27:03.112] [warning] Couldn't find file 'r_fibula.vtp'.
[2026-08-04 18:27:03.112] [warning] Couldn't find file 'l_talus.vtp'.
[2026-08-04 18:27:03.112] [warning] Couldn't find file 'r_talus.vtp'.
[2026-08-04 18:27:03.112] [warning] Couldn't find file 'l_foot.vtp'.
[2026-08-04 18:27:03.112] [warning] Couldn't find file 'r_foot.vtp'.
[2026-08-04 18:27:03.112] [warning] Couldn't find file 'l_bofoot.vtp'.
[2026-08-04 18:27:03.112] [warning] Couldn't find file 'r_bofoot.vtp'.
[2026-08-04 18:27:03.112] [warning] Couldn't find file 'hat_spine.vtp'.
[2026-08-04 18:27:03.112] [warning] Couldn't find file 'hat_jaw.vtp'.
[2026-08-04 18:27:03.112] [warning] Couldn't find file 'hat_skull.vtp'.
[2026-08-04 18:27:03.112] [warning] Couldn't find file 'hat_ribs_scap.vtp'.
[2026-08-04 18:27:03.129] [info] Loaded model 2D_gait from file C:\GBW_MyPrograms\PredSim\Subjects\gait1018\gait1018.osim
[2026-08-04 18:27:03.130] [warning] Couldn't find file 'r_pelvis.vtp'.
[2026-08-04 18:27:03.130] [warning] Couldn't find file 'l_pelvis.vtp'.
[2026-08-04 18:27:03.130] [warning] Couldn't find file 'sacrum.vtp'.
[2026-08-04 18:27:03.130] [warning] Couldn't find file 'femur_l.vtp'.
[2026-08-04 18:27:03.130] [warning] Couldn't find file 'femur_r.vtp'.
[2026-08-04 18:27:03.130] [warning] Couldn't find file 'tibia_l.vtp'.
[2026-08-04 18:27:03.130] [warning] Couldn't find file 'l_fibula.vtp'.
[2026-08-04 18:27:03.131] [warning] Couldn't find file 'tibia_r.vtp'.
[2026-08-04 18:27:03.131] [warning] Couldn't find file 'r_fibula.vtp'.
[2026-08-04 18:27:03.131] [warning] Couldn't find file 'l_talus.vtp'.
[2026-08-04 18:27:03.131] [warning] Couldn't find file 'r_talus.vtp'.
[2026-08-04 18:27:03.131] [warning] Couldn't find file 'l_foot.vtp'.
[2026-08-04 18:27:03.131] [warning] Couldn't find file 'r_foot.vtp'.
[2026-08-04 18:27:03.131] [warning] Couldn't find file 'l_bofoot.vtp'.
[2026-08-04 18:27:03.131] [warning] Couldn't find file 'r_bofoot.vtp'.
[2026-08-04 18:27:03.132] [warning] Couldn't find file 'hat_spine.vtp'.
[2026-08-04 18:27:03.132] [warning] Couldn't find file 'hat_jaw.vtp'.
[2026-08-04 18:27:03.132] [warning] Couldn't find file 'hat_skull.vtp'.
[2026-08-04 18:27:03.132] [warning] Couldn't find file 'hat_ribs_scap.vtp'.
[2026-08-04 18:27:03.145] [info] Loaded model 2D_gait from file C:\GBW_MyPrograms\PredSim\Subjects\gait1018\gait1018.osim
[2026-08-04 18:27:03.146] [warning] Couldn't find file 'r_pelvis.vtp'.
[2026-08-04 18:27:03.146] [warning] Couldn't find file 'l_pelvis.vtp'.
[2026-08-04 18:27:03.146] [warning] Couldn't find file 'sacrum.vtp'.
[2026-08-04 18:27:03.146] [warning] Couldn't find file 'femur_l.vtp'.
[2026-08-04 18:27:03.146] [warning] Couldn't find file 'femur_r.vtp'.
[2026-08-04 18:27:03.146] [warning] Couldn't find file 'tibia_l.vtp'.
[2026-08-04 18:27:03.146] [warning] Couldn't find file 'l_fibula.vtp'.
[2026-08-04 18:27:03.146] [warning] Couldn't find file 'tibia_r.vtp'.
[2026-08-04 18:27:03.146] [warning] Couldn't find file 'r_fibula.vtp'.
[2026-08-04 18:27:03.146] [warning] Couldn't find file 'l_talus.vtp'.
[2026-08-04 18:27:03.147] [warning] Couldn't find file 'r_talus.vtp'.
[2026-08-04 18:27:03.147] [warning] Couldn't find file 'l_foot.vtp'.
[2026-08-04 18:27:03.147] [warning] Couldn't find file 'r_foot.vtp'.
[2026-08-04 18:27:03.147] [warning] Couldn't find file 'l_bofoot.vtp'.
[2026-08-04 18:27:03.147] [warning] Couldn't find file 'r_bofoot.vtp'.
[2026-08-04 18:27:03.147] [warning] Couldn't find file 'hat_spine.vtp'.
[2026-08-04 18:27:03.147] [warning] Couldn't find file 'hat_jaw.vtp'.
[2026-08-04 18:27:03.147] [warning] Couldn't find file 'hat_skull.vtp'.
[2026-08-04 18:27:03.147] [warning] Couldn't find file 'hat_ribs_scap.vtp'.
[2026-08-04 18:27:03.164] [info] Loaded model 2D_gait from file C:\GBW_MyPrograms\PredSim\Subjects\gait1018\gait1018.osim
[2026-08-04 18:27:03.164] [warning] Couldn't find file 'r_pelvis.vtp'.
[2026-08-04 18:27:03.164] [warning] Couldn't find file 'l_pelvis.vtp'.
[2026-08-04 18:27:03.164] [warning] Couldn't find file 'sacrum.vtp'.
[2026-08-04 18:27:03.164] [warning] Couldn't find file 'femur_l.vtp'.
[2026-08-04 18:27:03.164] [warning] Couldn't find file 'femur_r.vtp'.
[2026-08-04 18:27:03.164] [warning] Couldn't find file 'tibia_l.vtp'.
[2026-08-04 18:27:03.164] [warning] Couldn't find file 'l_fibula.vtp'.
[2026-08-04 18:27:03.164] [warning] Couldn't find file 'tibia_r.vtp'.
[2026-08-04 18:27:03.165] [warning] Couldn't find file 'r_fibula.vtp'.
[2026-08-04 18:27:03.165] [warning] Couldn't find file 'l_talus.vtp'.
[2026-08-04 18:27:03.165] [warning] Couldn't find file 'r_talus.vtp'.
[2026-08-04 18:27:03.165] [warning] Couldn't find file 'l_foot.vtp'.
[2026-08-04 18:27:03.165] [warning] Couldn't find file 'r_foot.vtp'.
[2026-08-04 18:27:03.165] [warning] Couldn't find file 'l_bofoot.vtp'.
[2026-08-04 18:27:03.165] [warning] Couldn't find file 'r_bofoot.vtp'.
[2026-08-04 18:27:03.165] [warning] Couldn't find file 'hat_spine.vtp'.
[2026-08-04 18:27:03.165] [warning] Couldn't find file 'hat_jaw.vtp'.
[2026-08-04 18:27:03.165] [warning] Couldn't find file 'hat_skull.vtp'.
[2026-08-04 18:27:03.165] [warning] Couldn't find file 'hat_ribs_scap.vtp'.
[2026-08-04 18:27:03.178] [info] Loaded model 2D_gait from file C:\GBW_MyPrograms\PredSim\Subjects\gait1018\gait1018.osim
[2026-08-04 18:27:03.178] [warning] Couldn't find file 'r_pelvis.vtp'.
[2026-08-04 18:27:03.178] [warning] Couldn't find file 'l_pelvis.vtp'.
[2026-08-04 18:27:03.178] [warning] Couldn't find file 'sacrum.vtp'.
[2026-08-04 18:27:03.179] [warning] Couldn't find file 'femur_l.vtp'.
[2026-08-04 18:27:03.179] [warning] Couldn't find file 'femur_r.vtp'.
[2026-08-04 18:27:03.179] [warning] Couldn't find file 'tibia_l.vtp'.
[2026-08-04 18:27:03.179] [warning] Couldn't find file 'l_fibula.vtp'.
[2026-08-04 18:27:03.179] [warning] Couldn't find file 'tibia_r.vtp'.
[2026-08-04 18:27:03.179] [warning] Couldn't find file 'r_fibula.vtp'.
[2026-08-04 18:27:03.179] [warning] Couldn't find file 'l_talus.vtp'.
[2026-08-04 18:27:03.179] [warning] Couldn't find file 'r_talus.vtp'.
[2026-08-04 18:27:03.179] [warning] Couldn't find file 'l_foot.vtp'.
[2026-08-04 18:27:03.179] [warning] Couldn't find file 'r_foot.vtp'.
[2026-08-04 18:27:03.179] [warning] Couldn't find file 'l_bofoot.vtp'.
[2026-08-04 18:27:03.179] [warning] Couldn't find file 'r_bofoot.vtp'.
[2026-08-04 18:27:03.179] [warning] Couldn't find file 'hat_spine.vtp'.
[2026-08-04 18:27:03.179] [warning] Couldn't find file 'hat_jaw.vtp'.
[2026-08-04 18:27:03.179] [warning] Couldn't find file 'hat_skull.vtp'.
[2026-08-04 18:27:03.179] [warning] Couldn't find file 'hat_ribs_scap.vtp'.
[2026-08-04 18:27:03.261] [info] Loaded model 2D_gait from file C:\GBW_MyPrograms\PredSim\Subjects\gait1018\gait1018.osim
[2026-08-04 18:27:03.261] [warning] Couldn't find file 'r_pelvis.vtp'.
[2026-08-04 18:27:03.261] [warning] Couldn't find file 'l_pelvis.vtp'.
[2026-08-04 18:27:03.261] [warning] Couldn't find file 'sacrum.vtp'.
[2026-08-04 18:27:03.261] [warning] Couldn't find file 'femur_l.vtp'.
[2026-08-04 18:27:03.261] [warning] Couldn't find file 'femur_r.vtp'.
[2026-08-04 18:27:03.261] [warning] Couldn't find file 'tibia_l.vtp'.
[2026-08-04 18:27:03.261] [warning] Couldn't find file 'l_fibula.vtp'.
[2026-08-04 18:27:03.261] [warning] Couldn't find file 'tibia_r.vtp'.
[2026-08-04 18:27:03.261] [warning] Couldn't find file 'r_fibula.vtp'.
[2026-08-04 18:27:03.261] [warning] Couldn't find file 'l_talus.vtp'.
[2026-08-04 18:27:03.261] [warning] Couldn't find file 'r_talus.vtp'.
[2026-08-04 18:27:03.262] [warning] Couldn't find file 'l_foot.vtp'.
[2026-08-04 18:27:03.262] [warning] Couldn't find file 'r_foot.vtp'.
[2026-08-04 18:27:03.262] [warning] Couldn't find file 'l_bofoot.vtp'.
[2026-08-04 18:27:03.262] [warning] Couldn't find file 'r_bofoot.vtp'.
[2026-08-04 18:27:03.262] [warning] Couldn't find file 'hat_spine.vtp'.
[2026-08-04 18:27:03.262] [warning] Couldn't find file 'hat_jaw.vtp'.
[2026-08-04 18:27:03.262] [warning] Couldn't find file 'hat_skull.vtp'.
[2026-08-04 18:27:03.262] [warning] Couldn't find file 'hat_ribs_scap.vtp'.
[2026-08-04 18:27:03.283] [info] Loaded model 2D_gait from file C:\GBW_MyPrograms\PredSim\Subjects\gait1018\gait1018.osim
[2026-08-04 18:27:03.283] [warning] Couldn't find file 'r_pelvis.vtp'.
[2026-08-04 18:27:03.284] [warning] Couldn't find file 'l_pelvis.vtp'.
[2026-08-04 18:27:03.284] [warning] Couldn't find file 'sacrum.vtp'.
[2026-08-04 18:27:03.284] [warning] Couldn't find file 'femur_l.vtp'.
[2026-08-04 18:27:03.284] [warning] Couldn't find file 'femur_r.vtp'.
[2026-08-04 18:27:03.284] [warning] Couldn't find file 'tibia_l.vtp'.
[2026-08-04 18:27:03.284] [warning] Couldn't find file 'l_fibula.vtp'.
[2026-08-04 18:27:03.284] [warning] Couldn't find file 'tibia_r.vtp'.
[2026-08-04 18:27:03.284] [warning] Couldn't find file 'r_fibula.vtp'.
[2026-08-04 18:27:03.284] [warning] Couldn't find file 'l_talus.vtp'.
[2026-08-04 18:27:03.284] [warning] Couldn't find file 'r_talus.vtp'.
[2026-08-04 18:27:03.285] [warning] Couldn't find file 'l_foot.vtp'.
[2026-08-04 18:27:03.285] [warning] Couldn't find file 'r_foot.vtp'.
[2026-08-04 18:27:03.286] [warning] Couldn't find file 'l_bofoot.vtp'.
[2026-08-04 18:27:03.286] [warning] Couldn't find file 'r_bofoot.vtp'.
[2026-08-04 18:27:03.286] [warning] Couldn't find file 'hat_spine.vtp'.
[2026-08-04 18:27:03.286] [warning] Couldn't find file 'hat_jaw.vtp'.
[2026-08-04 18:27:03.286] [warning] Couldn't find file 'hat_skull.vtp'.
[2026-08-04 18:27:03.286] [warning] Couldn't find file 'hat_ribs_scap.vtp'.
[2026-08-04 18:27:03.403] [info] Loaded model 2D_gait from file C:\GBW_MyPrograms\PredSim\Subjects\gait1018\gait1018.osim
[2026-08-04 18:27:03.404] [warning] Couldn't find file 'r_pelvis.vtp'.
[2026-08-04 18:27:03.404] [warning] Couldn't find file 'l_pelvis.vtp'.
[2026-08-04 18:27:03.404] [warning] Couldn't find file 'sacrum.vtp'.
[2026-08-04 18:27:03.404] [warning] Couldn't find file 'femur_l.vtp'.
[2026-08-04 18:27:03.404] [warning] Couldn't find file 'femur_r.vtp'.
[2026-08-04 18:27:03.404] [warning] Couldn't find file 'tibia_l.vtp'.
[2026-08-04 18:27:03.404] [warning] Couldn't find file 'l_fibula.vtp'.
[2026-08-04 18:27:03.404] [warning] Couldn't find file 'tibia_r.vtp'.
[2026-08-04 18:27:03.404] [warning] Couldn't find file 'r_fibula.vtp'.
[2026-08-04 18:27:03.404] [warning] Couldn't find file 'l_talus.vtp'.
[2026-08-04 18:27:03.404] [warning] Couldn't find file 'r_talus.vtp'.
[2026-08-04 18:27:03.405] [warning] Couldn't find file 'l_foot.vtp'.
[2026-08-04 18:27:03.405] [warning] Couldn't find file 'r_foot.vtp'.
[2026-08-04 18:27:03.405] [warning] Couldn't find file 'l_bofoot.vtp'.
[2026-08-04 18:27:03.405] [warning] Couldn't find file 'r_bofoot.vtp'.
[2026-08-04 18:27:03.405] [warning] Couldn't find file 'hat_spine.vtp'.
[2026-08-04 18:27:03.405] [warning] Couldn't find file 'hat_jaw.vtp'.
[2026-08-04 18:27:03.405] [warning] Couldn't find file 'hat_skull.vtp'.
[2026-08-04 18:27:03.405] [warning] Couldn't find file 'hat_ribs_scap.vtp'.
[2026-08-04 18:27:03.430] [info] Loaded model 2D_gait from file C:\GBW_MyPrograms\PredSim\Subjects\gait1018\gait1018.osim
[2026-08-04 18:27:03.431] [warning] Couldn't find file 'r_pelvis.vtp'.
[2026-08-04 18:27:03.431] [warning] Couldn't find file 'l_pelvis.vtp'.
[2026-08-04 18:27:03.431] [warning] Couldn't find file 'sacrum.vtp'.
[2026-08-04 18:27:03.431] [warning] Couldn't find file 'femur_l.vtp'.
[2026-08-04 18:27:03.431] [warning] Couldn't find file 'femur_r.vtp'.
[2026-08-04 18:27:03.431] [warning] Couldn't find file 'tibia_l.vtp'.
[2026-08-04 18:27:03.431] [warning] Couldn't find file 'l_fibula.vtp'.
[2026-08-04 18:27:03.431] [warning] Couldn't find file 'tibia_r.vtp'.
[2026-08-04 18:27:03.431] [warning] Couldn't find file 'r_fibula.vtp'.
[2026-08-04 18:27:03.431] [warning] Couldn't find file 'l_talus.vtp'.
[2026-08-04 18:27:03.431] [warning] Couldn't find file 'r_talus.vtp'.
[2026-08-04 18:27:03.432] [warning] Couldn't find file 'l_foot.vtp'.
[2026-08-04 18:27:03.432] [warning] Couldn't find file 'r_foot.vtp'.
[2026-08-04 18:27:03.432] [warning] Couldn't find file 'l_bofoot.vtp'.
[2026-08-04 18:27:03.432] [warning] Couldn't find file 'r_bofoot.vtp'.
[2026-08-04 18:27:03.432] [warning] Couldn't find file 'hat_spine.vtp'.
[2026-08-04 18:27:03.432] [warning] Couldn't find file 'hat_jaw.vtp'.
[2026-08-04 18:27:03.432] [warning] Couldn't find file 'hat_skull.vtp'.
[2026-08-04 18:27:03.432] [warning] Couldn't find file 'hat_ribs_scap.vtp'.
[2026-08-04 18:27:03.670] [info] Loaded model 2D_gait from file C:\GBW_MyPrograms\PredSim\Subjects\gait1018\gait1018.osim
[2026-08-04 18:27:03.670] [warning] Couldn't find file 'r_pelvis.vtp'.
[2026-08-04 18:27:03.670] [warning] Couldn't find file 'l_pelvis.vtp'.
[2026-08-04 18:27:03.670] [warning] Couldn't find file 'sacrum.vtp'.
[2026-08-04 18:27:03.671] [warning] Couldn't find file 'femur_l.vtp'.
[2026-08-04 18:27:03.671] [warning] Couldn't find file 'femur_r.vtp'.
[2026-08-04 18:27:03.671] [warning] Couldn't find file 'tibia_l.vtp'.
[2026-08-04 18:27:03.671] [warning] Couldn't find file 'l_fibula.vtp'.
[2026-08-04 18:27:03.671] [warning] Couldn't find file 'tibia_r.vtp'.
[2026-08-04 18:27:03.671] [warning] Couldn't find file 'r_fibula.vtp'.
[2026-08-04 18:27:03.671] [warning] Couldn't find file 'l_talus.vtp'.
[2026-08-04 18:27:03.671] [warning] Couldn't find file 'r_talus.vtp'.
[2026-08-04 18:27:03.671] [warning] Couldn't find file 'l_foot.vtp'.
[2026-08-04 18:27:03.671] [warning] Couldn't find file 'r_foot.vtp'.
[2026-08-04 18:27:03.671] [warning] Couldn't find file 'l_bofoot.vtp'.
[2026-08-04 18:27:03.671] [warning] Couldn't find file 'r_bofoot.vtp'.
[2026-08-04 18:27:03.671] [warning] Couldn't find file 'hat_spine.vtp'.
[2026-08-04 18:27:03.671] [warning] Couldn't find file 'hat_jaw.vtp'.
[2026-08-04 18:27:03.671] [warning] Couldn't find file 'hat_skull.vtp'.
[2026-08-04 18:27:03.671] [warning] Couldn't find file 'hat_ribs_scap.vtp'.
[2026-08-04 18:27:03.691] [info] Loaded model 2D_gait from file C:\GBW_MyPrograms\PredSim\Subjects\gait1018\gait1018.osim
[2026-08-04 18:27:03.691] [warning] Couldn't find file 'r_pelvis.vtp'.
[2026-08-04 18:27:03.691] [warning] Couldn't find file 'l_pelvis.vtp'.
[2026-08-04 18:27:03.691] [warning] Couldn't find file 'sacrum.vtp'.
[2026-08-04 18:27:03.691] [warning] Couldn't find file 'femur_l.vtp'.
[2026-08-04 18:27:03.691] [warning] Couldn't find file 'femur_r.vtp'.
[2026-08-04 18:27:03.691] [warning] Couldn't find file 'tibia_l.vtp'.
[2026-08-04 18:27:03.691] [warning] Couldn't find file 'l_fibula.vtp'.
[2026-08-04 18:27:03.691] [warning] Couldn't find file 'tibia_r.vtp'.
[2026-08-04 18:27:03.691] [warning] Couldn't find file 'r_fibula.vtp'.
[2026-08-04 18:27:03.691] [warning] Couldn't find file 'l_talus.vtp'.
[2026-08-04 18:27:03.691] [warning] Couldn't find file 'r_talus.vtp'.
[2026-08-04 18:27:03.692] [warning] Couldn't find file 'l_foot.vtp'.
[2026-08-04 18:27:03.692] [warning] Couldn't find file 'r_foot.vtp'.
[2026-08-04 18:27:03.692] [warning] Couldn't find file 'l_bofoot.vtp'.
[2026-08-04 18:27:03.692] [warning] Couldn't find file 'r_bofoot.vtp'.
[2026-08-04 18:27:03.692] [warning] Couldn't find file 'hat_spine.vtp'.
[2026-08-04 18:27:03.692] [warning] Couldn't find file 'hat_jaw.vtp'.
[2026-08-04 18:27:03.692] [warning] Couldn't find file 'hat_skull.vtp'.
[2026-08-04 18:27:03.692] [warning] Couldn't find file 'hat_ribs_scap.vtp'.
[2026-08-04 18:28:15.347] [info] Loaded model 2D_gait from file C:\GBW_MyPrograms\PredSim\Subjects\gait1018\gait1018.osim
[2026-08-04 18:28:15.347] [warning] Couldn't find file 'r_pelvis.vtp'.
[2026-08-04 18:28:15.347] [warning] Couldn't find file 'l_pelvis.vtp'.
[2026-08-04 18:28:15.347] [warning] Couldn't find file 'sacrum.vtp'.
[2026-08-04 18:28:15.347] [warning] Couldn't find file 'femur_l.vtp'.
[2026-08-04 18:28:15.347] [warning] Couldn't find file 'femur_r.vtp'.
[2026-08-04 18:28:15.348] [warning] Couldn't find file 'tibia_l.vtp'.
[2026-08-04 18:28:15.348] [warning] Couldn't find file 'l_fibula.vtp'.
[2026-08-04 18:28:15.348] [warning] Couldn't find file 'tibia_r.vtp'.
[2026-08-04 18:28:15.348] [warning] Couldn't find file 'r_fibula.vtp'.
[2026-08-04 18:28:15.348] [warning] Couldn't find file 'l_talus.vtp'.
[2026-08-04 18:28:15.348] [warning] Couldn't find file 'r_talus.vtp'.
[2026-08-04 18:28:15.348] [warning] Couldn't find file 'l_foot.vtp'.
[2026-08-04 18:28:15.348] [warning] Couldn't find file 'r_foot.vtp'.
[2026-08-04 18:28:15.348] [warning] Couldn't find file 'l_bofoot.vtp'.
[2026-08-04 18:28:15.348] [warning] Couldn't find file 'r_bofoot.vtp'.
[2026-08-04 18:28:15.348] [warning] Couldn't find file 'hat_spine.vtp'.
[2026-08-04 18:28:15.348] [warning] Couldn't find file 'hat_jaw.vtp'.
[2026-08-04 18:28:15.349] [warning] Couldn't find file 'hat_skull.vtp'.
[2026-08-04 18:28:15.349] [warning] Couldn't find file 'hat_ribs_scap.vtp'.
[2026-08-04 18:28:15.368] [info] Loaded model 2D_gait from file C:\GBW_MyPrograms\PredSim\Subjects\gait1018\gait1018.osim
[2026-08-04 18:28:15.369] [warning] Couldn't find file 'r_pelvis.vtp'.
[2026-08-04 18:28:15.369] [warning] Couldn't find file 'l_pelvis.vtp'.
[2026-08-04 18:28:15.369] [warning] Couldn't find file 'sacrum.vtp'.
[2026-08-04 18:28:15.369] [warning] Couldn't find file 'femur_l.vtp'.
[2026-08-04 18:28:15.369] [warning] Couldn't find file 'femur_r.vtp'.
[2026-08-04 18:28:15.369] [warning] Couldn't find file 'tibia_l.vtp'.
[2026-08-04 18:28:15.369] [warning] Couldn't find file 'l_fibula.vtp'.
[2026-08-04 18:28:15.369] [warning] Couldn't find file 'tibia_r.vtp'.
[2026-08-04 18:28:15.369] [warning] Couldn't find file 'r_fibula.vtp'.
[2026-08-04 18:28:15.369] [warning] Couldn't find file 'l_talus.vtp'.
[2026-08-04 18:28:15.369] [warning] Couldn't find file 'r_talus.vtp'.
[2026-08-04 18:28:15.369] [warning] Couldn't find file 'l_foot.vtp'.
[2026-08-04 18:28:15.370] [warning] Couldn't find file 'r_foot.vtp'.
[2026-08-04 18:28:15.370] [warning] Couldn't find file 'l_bofoot.vtp'.
[2026-08-04 18:28:15.370] [warning] Couldn't find file 'r_bofoot.vtp'.
[2026-08-04 18:28:15.370] [warning] Couldn't find file 'hat_spine.vtp'.
[2026-08-04 18:28:15.370] [warning] Couldn't find file 'hat_jaw.vtp'.
[2026-08-04 18:28:15.370] [warning] Couldn't find file 'hat_skull.vtp'.
[2026-08-04 18:28:15.370] [warning] Couldn't find file 'hat_ribs_scap.vtp'.
[2026-08-04 18:28:15.386] [info] Loaded model 2D_gait from file C:\GBW_MyPrograms\PredSim\Subjects\gait1018\gait1018.osim
[2026-08-04 18:28:15.387] [warning] Couldn't find file 'r_pelvis.vtp'.
[2026-08-04 18:28:15.387] [warning] Couldn't find file 'l_pelvis.vtp'.
[2026-08-04 18:28:15.387] [warning] Couldn't find file 'sacrum.vtp'.
[2026-08-04 18:28:15.388] [warning] Couldn't find file 'femur_l.vtp'.
[2026-08-04 18:28:15.388] [warning] Couldn't find file 'femur_r.vtp'.
[2026-08-04 18:28:15.388] [warning] Couldn't find file 'tibia_l.vtp'.
[2026-08-04 18:28:15.388] [warning] Couldn't find file 'l_fibula.vtp'.
[2026-08-04 18:28:15.389] [warning] Couldn't find file 'tibia_r.vtp'.
[2026-08-04 18:28:15.389] [warning] Couldn't find file 'r_fibula.vtp'.
[2026-08-04 18:28:15.389] [warning] Couldn't find file 'l_talus.vtp'.
[2026-08-04 18:28:15.389] [warning] Couldn't find file 'r_talus.vtp'.
[2026-08-04 18:28:15.389] [warning] Couldn't find file 'l_foot.vtp'.
[2026-08-04 18:28:15.389] [warning] Couldn't find file 'r_foot.vtp'.
[2026-08-04 18:28:15.389] [warning] Couldn't find file 'l_bofoot.vtp'.
[2026-08-04 18:28:15.390] [warning] Couldn't find file 'r_bofoot.vtp'.
[2026-08-04 18:28:15.390] [warning] Couldn't find file 'hat_spine.vtp'.
[2026-08-04 18:28:15.390] [warning] Couldn't find file 'hat_jaw.vtp'.
[2026-08-04 18:28:15.390] [warning] Couldn't find file 'hat_skull.vtp'.
[2026-08-04 18:28:15.390] [warning] Couldn't find file 'hat_ribs_scap.vtp'.
[2026-08-04 18:28:15.411] [info] Loaded model 2D_gait from file C:\GBW_MyPrograms\PredSim\Subjects\gait1018\gait1018.osim
[2026-08-04 18:28:15.412] [warning] Couldn't find file 'r_pelvis.vtp'.
[2026-08-04 18:28:15.412] [warning] Couldn't find file 'l_pelvis.vtp'.
[2026-08-04 18:28:15.412] [warning] Couldn't find file 'sacrum.vtp'.
[2026-08-04 18:28:15.412] [warning] Couldn't find file 'femur_l.vtp'.
[2026-08-04 18:28:15.412] [warning] Couldn't find file 'femur_r.vtp'.
[2026-08-04 18:28:15.412] [warning] Couldn't find file 'tibia_l.vtp'.
[2026-08-04 18:28:15.412] [warning] Couldn't find file 'l_fibula.vtp'.
[2026-08-04 18:28:15.412] [warning] Couldn't find file 'tibia_r.vtp'.
[2026-08-04 18:28:15.412] [warning] Couldn't find file 'r_fibula.vtp'.
[2026-08-04 18:28:15.412] [warning] Couldn't find file 'l_talus.vtp'.
[2026-08-04 18:28:15.412] [warning] Couldn't find file 'r_talus.vtp'.
[2026-08-04 18:28:15.412] [warning] Couldn't find file 'l_foot.vtp'.
[2026-08-04 18:28:15.412] [warning] Couldn't find file 'r_foot.vtp'.
[2026-08-04 18:28:15.412] [warning] Couldn't find file 'l_bofoot.vtp'.
[2026-08-04 18:28:15.412] [warning] Couldn't find file 'r_bofoot.vtp'.
[2026-08-04 18:28:15.413] [warning] Couldn't find file 'hat_spine.vtp'.
[2026-08-04 18:28:15.413] [warning] Couldn't find file 'hat_jaw.vtp'.
[2026-08-04 18:28:15.413] [warning] Couldn't find file 'hat_skull.vtp'.
[2026-08-04 18:28:15.413] [warning] Couldn't find file 'hat_ribs_scap.vtp'.
[2026-08-04 18:28:15.430] [info] Loaded model 2D_gait from file C:\GBW_MyPrograms\PredSim\Subjects\gait1018\gait1018.osim
[2026-08-04 18:28:15.430] [warning] Couldn't find file 'r_pelvis.vtp'.
[2026-08-04 18:28:15.431] [warning] Couldn't find file 'l_pelvis.vtp'.
[2026-08-04 18:28:15.431] [warning] Couldn't find file 'sacrum.vtp'.
[2026-08-04 18:28:15.431] [warning] Couldn't find file 'femur_l.vtp'.
[2026-08-04 18:28:15.431] [warning] Couldn't find file 'femur_r.vtp'.
[2026-08-04 18:28:15.431] [warning] Couldn't find file 'tibia_l.vtp'.
[2026-08-04 18:28:15.431] [warning] Couldn't find file 'l_fibula.vtp'.
[2026-08-04 18:28:15.431] [warning] Couldn't find file 'tibia_r.vtp'.
[2026-08-04 18:28:15.431] [warning] Couldn't find file 'r_fibula.vtp'.
[2026-08-04 18:28:15.431] [warning] Couldn't find file 'l_talus.vtp'.
[2026-08-04 18:28:15.431] [warning] Couldn't find file 'r_talus.vtp'.
[2026-08-04 18:28:15.431] [warning] Couldn't find file 'l_foot.vtp'.
[2026-08-04 18:28:15.431] [warning] Couldn't find file 'r_foot.vtp'.
[2026-08-04 18:28:15.431] [warning] Couldn't find file 'l_bofoot.vtp'.
[2026-08-04 18:28:15.431] [warning] Couldn't find file 'r_bofoot.vtp'.
[2026-08-04 18:28:15.431] [warning] Couldn't find file 'hat_spine.vtp'.
[2026-08-04 18:28:15.432] [warning] Couldn't find file 'hat_jaw.vtp'.
[2026-08-04 18:28:15.432] [warning] Couldn't find file 'hat_skull.vtp'.
[2026-08-04 18:28:15.432] [warning] Couldn't find file 'hat_ribs_scap.vtp'.
[2026-08-04 18:28:15.460] [info] Loaded model 2D_gait from file C:\GBW_MyPrograms\PredSim\Subjects\gait1018\gait1018.osim
[2026-08-04 18:28:15.460] [warning] Couldn't find file 'r_pelvis.vtp'.
[2026-08-04 18:28:15.460] [warning] Couldn't find file 'l_pelvis.vtp'.
[2026-08-04 18:28:15.460] [warning] Couldn't find file 'sacrum.vtp'.
[2026-08-04 18:28:15.460] [warning] Couldn't find file 'femur_l.vtp'.
[2026-08-04 18:28:15.460] [warning] Couldn't find file 'femur_r.vtp'.
[2026-08-04 18:28:15.460] [warning] Couldn't find file 'tibia_l.vtp'.
[2026-08-04 18:28:15.460] [warning] Couldn't find file 'l_fibula.vtp'.
[2026-08-04 18:28:15.460] [warning] Couldn't find file 'tibia_r.vtp'.
[2026-08-04 18:28:15.460] [warning] Couldn't find file 'r_fibula.vtp'.
[2026-08-04 18:28:15.460] [warning] Couldn't find file 'l_talus.vtp'.
[2026-08-04 18:28:15.461] [warning] Couldn't find file 'r_talus.vtp'.
[2026-08-04 18:28:15.461] [warning] Couldn't find file 'l_foot.vtp'.
[2026-08-04 18:28:15.461] [warning] Couldn't find file 'r_foot.vtp'.
[2026-08-04 18:28:15.461] [warning] Couldn't find file 'l_bofoot.vtp'.
[2026-08-04 18:28:15.461] [warning] Couldn't find file 'r_bofoot.vtp'.
[2026-08-04 18:28:15.461] [warning] Couldn't find file 'hat_spine.vtp'.
[2026-08-04 18:28:15.461] [warning] Couldn't find file 'hat_jaw.vtp'.
[2026-08-04 18:28:15.461] [warning] Couldn't find file 'hat_skull.vtp'.
[2026-08-04 18:28:15.461] [warning] Couldn't find file 'hat_ribs_scap.vtp'.
[2026-08-04 18:28:15.477] [info] Loaded model 2D_gait from file C:\GBW_MyPrograms\PredSim\Subjects\gait1018\gait1018.osim
[2026-08-04 18:28:15.477] [warning] Couldn't find file 'r_pelvis.vtp'.
[2026-08-04 18:28:15.478] [warning] Couldn't find file 'l_pelvis.vtp'.
[2026-08-04 18:28:15.478] [warning] Couldn't find file 'sacrum.vtp'.
[2026-08-04 18:28:15.478] [warning] Couldn't find file 'femur_l.vtp'.
[2026-08-04 18:28:15.478] [warning] Couldn't find file 'femur_r.vtp'.
[2026-08-04 18:28:15.478] [warning] Couldn't find file 'tibia_l.vtp'.
[2026-08-04 18:28:15.478] [warning] Couldn't find file 'l_fibula.vtp'.
[2026-08-04 18:28:15.478] [warning] Couldn't find file 'tibia_r.vtp'.
[2026-08-04 18:28:15.478] [warning] Couldn't find file 'r_fibula.vtp'.
[2026-08-04 18:28:15.478] [warning] Couldn't find file 'l_talus.vtp'.
[2026-08-04 18:28:15.478] [warning] Couldn't find file 'r_talus.vtp'.
[2026-08-04 18:28:15.478] [warning] Couldn't find file 'l_foot.vtp'.
[2026-08-04 18:28:15.478] [warning] Couldn't find file 'r_foot.vtp'.
[2026-08-04 18:28:15.478] [warning] Couldn't find file 'l_bofoot.vtp'.
[2026-08-04 18:28:15.478] [warning] Couldn't find file 'r_bofoot.vtp'.
[2026-08-04 18:28:15.478] [warning] Couldn't find file 'hat_spine.vtp'.
[2026-08-04 18:28:15.478] [warning] Couldn't find file 'hat_jaw.vtp'.
[2026-08-04 18:28:15.479] [warning] Couldn't find file 'hat_skull.vtp'.
[2026-08-04 18:28:15.479] [warning] Couldn't find file 'hat_ribs_scap.vtp'.
[2026-08-04 18:28:15.507] [info] Loaded model 2D_gait from file C:\GBW_MyPrograms\PredSim\Subjects\gait1018\gait1018.osim
[2026-08-04 18:28:15.507] [warning] Couldn't find file 'r_pelvis.vtp'.
[2026-08-04 18:28:15.507] [warning] Couldn't find file 'l_pelvis.vtp'.
[2026-08-04 18:28:15.508] [warning] Couldn't find file 'sacrum.vtp'.
[2026-08-04 18:28:15.508] [warning] Couldn't find file 'femur_l.vtp'.
[2026-08-04 18:28:15.508] [warning] Couldn't find file 'femur_r.vtp'.
[2026-08-04 18:28:15.508] [warning] Couldn't find file 'tibia_l.vtp'.
[2026-08-04 18:28:15.508] [warning] Couldn't find file 'l_fibula.vtp'.
[2026-08-04 18:28:15.508] [warning] Couldn't find file 'tibia_r.vtp'.
[2026-08-04 18:28:15.508] [warning] Couldn't find file 'r_fibula.vtp'.
[2026-08-04 18:28:15.508] [warning] Couldn't find file 'l_talus.vtp'.
[2026-08-04 18:28:15.508] [warning] Couldn't find file 'r_talus.vtp'.
[2026-08-04 18:28:15.508] [warning] Couldn't find file 'l_foot.vtp'.
[2026-08-04 18:28:15.508] [warning] Couldn't find file 'r_foot.vtp'.
[2026-08-04 18:28:15.508] [warning] Couldn't find file 'l_bofoot.vtp'.
[2026-08-04 18:28:15.508] [warning] Couldn't find file 'r_bofoot.vtp'.
[2026-08-04 18:28:15.508] [warning] Couldn't find file 'hat_spine.vtp'.
[2026-08-04 18:28:15.509] [warning] Couldn't find file 'hat_jaw.vtp'.
[2026-08-04 18:28:15.509] [warning] Couldn't find file 'hat_skull.vtp'.
[2026-08-04 18:28:15.509] [warning] Couldn't find file 'hat_ribs_scap.vtp'.
[2026-08-04 18:28:15.521] [info] Loaded model 2D_gait from file C:\GBW_MyPrograms\PredSim\Subjects\gait1018\gait1018.osim
[2026-08-04 18:28:15.522] [warning] Couldn't find file 'r_pelvis.vtp'.
[2026-08-04 18:28:15.523] [warning] Couldn't find file 'l_pelvis.vtp'.
[2026-08-04 18:28:15.523] [warning] Couldn't find file 'sacrum.vtp'.
[2026-08-04 18:28:15.523] [warning] Couldn't find file 'femur_l.vtp'.
[2026-08-04 18:28:15.523] [warning] Couldn't find file 'femur_r.vtp'.
[2026-08-04 18:28:15.523] [warning] Couldn't find file 'tibia_l.vtp'.
[2026-08-04 18:28:15.523] [warning] Couldn't find file 'l_fibula.vtp'.
[2026-08-04 18:28:15.523] [warning] Couldn't find file 'tibia_r.vtp'.
[2026-08-04 18:28:15.523] [warning] Couldn't find file 'r_fibula.vtp'.
[2026-08-04 18:28:15.523] [warning] Couldn't find file 'l_talus.vtp'.
[2026-08-04 18:28:15.523] [warning] Couldn't find file 'r_talus.vtp'.
[2026-08-04 18:28:15.523] [warning] Couldn't find file 'l_foot.vtp'.
[2026-08-04 18:28:15.523] [warning] Couldn't find file 'r_foot.vtp'.
[2026-08-04 18:28:15.524] [warning] Couldn't find file 'l_bofoot.vtp'.
[2026-08-04 18:28:15.524] [warning] Couldn't find file 'r_bofoot.vtp'.
[2026-08-04 18:28:15.524] [warning] Couldn't find file 'hat_spine.vtp'.
[2026-08-04 18:28:15.524] [warning] Couldn't find file 'hat_jaw.vtp'.
[2026-08-04 18:28:15.524] [warning] Couldn't find file 'hat_skull.vtp'.
[2026-08-04 18:28:15.524] [warning] Couldn't find file 'hat_ribs_scap.vtp'.
[2026-08-04 18:28:15.695] [info] Loaded model 2D_gait from file C:\GBW_MyPrograms\PredSim\Subjects\gait1018\gait1018.osim
[2026-08-04 18:28:15.695] [warning] Couldn't find file 'r_pelvis.vtp'.
[2026-08-04 18:28:15.696] [warning] Couldn't find file 'l_pelvis.vtp'.
[2026-08-04 18:28:15.696] [warning] Couldn't find file 'sacrum.vtp'.
[2026-08-04 18:28:15.696] [warning] Couldn't find file 'femur_l.vtp'.
[2026-08-04 18:28:15.696] [warning] Couldn't find file 'femur_r.vtp'.
[2026-08-04 18:28:15.696] [warning] Couldn't find file 'tibia_l.vtp'.
[2026-08-04 18:28:15.696] [warning] Couldn't find file 'l_fibula.vtp'.
[2026-08-04 18:28:15.696] [warning] Couldn't find file 'tibia_r.vtp'.
[2026-08-04 18:28:15.696] [warning] Couldn't find file 'r_fibula.vtp'.
[2026-08-04 18:28:15.696] [warning] Couldn't find file 'l_talus.vtp'.
[2026-08-04 18:28:15.696] [warning] Couldn't find file 'r_talus.vtp'.
[2026-08-04 18:28:15.696] [warning] Couldn't find file 'l_foot.vtp'.
[2026-08-04 18:28:15.696] [warning] Couldn't find file 'r_foot.vtp'.
[2026-08-04 18:28:15.696] [warning] Couldn't find file 'l_bofoot.vtp'.
[2026-08-04 18:28:15.696] [warning] Couldn't find file 'r_bofoot.vtp'.
[2026-08-04 18:28:15.697] [warning] Couldn't find file 'hat_spine.vtp'.
[2026-08-04 18:28:15.697] [warning] Couldn't find file 'hat_jaw.vtp'.
[2026-08-04 18:28:15.697] [warning] Couldn't find file 'hat_skull.vtp'.
[2026-08-04 18:28:15.697] [warning] Couldn't find file 'hat_ribs_scap.vtp'.
[2026-08-04 18:28:15.719] [info] Loaded model 2D_gait from file C:\GBW_MyPrograms\PredSim\Subjects\gait1018\gait1018.osim
[2026-08-04 18:28:15.719] [warning] Couldn't find file 'r_pelvis.vtp'.
[2026-08-04 18:28:15.719] [warning] Couldn't find file 'l_pelvis.vtp'.
[2026-08-04 18:28:15.719] [warning] Couldn't find file 'sacrum.vtp'.
[2026-08-04 18:28:15.719] [warning] Couldn't find file 'femur_l.vtp'.
[2026-08-04 18:28:15.719] [warning] Couldn't find file 'femur_r.vtp'.
[2026-08-04 18:28:15.719] [warning] Couldn't find file 'tibia_l.vtp'.
[2026-08-04 18:28:15.719] [warning] Couldn't find file 'l_fibula.vtp'.
[2026-08-04 18:28:15.719] [warning] Couldn't find file 'tibia_r.vtp'.
[2026-08-04 18:28:15.719] [warning] Couldn't find file 'r_fibula.vtp'.
[2026-08-04 18:28:15.720] [warning] Couldn't find file 'l_talus.vtp'.
[2026-08-04 18:28:15.720] [warning] Couldn't find file 'r_talus.vtp'.
[2026-08-04 18:28:15.720] [warning] Couldn't find file 'l_foot.vtp'.
[2026-08-04 18:28:15.720] [warning] Couldn't find file 'r_foot.vtp'.
[2026-08-04 18:28:15.720] [warning] Couldn't find file 'l_bofoot.vtp'.
[2026-08-04 18:28:15.720] [warning] Couldn't find file 'r_bofoot.vtp'.
[2026-08-04 18:28:15.720] [warning] Couldn't find file 'hat_spine.vtp'.
[2026-08-04 18:28:15.720] [warning] Couldn't find file 'hat_jaw.vtp'.
[2026-08-04 18:28:15.720] [warning] Couldn't find file 'hat_skull.vtp'.
[2026-08-04 18:28:15.720] [warning] Couldn't find file 'hat_ribs_scap.vtp'.
[2026-08-04 18:28:53.422] [info] Loaded model 2D_gait from file C:\GBW_MyPrograms\PredSim\Subjects\gait1018\gait1018.osim
[2026-08-04 18:28:53.423] [warning] Couldn't find file 'r_pelvis.vtp'.
[2026-08-04 18:28:53.423] [warning] Couldn't find file 'l_pelvis.vtp'.
[2026-08-04 18:28:53.423] [warning] Couldn't find file 'sacrum.vtp'.
[2026-08-04 18:28:53.423] [warning] Couldn't find file 'femur_l.vtp'.
[2026-08-04 18:28:53.423] [warning] Couldn't find file 'femur_r.vtp'.
[2026-08-04 18:28:53.423] [warning] Couldn't find file 'tibia_l.vtp'.
[2026-08-04 18:28:53.423] [warning] Couldn't find file 'l_fibula.vtp'.
[2026-08-04 18:28:53.423] [warning] Couldn't find file 'tibia_r.vtp'.
[2026-08-04 18:28:53.423] [warning] Couldn't find file 'r_fibula.vtp'.
[2026-08-04 18:28:53.423] [warning] Couldn't find file 'l_talus.vtp'.
[2026-08-04 18:28:53.423] [warning] Couldn't find file 'r_talus.vtp'.
[2026-08-04 18:28:53.423] [warning] Couldn't find file 'l_foot.vtp'.
[2026-08-04 18:28:53.423] [warning] Couldn't find file 'r_foot.vtp'.
[2026-08-04 18:28:53.424] [warning] Couldn't find file 'l_bofoot.vtp'.
[2026-08-04 18:28:53.424] [warning] Couldn't find file 'r_bofoot.vtp'.
[2026-08-04 18:28:53.424] [warning] Couldn't find file 'hat_spine.vtp'.
[2026-08-04 18:28:53.424] [warning] Couldn't find file 'hat_jaw.vtp'.
[2026-08-04 18:28:53.424] [warning] Couldn't find file 'hat_skull.vtp'.
[2026-08-04 18:28:53.424] [warning] Couldn't find file 'hat_ribs_scap.vtp'.
[2026-08-04 18:28:53.437] [info] Loaded model 2D_gait from file C:\GBW_MyPrograms\PredSim\Subjects\gait1018\gait1018.osim
[2026-08-04 18:28:53.438] [warning] Couldn't find file 'r_pelvis.vtp'.
[2026-08-04 18:28:53.438] [warning] Couldn't find file 'l_pelvis.vtp'.
[2026-08-04 18:28:53.438] [warning] Couldn't find file 'sacrum.vtp'.
[2026-08-04 18:28:53.438] [warning] Couldn't find file 'femur_l.vtp'.
[2026-08-04 18:28:53.438] [warning] Couldn't find file 'femur_r.vtp'.
[2026-08-04 18:28:53.438] [warning] Couldn't find file 'tibia_l.vtp'.
[2026-08-04 18:28:53.438] [warning] Couldn't find file 'l_fibula.vtp'.
[2026-08-04 18:28:53.438] [warning] Couldn't find file 'tibia_r.vtp'.
[2026-08-04 18:28:53.439] [warning] Couldn't find file 'r_fibula.vtp'.
[2026-08-04 18:28:53.439] [warning] Couldn't find file 'l_talus.vtp'.
[2026-08-04 18:28:53.439] [warning] Couldn't find file 'r_talus.vtp'.
[2026-08-04 18:28:53.439] [warning] Couldn't find file 'l_foot.vtp'.
[2026-08-04 18:28:53.439] [warning] Couldn't find file 'r_foot.vtp'.
[2026-08-04 18:28:53.439] [warning] Couldn't find file 'l_bofoot.vtp'.
[2026-08-04 18:28:53.439] [warning] Couldn't find file 'r_bofoot.vtp'.
[2026-08-04 18:28:53.439] [warning] Couldn't find file 'hat_spine.vtp'.
[2026-08-04 18:28:53.439] [warning] Couldn't find file 'hat_jaw.vtp'.
[2026-08-04 18:28:53.439] [warning] Couldn't find file 'hat_skull.vtp'.
[2026-08-04 18:28:53.439] [warning] Couldn't find file 'hat_ribs_scap.vtp'.
[2026-08-04 18:28:53.452] [info] Loaded model 2D_gait from file C:\GBW_MyPrograms\PredSim\Subjects\gait1018\gait1018.osim
[2026-08-04 18:28:53.453] [warning] Couldn't find file 'r_pelvis.vtp'.
[2026-08-04 18:28:53.453] [warning] Couldn't find file 'l_pelvis.vtp'.
[2026-08-04 18:28:53.453] [warning] Couldn't find file 'sacrum.vtp'.
[2026-08-04 18:28:53.453] [warning] Couldn't find file 'femur_l.vtp'.
[2026-08-04 18:28:53.453] [warning] Couldn't find file 'femur_r.vtp'.
[2026-08-04 18:28:53.453] [warning] Couldn't find file 'tibia_l.vtp'.
[2026-08-04 18:28:53.453] [warning] Couldn't find file 'l_fibula.vtp'.
[2026-08-04 18:28:53.453] [warning] Couldn't find file 'tibia_r.vtp'.
[2026-08-04 18:28:53.453] [warning] Couldn't find file 'r_fibula.vtp'.
[2026-08-04 18:28:53.453] [warning] Couldn't find file 'l_talus.vtp'.
[2026-08-04 18:28:53.453] [warning] Couldn't find file 'r_talus.vtp'.
[2026-08-04 18:28:53.453] [warning] Couldn't find file 'l_foot.vtp'.
[2026-08-04 18:28:53.453] [warning] Couldn't find file 'r_foot.vtp'.
[2026-08-04 18:28:53.454] [warning] Couldn't find file 'l_bofoot.vtp'.
[2026-08-04 18:28:53.454] [warning] Couldn't find file 'r_bofoot.vtp'.
[2026-08-04 18:28:53.454] [warning] Couldn't find file 'hat_spine.vtp'.
[2026-08-04 18:28:53.454] [warning] Couldn't find file 'hat_jaw.vtp'.
[2026-08-04 18:28:53.454] [warning] Couldn't find file 'hat_skull.vtp'.
[2026-08-04 18:28:53.454] [warning] Couldn't find file 'hat_ribs_scap.vtp'.
[2026-08-04 18:28:53.472] [info] Loaded model 2D_gait from file C:\GBW_MyPrograms\PredSim\Subjects\gait1018\gait1018.osim
[2026-08-04 18:28:53.473] [warning] Couldn't find file 'r_pelvis.vtp'.
[2026-08-04 18:28:53.473] [warning] Couldn't find file 'l_pelvis.vtp'.
[2026-08-04 18:28:53.473] [warning] Couldn't find file 'sacrum.vtp'.
[2026-08-04 18:28:53.473] [warning] Couldn't find file 'femur_l.vtp'.
[2026-08-04 18:28:53.474] [warning] Couldn't find file 'femur_r.vtp'.
[2026-08-04 18:28:53.474] [warning] Couldn't find file 'tibia_l.vtp'.
[2026-08-04 18:28:53.474] [warning] Couldn't find file 'l_fibula.vtp'.
[2026-08-04 18:28:53.474] [warning] Couldn't find file 'tibia_r.vtp'.
[2026-08-04 18:28:53.474] [warning] Couldn't find file 'r_fibula.vtp'.
[2026-08-04 18:28:53.474] [warning] Couldn't find file 'l_talus.vtp'.
[2026-08-04 18:28:53.475] [warning] Couldn't find file 'r_talus.vtp'.
[2026-08-04 18:28:53.475] [warning] Couldn't find file 'l_foot.vtp'.
[2026-08-04 18:28:53.475] [warning] Couldn't find file 'r_foot.vtp'.
[2026-08-04 18:28:53.475] [warning] Couldn't find file 'l_bofoot.vtp'.
[2026-08-04 18:28:53.476] [warning] Couldn't find file 'r_bofoot.vtp'.
[2026-08-04 18:28:53.476] [warning] Couldn't find file 'hat_spine.vtp'.
[2026-08-04 18:28:53.476] [warning] Couldn't find file 'hat_jaw.vtp'.
[2026-08-04 18:28:53.477] [warning] Couldn't find file 'hat_skull.vtp'.
[2026-08-04 18:28:53.477] [warning] Couldn't find file 'hat_ribs_scap.vtp'.
[2026-08-04 18:28:53.497] [info] Loaded model 2D_gait from file C:\GBW_MyPrograms\PredSim\Subjects\gait1018\gait1018.osim
[2026-08-04 18:28:53.497] [warning] Couldn't find file 'r_pelvis.vtp'.
[2026-08-04 18:28:53.497] [warning] Couldn't find file 'l_pelvis.vtp'.
[2026-08-04 18:28:53.498] [warning] Couldn't find file 'sacrum.vtp'.
[2026-08-04 18:28:53.498] [warning] Couldn't find file 'femur_l.vtp'.
[2026-08-04 18:28:53.498] [warning] Couldn't find file 'femur_r.vtp'.
[2026-08-04 18:28:53.498] [warning] Couldn't find file 'tibia_l.vtp'.
[2026-08-04 18:28:53.498] [warning] Couldn't find file 'l_fibula.vtp'.
[2026-08-04 18:28:53.498] [warning] Couldn't find file 'tibia_r.vtp'.
[2026-08-04 18:28:53.498] [warning] Couldn't find file 'r_fibula.vtp'.
[2026-08-04 18:28:53.498] [warning] Couldn't find file 'l_talus.vtp'.
[2026-08-04 18:28:53.499] [warning] Couldn't find file 'r_talus.vtp'.
[2026-08-04 18:28:53.499] [warning] Couldn't find file 'l_foot.vtp'.
[2026-08-04 18:28:53.499] [warning] Couldn't find file 'r_foot.vtp'.
[2026-08-04 18:28:53.499] [warning] Couldn't find file 'l_bofoot.vtp'.
[2026-08-04 18:28:53.499] [warning] Couldn't find file 'r_bofoot.vtp'.
[2026-08-04 18:28:53.499] [warning] Couldn't find file 'hat_spine.vtp'.
[2026-08-04 18:28:53.499] [warning] Couldn't find file 'hat_jaw.vtp'.
[2026-08-04 18:28:53.499] [warning] Couldn't find file 'hat_skull.vtp'.
[2026-08-04 18:28:53.499] [warning] Couldn't find file 'hat_ribs_scap.vtp'.
[2026-08-04 18:28:53.529] [info] Loaded model 2D_gait from file C:\GBW_MyPrograms\PredSim\Subjects\gait1018\gait1018.osim
[2026-08-04 18:28:53.529] [warning] Couldn't find file 'r_pelvis.vtp'.
[2026-08-04 18:28:53.529] [warning] Couldn't find file 'l_pelvis.vtp'.
[2026-08-04 18:28:53.529] [warning] Couldn't find file 'sacrum.vtp'.
[2026-08-04 18:28:53.529] [warning] Couldn't find file 'femur_l.vtp'.
[2026-08-04 18:28:53.529] [warning] Couldn't find file 'femur_r.vtp'.
[2026-08-04 18:28:53.530] [warning] Couldn't find file 'tibia_l.vtp'.
[2026-08-04 18:28:53.530] [warning] Couldn't find file 'l_fibula.vtp'.
[2026-08-04 18:28:53.530] [warning] Couldn't find file 'tibia_r.vtp'.
[2026-08-04 18:28:53.530] [warning] Couldn't find file 'r_fibula.vtp'.
[2026-08-04 18:28:53.530] [warning] Couldn't find file 'l_talus.vtp'.
[2026-08-04 18:28:53.530] [warning] Couldn't find file 'r_talus.vtp'.
[2026-08-04 18:28:53.530] [warning] Couldn't find file 'l_foot.vtp'.
[2026-08-04 18:28:53.530] [warning] Couldn't find file 'r_foot.vtp'.
[2026-08-04 18:28:53.530] [warning] Couldn't find file 'l_bofoot.vtp'.
[2026-08-04 18:28:53.530] [warning] Couldn't find file 'r_bofoot.vtp'.
[2026-08-04 18:28:53.530] [warning] Couldn't find file 'hat_spine.vtp'.
[2026-08-04 18:28:53.530] [warning] Couldn't find file 'hat_jaw.vtp'.
[2026-08-04 18:28:53.531] [warning] Couldn't find file 'hat_skull.vtp'.
[2026-08-04 18:28:53.531] [warning] Couldn't find file 'hat_ribs_scap.vtp'.
[2026-08-04 18:28:53.547] [info] Loaded model 2D_gait from file C:\GBW_MyPrograms\PredSim\Subjects\gait1018\gait1018.osim
[2026-08-04 18:28:53.547] [warning] Couldn't find file 'r_pelvis.vtp'.
[2026-08-04 18:28:53.547] [warning] Couldn't find file 'l_pelvis.vtp'.
[2026-08-04 18:28:53.547] [warning] Couldn't find file 'sacrum.vtp'.
[2026-08-04 18:28:53.547] [warning] Couldn't find file 'femur_l.vtp'.
[2026-08-04 18:28:53.548] [warning] Couldn't find file 'femur_r.vtp'.
[2026-08-04 18:28:53.548] [warning] Couldn't find file 'tibia_l.vtp'.
[2026-08-04 18:28:53.548] [warning] Couldn't find file 'l_fibula.vtp'.
[2026-08-04 18:28:53.548] [warning] Couldn't find file 'tibia_r.vtp'.
[2026-08-04 18:28:53.548] [warning] Couldn't find file 'r_fibula.vtp'.
[2026-08-04 18:28:53.548] [warning] Couldn't find file 'l_talus.vtp'.
[2026-08-04 18:28:53.548] [warning] Couldn't find file 'r_talus.vtp'.
[2026-08-04 18:28:53.548] [warning] Couldn't find file 'l_foot.vtp'.
[2026-08-04 18:28:53.548] [warning] Couldn't find file 'r_foot.vtp'.
[2026-08-04 18:28:53.548] [warning] Couldn't find file 'l_bofoot.vtp'.
[2026-08-04 18:28:53.548] [warning] Couldn't find file 'r_bofoot.vtp'.
[2026-08-04 18:28:53.548] [warning] Couldn't find file 'hat_spine.vtp'.
[2026-08-04 18:28:53.548] [warning] Couldn't find file 'hat_jaw.vtp'.
[2026-08-04 18:28:53.548] [warning] Couldn't find file 'hat_skull.vtp'.
[2026-08-04 18:28:53.549] [warning] Couldn't find file 'hat_ribs_scap.vtp'.
[2026-08-04 18:28:53.580] [info] Loaded model 2D_gait from file C:\GBW_MyPrograms\PredSim\Subjects\gait1018\gait1018.osim
[2026-08-04 18:28:53.581] [warning] Couldn't find file 'r_pelvis.vtp'.
[2026-08-04 18:28:53.581] [warning] Couldn't find file 'l_pelvis.vtp'.
[2026-08-04 18:28:53.581] [warning] Couldn't find file 'sacrum.vtp'.
[2026-08-04 18:28:53.581] [warning] Couldn't find file 'femur_l.vtp'.
[2026-08-04 18:28:53.581] [warning] Couldn't find file 'femur_r.vtp'.
[2026-08-04 18:28:53.581] [warning] Couldn't find file 'tibia_l.vtp'.
[2026-08-04 18:28:53.581] [warning] Couldn't find file 'l_fibula.vtp'.
[2026-08-04 18:28:53.581] [warning] Couldn't find file 'tibia_r.vtp'.
[2026-08-04 18:28:53.581] [warning] Couldn't find file 'r_fibula.vtp'.
[2026-08-04 18:28:53.582] [warning] Couldn't find file 'l_talus.vtp'.
[2026-08-04 18:28:53.582] [warning] Couldn't find file 'r_talus.vtp'.
[2026-08-04 18:28:53.582] [warning] Couldn't find file 'l_foot.vtp'.
[2026-08-04 18:28:53.582] [warning] Couldn't find file 'r_foot.vtp'.
[2026-08-04 18:28:53.582] [warning] Couldn't find file 'l_bofoot.vtp'.
[2026-08-04 18:28:53.582] [warning] Couldn't find file 'r_bofoot.vtp'.
[2026-08-04 18:28:53.582] [warning] Couldn't find file 'hat_spine.vtp'.
[2026-08-04 18:28:53.582] [warning] Couldn't find file 'hat_jaw.vtp'.
[2026-08-04 18:28:53.582] [warning] Couldn't find file 'hat_skull.vtp'.
[2026-08-04 18:28:53.582] [warning] Couldn't find file 'hat_ribs_scap.vtp'.
[2026-08-04 18:28:53.595] [info] Loaded model 2D_gait from file C:\GBW_MyPrograms\PredSim\Subjects\gait1018\gait1018.osim
[2026-08-04 18:28:53.595] [warning] Couldn't find file 'r_pelvis.vtp'.
[2026-08-04 18:28:53.595] [warning] Couldn't find file 'l_pelvis.vtp'.
[2026-08-04 18:28:53.595] [warning] Couldn't find file 'sacrum.vtp'.
[2026-08-04 18:28:53.595] [warning] Couldn't find file 'femur_l.vtp'.
[2026-08-04 18:28:53.596] [warning] Couldn't find file 'femur_r.vtp'.
[2026-08-04 18:28:53.596] [warning] Couldn't find file 'tibia_l.vtp'.
[2026-08-04 18:28:53.596] [warning] Couldn't find file 'l_fibula.vtp'.
[2026-08-04 18:28:53.596] [warning] Couldn't find file 'tibia_r.vtp'.
[2026-08-04 18:28:53.596] [warning] Couldn't find file 'r_fibula.vtp'.
[2026-08-04 18:28:53.596] [warning] Couldn't find file 'l_talus.vtp'.
[2026-08-04 18:28:53.596] [warning] Couldn't find file 'r_talus.vtp'.
[2026-08-04 18:28:53.596] [warning] Couldn't find file 'l_foot.vtp'.
[2026-08-04 18:28:53.596] [warning] Couldn't find file 'r_foot.vtp'.
[2026-08-04 18:28:53.596] [warning] Couldn't find file 'l_bofoot.vtp'.
[2026-08-04 18:28:53.596] [warning] Couldn't find file 'r_bofoot.vtp'.
[2026-08-04 18:28:53.596] [warning] Couldn't find file 'hat_spine.vtp'.
[2026-08-04 18:28:53.596] [warning] Couldn't find file 'hat_jaw.vtp'.
[2026-08-04 18:28:53.596] [warning] Couldn't find file 'hat_skull.vtp'.
[2026-08-04 18:28:53.596] [warning] Couldn't find file 'hat_ribs_scap.vtp'.
[2026-08-04 18:28:53.779] [info] Loaded model 2D_gait from file C:\GBW_MyPrograms\PredSim\Subjects\gait1018\gait1018.osim
[2026-08-04 18:28:53.779] [warning] Couldn't find file 'r_pelvis.vtp'.
[2026-08-04 18:28:53.779] [warning] Couldn't find file 'l_pelvis.vtp'.
[2026-08-04 18:28:53.779] [warning] Couldn't find file 'sacrum.vtp'.
[2026-08-04 18:28:53.779] [warning] Couldn't find file 'femur_l.vtp'.
[2026-08-04 18:28:53.779] [warning] Couldn't find file 'femur_r.vtp'.
[2026-08-04 18:28:53.780] [warning] Couldn't find file 'tibia_l.vtp'.
[2026-08-04 18:28:53.780] [warning] Couldn't find file 'l_fibula.vtp'.
[2026-08-04 18:28:53.780] [warning] Couldn't find file 'tibia_r.vtp'.
[2026-08-04 18:28:53.780] [warning] Couldn't find file 'r_fibula.vtp'.
[2026-08-04 18:28:53.780] [warning] Couldn't find file 'l_talus.vtp'.
[2026-08-04 18:28:53.780] [warning] Couldn't find file 'r_talus.vtp'.
[2026-08-04 18:28:53.780] [warning] Couldn't find file 'l_foot.vtp'.
[2026-08-04 18:28:53.780] [warning] Couldn't find file 'r_foot.vtp'.
[2026-08-04 18:28:53.780] [warning] Couldn't find file 'l_bofoot.vtp'.
[2026-08-04 18:28:53.780] [warning] Couldn't find file 'r_bofoot.vtp'.
[2026-08-04 18:28:53.780] [warning] Couldn't find file 'hat_spine.vtp'.
[2026-08-04 18:28:53.780] [warning] Couldn't find file 'hat_jaw.vtp'.
[2026-08-04 18:28:53.780] [warning] Couldn't find file 'hat_skull.vtp'.
[2026-08-04 18:28:53.780] [warning] Couldn't find file 'hat_ribs_scap.vtp'.
[2026-08-04 18:28:53.801] [info] Loaded model 2D_gait from file C:\GBW_MyPrograms\PredSim\Subjects\gait1018\gait1018.osim
[2026-08-04 18:28:53.801] [warning] Couldn't find file 'r_pelvis.vtp'.
[2026-08-04 18:28:53.801] [warning] Couldn't find file 'l_pelvis.vtp'.
[2026-08-04 18:28:53.802] [warning] Couldn't find file 'sacrum.vtp'.
[2026-08-04 18:28:53.802] [warning] Couldn't find file 'femur_l.vtp'.
[2026-08-04 18:28:53.802] [warning] Couldn't find file 'femur_r.vtp'.
[2026-08-04 18:28:53.802] [warning] Couldn't find file 'tibia_l.vtp'.
[2026-08-04 18:28:53.802] [warning] Couldn't find file 'l_fibula.vtp'.
[2026-08-04 18:28:53.802] [warning] Couldn't find file 'tibia_r.vtp'.
[2026-08-04 18:28:53.802] [warning] Couldn't find file 'r_fibula.vtp'.
[2026-08-04 18:28:53.802] [warning] Couldn't find file 'l_talus.vtp'.
[2026-08-04 18:28:53.802] [warning] Couldn't find file 'r_talus.vtp'.
[2026-08-04 18:28:53.802] [warning] Couldn't find file 'l_foot.vtp'.
[2026-08-04 18:28:53.802] [warning] Couldn't find file 'r_foot.vtp'.
[2026-08-04 18:28:53.802] [warning] Couldn't find file 'l_bofoot.vtp'.
[2026-08-04 18:28:53.802] [warning] Couldn't find file 'r_bofoot.vtp'.
[2026-08-04 18:28:53.802] [warning] Couldn't find file 'hat_spine.vtp'.
[2026-08-04 18:28:53.802] [warning] Couldn't find file 'hat_jaw.vtp'.
[2026-08-04 18:28:53.803] [warning] Couldn't find file 'hat_skull.vtp'.
[2026-08-04 18:28:53.803] [warning] Couldn't find file 'hat_ribs_scap.vtp'.
[2026-08-04 18:29:04.867] [info] Loaded model 2D_gait from file C:\GBW_MyPrograms\PredSim\Subjects\gait1018\gait1018.osim
[2026-08-04 18:29:04.867] [warning] Couldn't find file 'r_pelvis.vtp'.
[2026-08-04 18:29:04.867] [warning] Couldn't find file 'l_pelvis.vtp'.
[2026-08-04 18:29:04.867] [warning] Couldn't find file 'sacrum.vtp'.
[2026-08-04 18:29:04.867] [warning] Couldn't find file 'femur_l.vtp'.
[2026-08-04 18:29:04.867] [warning] Couldn't find file 'femur_r.vtp'.
[2026-08-04 18:29:04.867] [warning] Couldn't find file 'tibia_l.vtp'.
[2026-08-04 18:29:04.867] [warning] Couldn't find file 'l_fibula.vtp'.
[2026-08-04 18:29:04.868] [warning] Couldn't find file 'tibia_r.vtp'.
[2026-08-04 18:29:04.868] [warning] Couldn't find file 'r_fibula.vtp'.
[2026-08-04 18:29:04.868] [warning] Couldn't find file 'l_talus.vtp'.
[2026-08-04 18:29:04.868] [warning] Couldn't find file 'r_talus.vtp'.
[2026-08-04 18:29:04.868] [warning] Couldn't find file 'l_foot.vtp'.
[2026-08-04 18:29:04.868] [warning] Couldn't find file 'r_foot.vtp'.
[2026-08-04 18:29:04.868] [warning] Couldn't find file 'l_bofoot.vtp'.
[2026-08-04 18:29:04.868] [warning] Couldn't find file 'r_bofoot.vtp'.
[2026-08-04 18:29:04.868] [warning] Couldn't find file 'hat_spine.vtp'.
[2026-08-04 18:29:04.868] [warning] Couldn't find file 'hat_jaw.vtp'.
[2026-08-04 18:29:04.868] [warning] Couldn't find file 'hat_skull.vtp'.
[2026-08-04 18:29:04.868] [warning] Couldn't find file 'hat_ribs_scap.vtp'.
[2026-08-04 18:29:04.881] [info] Loaded model 2D_gait from file C:\GBW_MyPrograms\PredSim\Subjects\gait1018\gait1018.osim
[2026-08-04 18:29:04.881] [warning] Couldn't find file 'r_pelvis.vtp'.
[2026-08-04 18:29:04.881] [warning] Couldn't find file 'l_pelvis.vtp'.
[2026-08-04 18:29:04.881] [warning] Couldn't find file 'sacrum.vtp'.
[2026-08-04 18:29:04.881] [warning] Couldn't find file 'femur_l.vtp'.
[2026-08-04 18:29:04.881] [warning] Couldn't find file 'femur_r.vtp'.
[2026-08-04 18:29:04.881] [warning] Couldn't find file 'tibia_l.vtp'.
[2026-08-04 18:29:04.882] [warning] Couldn't find file 'l_fibula.vtp'.
[2026-08-04 18:29:04.882] [warning] Couldn't find file 'tibia_r.vtp'.
[2026-08-04 18:29:04.882] [warning] Couldn't find file 'r_fibula.vtp'.
[2026-08-04 18:29:04.882] [warning] Couldn't find file 'l_talus.vtp'.
[2026-08-04 18:29:04.882] [warning] Couldn't find file 'r_talus.vtp'.
[2026-08-04 18:29:04.882] [warning] Couldn't find file 'l_foot.vtp'.
[2026-08-04 18:29:04.882] [warning] Couldn't find file 'r_foot.vtp'.
[2026-08-04 18:29:04.882] [warning] Couldn't find file 'l_bofoot.vtp'.
[2026-08-04 18:29:04.882] [warning] Couldn't find file 'r_bofoot.vtp'.
[2026-08-04 18:29:04.882] [warning] Couldn't find file 'hat_spine.vtp'.
[2026-08-04 18:29:04.882] [warning] Couldn't find file 'hat_jaw.vtp'.
[2026-08-04 18:29:04.882] [warning] Couldn't find file 'hat_skull.vtp'.
[2026-08-04 18:29:04.882] [warning] Couldn't find file 'hat_ribs_scap.vtp'.
[2026-08-04 18:29:04.894] [info] Loaded model 2D_gait from file C:\GBW_MyPrograms\PredSim\Subjects\gait1018\gait1018.osim
[2026-08-04 18:29:04.894] [warning] Couldn't find file 'r_pelvis.vtp'.
[2026-08-04 18:29:04.894] [warning] Couldn't find file 'l_pelvis.vtp'.
[2026-08-04 18:29:04.894] [warning] Couldn't find file 'sacrum.vtp'.
[2026-08-04 18:29:04.894] [warning] Couldn't find file 'femur_l.vtp'.
[2026-08-04 18:29:04.894] [warning] Couldn't find file 'femur_r.vtp'.
[2026-08-04 18:29:04.894] [warning] Couldn't find file 'tibia_l.vtp'.
[2026-08-04 18:29:04.894] [warning] Couldn't find file 'l_fibula.vtp'.
[2026-08-04 18:29:04.895] [warning] Couldn't find file 'tibia_r.vtp'.
[2026-08-04 18:29:04.895] [warning] Couldn't find file 'r_fibula.vtp'.
[2026-08-04 18:29:04.895] [warning] Couldn't find file 'l_talus.vtp'.
[2026-08-04 18:29:04.895] [warning] Couldn't find file 'r_talus.vtp'.
[2026-08-04 18:29:04.895] [warning] Couldn't find file 'l_foot.vtp'.
[2026-08-04 18:29:04.895] [warning] Couldn't find file 'r_foot.vtp'.
[2026-08-04 18:29:04.895] [warning] Couldn't find file 'l_bofoot.vtp'.
[2026-08-04 18:29:04.895] [warning] Couldn't find file 'r_bofoot.vtp'.
[2026-08-04 18:29:04.895] [warning] Couldn't find file 'hat_spine.vtp'.
[2026-08-04 18:29:04.895] [warning] Couldn't find file 'hat_jaw.vtp'.
[2026-08-04 18:29:04.895] [warning] Couldn't find file 'hat_skull.vtp'.
[2026-08-04 18:29:04.895] [warning] Couldn't find file 'hat_ribs_scap.vtp'.
[2026-08-04 18:29:04.911] [info] Loaded model 2D_gait from file C:\GBW_MyPrograms\PredSim\Subjects\gait1018\gait1018.osim
[2026-08-04 18:29:04.911] [warning] Couldn't find file 'r_pelvis.vtp'.
[2026-08-04 18:29:04.911] [warning] Couldn't find file 'l_pelvis.vtp'.
[2026-08-04 18:29:04.911] [warning] Couldn't find file 'sacrum.vtp'.
[2026-08-04 18:29:04.911] [warning] Couldn't find file 'femur_l.vtp'.
[2026-08-04 18:29:04.911] [warning] Couldn't find file 'femur_r.vtp'.
[2026-08-04 18:29:04.911] [warning] Couldn't find file 'tibia_l.vtp'.
[2026-08-04 18:29:04.911] [warning] Couldn't find file 'l_fibula.vtp'.
[2026-08-04 18:29:04.911] [warning] Couldn't find file 'tibia_r.vtp'.
[2026-08-04 18:29:04.911] [warning] Couldn't find file 'r_fibula.vtp'.
[2026-08-04 18:29:04.911] [warning] Couldn't find file 'l_talus.vtp'.
[2026-08-04 18:29:04.912] [warning] Couldn't find file 'r_talus.vtp'.
[2026-08-04 18:29:04.912] [warning] Couldn't find file 'l_foot.vtp'.
[2026-08-04 18:29:04.912] [warning] Couldn't find file 'r_foot.vtp'.
[2026-08-04 18:29:04.912] [warning] Couldn't find file 'l_bofoot.vtp'.
[2026-08-04 18:29:04.912] [warning] Couldn't find file 'r_bofoot.vtp'.
[2026-08-04 18:29:04.912] [warning] Couldn't find file 'hat_spine.vtp'.
[2026-08-04 18:29:04.912] [warning] Couldn't find file 'hat_jaw.vtp'.
[2026-08-04 18:29:04.912] [warning] Couldn't find file 'hat_skull.vtp'.
[2026-08-04 18:29:04.912] [warning] Couldn't find file 'hat_ribs_scap.vtp'.
[2026-08-04 18:29:04.924] [info] Loaded model 2D_gait from file C:\GBW_MyPrograms\PredSim\Subjects\gait1018\gait1018.osim
[2026-08-04 18:29:04.925] [warning] Couldn't find file 'r_pelvis.vtp'.
[2026-08-04 18:29:04.925] [warning] Couldn't find file 'l_pelvis.vtp'.
[2026-08-04 18:29:04.925] [warning] Couldn't find file 'sacrum.vtp'.
[2026-08-04 18:29:04.925] [warning] Couldn't find file 'femur_l.vtp'.
[2026-08-04 18:29:04.925] [warning] Couldn't find file 'femur_r.vtp'.
[2026-08-04 18:29:04.925] [warning] Couldn't find file 'tibia_l.vtp'.
[2026-08-04 18:29:04.925] [warning] Couldn't find file 'l_fibula.vtp'.
[2026-08-04 18:29:04.925] [warning] Couldn't find file 'tibia_r.vtp'.
[2026-08-04 18:29:04.925] [warning] Couldn't find file 'r_fibula.vtp'.
[2026-08-04 18:29:04.925] [warning] Couldn't find file 'l_talus.vtp'.
[2026-08-04 18:29:04.925] [warning] Couldn't find file 'r_talus.vtp'.
[2026-08-04 18:29:04.925] [warning] Couldn't find file 'l_foot.vtp'.
[2026-08-04 18:29:04.925] [warning] Couldn't find file 'r_foot.vtp'.
[2026-08-04 18:29:04.925] [warning] Couldn't find file 'l_bofoot.vtp'.
[2026-08-04 18:29:04.925] [warning] Couldn't find file 'r_bofoot.vtp'.
[2026-08-04 18:29:04.926] [warning] Couldn't find file 'hat_spine.vtp'.
[2026-08-04 18:29:04.926] [warning] Couldn't find file 'hat_jaw.vtp'.
[2026-08-04 18:29:04.926] [warning] Couldn't find file 'hat_skull.vtp'.
[2026-08-04 18:29:04.926] [warning] Couldn't find file 'hat_ribs_scap.vtp'.
[2026-08-04 18:29:04.959] [info] Loaded model 2D_gait from file C:\GBW_MyPrograms\PredSim\Subjects\gait1018\gait1018.osim
[2026-08-04 18:29:04.959] [warning] Couldn't find file 'r_pelvis.vtp'.
[2026-08-04 18:29:04.959] [warning] Couldn't find file 'l_pelvis.vtp'.
[2026-08-04 18:29:04.959] [warning] Couldn't find file 'sacrum.vtp'.
[2026-08-04 18:29:04.959] [warning] Couldn't find file 'femur_l.vtp'.
[2026-08-04 18:29:04.959] [warning] Couldn't find file 'femur_r.vtp'.
[2026-08-04 18:29:04.959] [warning] Couldn't find file 'tibia_l.vtp'.
[2026-08-04 18:29:04.959] [warning] Couldn't find file 'l_fibula.vtp'.
[2026-08-04 18:29:04.959] [warning] Couldn't find file 'tibia_r.vtp'.
[2026-08-04 18:29:04.959] [warning] Couldn't find file 'r_fibula.vtp'.
[2026-08-04 18:29:04.960] [warning] Couldn't find file 'l_talus.vtp'.
[2026-08-04 18:29:04.960] [warning] Couldn't find file 'r_talus.vtp'.
[2026-08-04 18:29:04.960] [warning] Couldn't find file 'l_foot.vtp'.
[2026-08-04 18:29:04.960] [warning] Couldn't find file 'r_foot.vtp'.
[2026-08-04 18:29:04.960] [warning] Couldn't find file 'l_bofoot.vtp'.
[2026-08-04 18:29:04.960] [warning] Couldn't find file 'r_bofoot.vtp'.
[2026-08-04 18:29:04.960] [warning] Couldn't find file 'hat_spine.vtp'.
[2026-08-04 18:29:04.960] [warning] Couldn't find file 'hat_jaw.vtp'.
[2026-08-04 18:29:04.960] [warning] Couldn't find file 'hat_skull.vtp'.
[2026-08-04 18:29:04.960] [warning] Couldn't find file 'hat_ribs_scap.vtp'.
[2026-08-04 18:29:04.975] [info] Loaded model 2D_gait from file C:\GBW_MyPrograms\PredSim\Subjects\gait1018\gait1018.osim
[2026-08-04 18:29:04.975] [warning] Couldn't find file 'r_pelvis.vtp'.
[2026-08-04 18:29:04.975] [warning] Couldn't find file 'l_pelvis.vtp'.
[2026-08-04 18:29:04.975] [warning] Couldn't find file 'sacrum.vtp'.
[2026-08-04 18:29:04.975] [warning] Couldn't find file 'femur_l.vtp'.
[2026-08-04 18:29:04.976] [warning] Couldn't find file 'femur_r.vtp'.
[2026-08-04 18:29:04.976] [warning] Couldn't find file 'tibia_l.vtp'.
[2026-08-04 18:29:04.976] [warning] Couldn't find file 'l_fibula.vtp'.
[2026-08-04 18:29:04.976] [warning] Couldn't find file 'tibia_r.vtp'.
[2026-08-04 18:29:04.976] [warning] Couldn't find file 'r_fibula.vtp'.
[2026-08-04 18:29:04.976] [warning] Couldn't find file 'l_talus.vtp'.
[2026-08-04 18:29:04.976] [warning] Couldn't find file 'r_talus.vtp'.
[2026-08-04 18:29:04.976] [warning] Couldn't find file 'l_foot.vtp'.
[2026-08-04 18:29:04.976] [warning] Couldn't find file 'r_foot.vtp'.
[2026-08-04 18:29:04.976] [warning] Couldn't find file 'l_bofoot.vtp'.
[2026-08-04 18:29:04.976] [warning] Couldn't find file 'r_bofoot.vtp'.
[2026-08-04 18:29:04.976] [warning] Couldn't find file 'hat_spine.vtp'.
[2026-08-04 18:29:04.976] [warning] Couldn't find file 'hat_jaw.vtp'.
[2026-08-04 18:29:04.976] [warning] Couldn't find file 'hat_skull.vtp'.
[2026-08-04 18:29:04.976] [warning] Couldn't find file 'hat_ribs_scap.vtp'.
[2026-08-04 18:29:05.017] [info] Loaded model 2D_gait from file C:\GBW_MyPrograms\PredSim\Subjects\gait1018\gait1018.osim
[2026-08-04 18:29:05.017] [warning] Couldn't find file 'r_pelvis.vtp'.
[2026-08-04 18:29:05.017] [warning] Couldn't find file 'l_pelvis.vtp'.
[2026-08-04 18:29:05.017] [warning] Couldn't find file 'sacrum.vtp'.
[2026-08-04 18:29:05.017] [warning] Couldn't find file 'femur_l.vtp'.
[2026-08-04 18:29:05.018] [warning] Couldn't find file 'femur_r.vtp'.
[2026-08-04 18:29:05.018] [warning] Couldn't find file 'tibia_l.vtp'.
[2026-08-04 18:29:05.018] [warning] Couldn't find file 'l_fibula.vtp'.
[2026-08-04 18:29:05.018] [warning] Couldn't find file 'tibia_r.vtp'.
[2026-08-04 18:29:05.018] [warning] Couldn't find file 'r_fibula.vtp'.
[2026-08-04 18:29:05.018] [warning] Couldn't find file 'l_talus.vtp'.
[2026-08-04 18:29:05.018] [warning] Couldn't find file 'r_talus.vtp'.
[2026-08-04 18:29:05.018] [warning] Couldn't find file 'l_foot.vtp'.
[2026-08-04 18:29:05.018] [warning] Couldn't find file 'r_foot.vtp'.
[2026-08-04 18:29:05.018] [warning] Couldn't find file 'l_bofoot.vtp'.
[2026-08-04 18:29:05.018] [warning] Couldn't find file 'r_bofoot.vtp'.
[2026-08-04 18:29:05.018] [warning] Couldn't find file 'hat_spine.vtp'.
[2026-08-04 18:29:05.018] [warning] Couldn't find file 'hat_jaw.vtp'.
[2026-08-04 18:29:05.018] [warning] Couldn't find file 'hat_skull.vtp'.
[2026-08-04 18:29:05.018] [warning] Couldn't find file 'hat_ribs_scap.vtp'.
[2026-08-04 18:29:05.032] [info] Loaded model 2D_gait from file C:\GBW_MyPrograms\PredSim\Subjects\gait1018\gait1018.osim
[2026-08-04 18:29:05.033] [warning] Couldn't find file 'r_pelvis.vtp'.
[2026-08-04 18:29:05.033] [warning] Couldn't find file 'l_pelvis.vtp'.
[2026-08-04 18:29:05.033] [warning] Couldn't find file 'sacrum.vtp'.
[2026-08-04 18:29:05.033] [warning] Couldn't find file 'femur_l.vtp'.
[2026-08-04 18:29:05.033] [warning] Couldn't find file 'femur_r.vtp'.
[2026-08-04 18:29:05.033] [warning] Couldn't find file 'tibia_l.vtp'.
[2026-08-04 18:29:05.033] [warning] Couldn't find file 'l_fibula.vtp'.
[2026-08-04 18:29:05.033] [warning] Couldn't find file 'tibia_r.vtp'.
[2026-08-04 18:29:05.033] [warning] Couldn't find file 'r_fibula.vtp'.
[2026-08-04 18:29:05.033] [warning] Couldn't find file 'l_talus.vtp'.
[2026-08-04 18:29:05.034] [warning] Couldn't find file 'r_talus.vtp'.
[2026-08-04 18:29:05.034] [warning] Couldn't find file 'l_foot.vtp'.
[2026-08-04 18:29:05.034] [warning] Couldn't find file 'r_foot.vtp'.
[2026-08-04 18:29:05.034] [warning] Couldn't find file 'l_bofoot.vtp'.
[2026-08-04 18:29:05.034] [warning] Couldn't find file 'r_bofoot.vtp'.
[2026-08-04 18:29:05.034] [warning] Couldn't find file 'hat_spine.vtp'.
[2026-08-04 18:29:05.034] [warning] Couldn't find file 'hat_jaw.vtp'.
[2026-08-04 18:29:05.034] [warning] Couldn't find file 'hat_skull.vtp'.
[2026-08-04 18:29:05.034] [warning] Couldn't find file 'hat_ribs_scap.vtp'.
[2026-08-04 18:29:05.222] [info] Loaded model 2D_gait from file C:\GBW_MyPrograms\PredSim\Subjects\gait1018\gait1018.osim
[2026-08-04 18:29:05.222] [warning] Couldn't find file 'r_pelvis.vtp'.
[2026-08-04 18:29:05.222] [warning] Couldn't find file 'l_pelvis.vtp'.
[2026-08-04 18:29:05.222] [warning] Couldn't find file 'sacrum.vtp'.
[2026-08-04 18:29:05.222] [warning] Couldn't find file 'femur_l.vtp'.
[2026-08-04 18:29:05.222] [warning] Couldn't find file 'femur_r.vtp'.
[2026-08-04 18:29:05.222] [warning] Couldn't find file 'tibia_l.vtp'.
[2026-08-04 18:29:05.222] [warning] Couldn't find file 'l_fibula.vtp'.
[2026-08-04 18:29:05.222] [warning] Couldn't find file 'tibia_r.vtp'.
[2026-08-04 18:29:05.222] [warning] Couldn't find file 'r_fibula.vtp'.
[2026-08-04 18:29:05.222] [warning] Couldn't find file 'l_talus.vtp'.
[2026-08-04 18:29:05.223] [warning] Couldn't find file 'r_talus.vtp'.
[2026-08-04 18:29:05.223] [warning] Couldn't find file 'l_foot.vtp'.
[2026-08-04 18:29:05.223] [warning] Couldn't find file 'r_foot.vtp'.
[2026-08-04 18:29:05.223] [warning] Couldn't find file 'l_bofoot.vtp'.
[2026-08-04 18:29:05.223] [warning] Couldn't find file 'r_bofoot.vtp'.
[2026-08-04 18:29:05.223] [warning] Couldn't find file 'hat_spine.vtp'.
[2026-08-04 18:29:05.223] [warning] Couldn't find file 'hat_jaw.vtp'.
[2026-08-04 18:29:05.223] [warning] Couldn't find file 'hat_skull.vtp'.
[2026-08-04 18:29:05.223] [warning] Couldn't find file 'hat_ribs_scap.vtp'.
[2026-08-04 18:29:05.243] [info] Loaded model 2D_gait from file C:\GBW_MyPrograms\PredSim\Subjects\gait1018\gait1018.osim
[2026-08-04 18:29:05.243] [warning] Couldn't find file 'r_pelvis.vtp'.
[2026-08-04 18:29:05.243] [warning] Couldn't find file 'l_pelvis.vtp'.
[2026-08-04 18:29:05.243] [warning] Couldn't find file 'sacrum.vtp'.
[2026-08-04 18:29:05.243] [warning] Couldn't find file 'femur_l.vtp'.
[2026-08-04 18:29:05.243] [warning] Couldn't find file 'femur_r.vtp'.
[2026-08-04 18:29:05.243] [warning] Couldn't find file 'tibia_l.vtp'.
[2026-08-04 18:29:05.243] [warning] Couldn't find file 'l_fibula.vtp'.
[2026-08-04 18:29:05.243] [warning] Couldn't find file 'tibia_r.vtp'.
[2026-08-04 18:29:05.243] [warning] Couldn't find file 'r_fibula.vtp'.
[2026-08-04 18:29:05.243] [warning] Couldn't find file 'l_talus.vtp'.
[2026-08-04 18:29:05.244] [warning] Couldn't find file 'r_talus.vtp'.
[2026-08-04 18:29:05.244] [warning] Couldn't find file 'l_foot.vtp'.
[2026-08-04 18:29:05.244] [warning] Couldn't find file 'r_foot.vtp'.
[2026-08-04 18:29:05.244] [warning] Couldn't find file 'l_bofoot.vtp'.
[2026-08-04 18:29:05.244] [warning] Couldn't find file 'r_bofoot.vtp'.
[2026-08-04 18:29:05.244] [warning] Couldn't find file 'hat_spine.vtp'.
[2026-08-04 18:29:05.244] [warning] Couldn't find file 'hat_jaw.vtp'.
[2026-08-04 18:29:05.244] [warning] Couldn't find file 'hat_skull.vtp'.
[2026-08-04 18:29:05.244] [warning] Couldn't find file 'hat_ribs_scap.vtp'.
